fap,Tension ,Ann√©e
A0Z40,-0.4791055290320578,2011
A0Z41,-0.04639498512603697,2011
A0Z42,0.3583341842731398,2011
A0Z43,0.3846373759508719,2011
A1Z40,-0.2211835519003288,2011
A1Z41,-0.6583854885049503,2011
A1Z42,-0.1751032408979552,2011
A2Z70,-0.1710911798234911,2011
A2Z90,-0.4629693848469664,2011
A3Z40,0.1923098818056426,2011
A3Z41,-0.3269765014038944,2011
A3Z90,-0.4424069908335148,2011
B0Z20,-0.5162998138059088,2011
B0Z21,-0.1809327164864796,2011
B1Z40,-0.00220511295126653,2011
B2Z40,0.3038270206171125,2011
B2Z41,0.8907413378145274,2011
B2Z42,0.9551553315139283,2011
B2Z43,1.059357983926132,2011
B2Z44,1.322849964591262,2011
B3Z20,-0.3960152433338792,2011
B4Z41,0.646806538225445,2011
B4Z42,0.6938451595459885,2011
B4Z43,0.2510047447548194,2011
B4Z44,0.3670347161587244,2011
B5Z40,0.05831135701958762,2011
B6Z70,0.3552151141783981,2011
B6Z71,0.6383247676394349,2011
B6Z72,0.9184230133514689,2011
B6Z73,0.6884278576133686,2011
B7Z90,0.007187790568493856,2011
B7Z91,2.133623803972477,2011
C0Z20,-0.007109826737004311,2011
C1Z40,0.2709641817760106,2011
C2Z70,0.7193825336657251,2011
C2Z71,1.554922477003447,2011
C2Z80,0.7205673750997332,2011
D0Z20,0.3020644620439106,2011
D1Z40,1.47331999802369,2011
D1Z41,0.9957678083937828,2011
D2Z40,1.075688372105175,2011
D2Z41,1.325622047054115,2011
D2Z42,0.3444704336460355,2011
D3Z20,-0.03046947576441775,2011
D4Z40,0.6146320789125899,2011
D4Z41,0.742214478445621,2011
D6Z70,1.871346652317505,2011
D6Z71,0.9764150092487993,2011
D6Z80,1.430319068393255,2011
E0Z20,-0.6488497929444793,2011
E0Z21,-0.2064459684793609,2011
E0Z22,-0.819510015538,2011
E0Z23,-0.4183550219643793,2011
E0Z24,-1.139104389517822,2011
E1Z40,0.7806527396937383,2011
E1Z41,-0.3107440277868056,2011
E1Z42,-0.274959047929595,2011
E1Z43,0.1263097070930567,2011
E1Z44,-0.06596266398898498,2011
E1Z46,-0.8943198851444458,2011
E1Z47,-0.2302124155856085,2011
E2Z70,-0.02930962218243402,2011
E2Z80,0.08253605803730665,2011
F0Z20,-0.1369812736759846,2011
F1Z40,-0.03650616277826099,2011
F1Z41,0.07528842980800377,2011
F2Z20,-0.4284811432235051,2011
F3Z41,0.7030247805721866,2011
F4Z20,-0.4009045340670214,2011
F4Z41,0.2357271925831894,2011
F5Z70,0.1902281607413588,2011
G0A40,0.3634093052464966,2011
G0A41,0.5661743837624256,2011
G0A42,0.5795135837579489,2011
G0A43,-0.2932202114590234,2011
G0B40,0.8368535203437887,2011
G0B41,0.9032922985856007,2011
G1Z70,0.3336607500922278,2011
G1Z71,1.180273497948084,2011
G1Z80,-0.3167513199356445,2011
H0Z90,0.983967954650534,2011
H0Z91,0.3518936359609927,2011
H0Z92,0.6105515338307076,2011
J0Z20,-0.7010389297677299,2011
J1Z40,-0.5760028700270026,2011
J1Z80,-0.1711643642927961,2011
J3Z40,0.1675427149149493,2011
J3Z41,0.3348809360676839,2011
J3Z42,-0.1711239007247848,2011
J3Z43,0.1937446767238485,2011
J3Z44,-1.23262053890133,2011
J4Z40,0.8387635074127823,2011
J4Z60,0.1733808954026668,2011
J4Z80,0.03927595431097589,2011
J5Z60,-0.8668228476420019,2011
J5Z61,-0.4858713768022196,2011
J5Z62,-0.6358749859486701,2011
J5Z80,-0.228257755111923,2011
J6Z90,-0.3698063541322275,2011
J6Z91,-0.1037020513600173,2011
J6Z92,0.5360179864490859,2011
L0Z60,-0.821600311105946,2011
L1Z60,-0.4456614963374354,2011
L2Z60,-0.8197070898337988,2011
L2Z61,-0.9633176656914056,2011
L3Z80,-0.4769802501494274,2011
L4Z80,-0.3157579603795235,2011
L4Z81,0.06366452169331188,2011
L5Z90,0.06088546385500032,2011
L5Z91,-0.4636871712713635,2011
L5Z92,-0.426915242230846,2011
M0Z60,-0.4462536207553235,2011
M1Z80,0.6964915759311173,2011
M1Z81,-0.3728782540033994,2011
M2Z90,1.544785370529439,2011
M2Z91,0.6694728583582723,2011
M2Z92,-0.00800354583967644,2011
N0Z90,0.5682964254389605,2011
N0Z91,-0.6238631551263502,2011
Q0Z60,-0.9928772896061293,2011
Q1Z80,-0.6543725951738185,2011
Q1Z81,0.009447029516860384,2011
Q2Z90,-0.7135771599197787,2011
Q2Z91,-0.2597418173007576,2011
R0Z60,-1.004282940751777,2011
R0Z61,-1.264604486001071,2011
R1Z60,-0.381260410129761,2011
R1Z61,-0.2529114461265024,2011
R1Z62,-0.6089074302509165,2011
R1Z63,-0.1384108202265424,2011
R1Z67,0.5903413031884528,2011
R2Z80,0.4816913846883331,2011
R2Z83,1.226893630459146,2011
R3Z80,0.3669992364456421,2011
R3Z82,-0.2213239150724346,2011
R4Z90,-0.03068711350227241,2011
R4Z91,0.9642255345593703,2011
R4Z92,0.1578017968951469,2011
R4Z93,0.6784741895130485,2011
S0Z20,0.2021845481395606,2011
S0Z40,1.18152367418809,2011
S0Z41,0.8007773597254468,2011
S0Z42,0.5192891413699133,2011
S1Z20,-0.2529549694644514,2011
S1Z40,0.748310103975444,2011
S1Z80,0.7773002947640133,2011
S2Z60,-0.2774906804804823,2011
S2Z61,0.0643927965351067,2011
S2Z80,0.04139121535972268,2011
S2Z81,-0.1978534293479228,2011
S3Z90,0.09847629431829473,2011
T0Z60,0.2480280025121312,2011
T1Z60,0.1630119506201777,2011
T2A60,0.5480347277166767,2011
T2B60,-0.001682093104350191,2011
T3Z60,-0.4398842143695224,2011
T3Z61,0.01299826881703539,2011
T4Z60,-0.7314940801689905,2011
T4Z61,-0.9910933417308005,2011
T4Z62,-0.7472994502103761,2011
T6Z61,-0.6544634623868815,2011
U0Z80,-0.3538652471942924,2011
U0Z81,-0.5392735057191347,2011
U0Z90,-0.4206429713824552,2011
U0Z91,-0.5612205648248123,2011
U0Z92,-0.7260408191179331,2011
U1Z80,-1.083432469815043,2011
U1Z81,-0.1023610726387116,2011
U1Z82,-0.3109777779210886,2011
U1Z91,-1.192822492242715,2011
U1Z92,-1.463423169910496,2011
U1Z93,-0.7165520891055068,2011
V0Z60,0.1549615187235075,2011
V1Z80,0.7957985943815612,2011
V1Z81,-0.3893219968501998,2011
V3Z70,0.08840774881368324,2011
V3Z71,-0.1769588268576176,2011
V3Z80,1.60664383127218,2011
V3Z90,-0.4699461659584752,2011
V4Z80,-0.7513531328013179,2011
V4Z83,-0.3920972843282689,2011
V4Z85,-0.5505190238373601,2011
V5Z81,-0.2870988097455625,2011
V5Z82,0.0713478863965521,2011
V5Z84,-0.3385277480712337,2011
W1Z80,0.1082534528057546,2011
A0Z40,-0.2950779358651311,2012
A0Z41,0.1266229325913888,2012
A0Z42,0.6123820466680199,2012
A0Z43,0.4105862742435925,2012
A1Z40,-0.2405845053266921,2012
A1Z41,-0.5760050172446401,2012
A1Z42,-0.2168702783212239,2012
A2Z70,0.004665758502835002,2012
A2Z90,-0.1081149397687334,2012
A3Z40,0.6922262032397539,2012
A3Z41,0.2543268596171273,2012
A3Z90,0.854400929861736,2012
B0Z20,-0.3353255660038832,2012
B0Z21,0.222193489262483,2012
B1Z40,0.4006526483749169,2012
B2Z40,0.3291943713297207,2012
B2Z41,0.8489880020795479,2012
B2Z42,1.184586824342522,2012
B2Z43,0.9075886461128355,2012
B2Z44,1.209006934664692,2012
B3Z20,0.03327180293939877,2012
B4Z41,0.6714210596192989,2012
B4Z42,0.8078352406225141,2012
B4Z43,0.3657843927168917,2012
B4Z44,0.4762240561607077,2012
B5Z40,0.3669189115240088,2012
B6Z70,0.2606233248009282,2012
B6Z71,0.5114345952654705,2012
B6Z72,1.071533420996389,2012
B6Z73,0.8756183569126544,2012
B7Z90,0.576952946993442,2012
B7Z91,2.004636704303523,2012
C0Z20,-0.2773822883869359,2012
C1Z40,0.5436350793085168,2012
C2Z70,0.5415526483283905,2012
C2Z71,1.784012403946854,2012
C2Z80,1.135362679240311,2012
D0Z20,0.462493095688134,2012
D1Z40,1.726835532692328,2012
D1Z41,1.19069782229286,2012
D2Z40,1.21687922337748,2012
D2Z41,1.392198414761963,2012
D2Z42,0.9288690497533549,2012
D3Z20,0.181625779687095,2012
D4Z40,0.6047526799130969,2012
D4Z41,0.8873772488953485,2012
D6Z70,2.241244227305256,2012
D6Z71,1.566493569677801,2012
D6Z80,0.6000281447484056,2012
E0Z20,-0.773708625942132,2012
E0Z21,-0.08314805898760462,2012
E0Z22,-0.4620098179729628,2012
E0Z23,-0.3331352137606559,2012
E0Z24,-0.5627433184497124,2012
E1Z40,0.4086380576722125,2012
E1Z41,-0.1211817563430973,2012
E1Z42,-0.03858979262536254,2012
E1Z43,-0.002053001160086249,2012
E1Z44,0.9647609224479237,2012
E1Z46,-0.6015446208244782,2012
E1Z47,0.2786104766574354,2012
E2Z70,0.5163597512815858,2012
E2Z80,0.6617512580958258,2012
F0Z20,-0.3187084745731073,2012
F1Z40,0.9013986048703422,2012
F1Z41,0.02853040085716041,2012
F2Z20,0.2929511356730682,2012
F3Z41,0.90093253819663,2012
F4Z20,0.08300767818844362,2012
F4Z41,0.7460511739343898,2012
F5Z70,0.422164277506739,2012
G0A40,0.7747661366185985,2012
G0A41,0.6877350594389608,2012
G0A42,0.03617455953011151,2012
G0A43,-0.2905980743147993,2012
G0B40,1.3178968824136,2012
G0B41,0.9431784518438933,2012
G1Z70,0.9266878727694957,2012
G1Z71,0.6373632811797294,2012
G1Z80,-0.2072903339431875,2012
H0Z90,0.6764941456651027,2012
H0Z91,0.4168187868088099,2012
H0Z92,0.5319383309095715,2012
J0Z20,-0.8161542458870472,2012
J1Z40,-0.4393383662192458,2012
J1Z80,0.2576100376925243,2012
J3Z40,0.5496581386567239,2012
J3Z41,0.4691029062656544,2012
J3Z42,-0.4280601805807442,2012
J3Z43,0.3680938002909475,2012
J3Z44,-0.927518295375712,2012
J4Z40,0.380198800345833,2012
J4Z60,0.4483141360814258,2012
J4Z80,0.1336578074920708,2012
J5Z60,-0.6232336117289955,2012
J5Z61,-0.07260081532869753,2012
J5Z62,-0.4935993563907696,2012
J5Z80,0.2290148543382995,2012
J6Z90,0.4870150733452101,2012
J6Z91,-1.459826507501217,2012
J6Z92,0.8113292226155477,2012
L0Z60,-0.6380015837627939,2012
L1Z60,-0.1962067432604463,2012
L2Z60,-0.8341522937169845,2012
L2Z61,-1.044806505857392,2012
L3Z80,-0.062967678233038,2012
L4Z80,-0.1147614924960203,2012
L4Z81,0.1570789051978279,2012
L5Z90,0.1840683490141713,2012
L5Z91,-0.1817938096701849,2012
L5Z92,-0.2635142630279588,2012
M0Z60,-0.01028970263225305,2012
M1Z80,1.147683468571045,2012
M1Z81,-0.08510245177918148,2012
M2Z90,1.800352414132758,2012
M2Z91,1.042601809584013,2012
M2Z92,0.1791258166600808,2012
N0Z90,0.6950468051173209,2012
N0Z91,-0.4054003674041131,2012
Q0Z60,-0.8152985123356207,2012
Q1Z80,-0.9365070839284773,2012
Q1Z81,0.3471800348624379,2012
Q2Z90,-0.7354385718229043,2012
Q2Z91,-0.1956372910474686,2012
R0Z60,-0.8103371885052317,2012
R0Z61,-1.090393447450046,2012
R1Z60,-0.06563438566065692,2012
R1Z61,-0.2414096524451179,2012
R1Z62,-0.5841135982533543,2012
R1Z63,0.5185195086728278,2012
R1Z67,0.4203835870528762,2012
R2Z80,0.3200018293550072,2012
R2Z83,1.338721913160448,2012
R3Z80,0.04775782746565843,2012
R3Z82,-0.06109328846739141,2012
R4Z90,-0.03182976178007389,2012
R4Z91,1.274180713856543,2012
R4Z92,-0.1859776913756427,2012
R4Z93,0.9258068931537194,2012
S0Z20,0.5234675354571583,2012
S0Z40,1.293974755865506,2012
S0Z41,1.269143324631501,2012
S0Z42,0.6918346887125921,2012
S1Z20,-0.2526088785265988,2012
S1Z40,0.8068729951157617,2012
S1Z80,0.9509755160415948,2012
S2Z60,0.3020017674306667,2012
S2Z61,0.2535013552299777,2012
S2Z80,0.3569362748768248,2012
S2Z81,0.494472410986979,2012
S3Z90,0.1661056061535421,2012
T0Z60,0.6196392236991319,2012
T1Z60,0.3258123456495943,2012
T2A60,0.7260385151896681,2012
T2B60,0.02143529811337036,2012
T3Z60,-0.4517769331134393,2012
T3Z61,0.0764732243557775,2012
T4Z60,-0.5422586819845046,2012
T4Z61,-1.054395646648924,2012
T4Z62,-0.7003928591627278,2012
T6Z61,-0.4916542661793384,2012
U0Z80,-0.0491458604484622,2012
U0Z81,0.2892408536682904,2012
U0Z90,-0.3281584711302423,2012
U0Z91,-0.190860471402591,2012
U0Z92,-0.4013972230781288,2012
U1Z80,-0.8765013383727173,2012
U1Z81,0.2633302385102822,2012
U1Z82,-0.06890404027165489,2012
U1Z91,-0.8482781028783117,2012
U1Z92,-0.08873413321160756,2012
U1Z93,-0.5149301297031892,2012
V0Z60,0.113569688624051,2012
V1Z80,0.7895507660296054,2012
V1Z81,0.04053142627529158,2012
V3Z70,0.09522240112513913,2012
V3Z71,0.3474936046700595,2012
V3Z80,1.745911917164288,2012
V3Z90,-0.1111481088509934,2012
V4Z80,-0.3282086151368738,2012
V4Z83,-0.4667721503111038,2012
V4Z85,-0.1813002082182858,2012
V5Z81,-0.09330955014468707,2012
V5Z82,0.2215197346069632,2012
V5Z84,-0.1224340871516816,2012
W1Z80,0.3984162165518794,2012
A0Z40,-0.431239111612418,2013
A0Z41,-0.0440177680503225,2013
A0Z42,0.35127930851215,2013
A0Z43,0.6287383055836108,2013
A1Z40,-0.3290257370813411,2013
A1Z41,-0.6245366441425821,2013
A1Z42,-0.4449883462048725,2013
A2Z70,0.07285283276621735,2013
A2Z90,-0.3431428947870309,2013
A3Z40,-0.08597608799365203,2013
A3Z41,0.08407450770957087,2013
A3Z90,0.4168095180261044,2013
B0Z20,-0.4545784807125528,2013
B0Z21,0.130996704806808,2013
B1Z40,-0.3109492611213764,2013
B2Z40,0.11869966842539,2013
B2Z41,0.6514155023795756,2013
B2Z42,1.007383082449389,2013
B2Z43,0.8117012539442455,2013
B2Z44,1.187280401792246,2013
B3Z20,-0.004443326841776174,2013
B4Z41,0.7904123101036455,2013
B4Z42,0.7770099250822586,2013
B4Z43,0.3167791834055018,2013
B4Z44,0.4940287114872289,2013
B5Z40,0.4975956948893493,2013
B6Z70,0.9600462449531496,2013
B6Z71,0.424217248279615,2013
B6Z72,1.061869876448792,2013
B6Z73,0.7852573604084935,2013
B7Z90,0.205898334240185,2013
B7Z91,1.172969666763139,2013
C0Z20,-0.5318752904728232,2013
C1Z40,-0.06971371483625063,2013
C2Z70,0.4451895968863261,2013
C2Z71,1.565542779181389,2013
C2Z80,0.4041901609091415,2013
D0Z20,0.5835851087412485,2013
D1Z40,1.44773808094071,2013
D1Z41,1.245966889038426,2013
D2Z40,1.15677267563827,2013
D2Z41,1.336623222489488,2013
D2Z42,0.2114328504045875,2013
D3Z20,0.3699388409009541,2013
D4Z40,0.6275691860167467,2013
D4Z41,0.6879955887901904,2013
D6Z70,2.2953437725706,2013
D6Z71,1.517078487253633,2013
D6Z80,1.117904377540831,2013
E0Z20,-0.623890954329309,2013
E0Z21,-0.1048866337412753,2013
E0Z22,-0.5196982693850818,2013
E0Z23,0.4359018218057903,2013
E0Z24,-0.7884999689536961,2013
E1Z40,0.1629121142618501,2013
E1Z41,0.1141232473959367,2013
E1Z42,-0.3249155908564181,2013
E1Z43,-0.8479022000259798,2013
E1Z44,0.3844028079973504,2013
E1Z46,-0.3153249448972669,2013
E1Z47,-0.03830652788392611,2013
E2Z70,0.1128477897331344,2013
E2Z80,-0.1648496563589544,2013
F0Z20,-0.3428591921278347,2013
F1Z40,0.1697215873425355,2013
F1Z41,0.9979265549446609,2013
F2Z20,0.1431181300049353,2013
F3Z41,0.7750032810186318,2013
F4Z20,-0.1868867451273307,2013
F4Z41,0.7505905363157594,2013
F5Z70,0.4110066855028407,2013
G0A40,0.5169725789990586,2013
G0A41,0.534952257304943,2013
G0A42,-0.06282348215136874,2013
G0A43,-0.212610126292856,2013
G0B40,0.9941686186144064,2013
G0B41,0.6687950780517855,2013
G1Z70,0.1112729701065695,2013
G1Z71,1.24248148584707,2013
G1Z80,0.509436531341765,2013
H0Z90,0.8419651200185285,2013
H0Z91,0.2936989475263871,2013
H0Z92,0.3492217980211089,2013
J0Z20,-0.8023492677832645,2013
J1Z40,-0.786322969353944,2013
J1Z80,0.09912939274885657,2013
J3Z40,0.491767994353273,2013
J3Z41,0.5391459585850875,2013
J3Z42,-0.558669231997631,2013
J3Z43,0.2801843071718285,2013
J3Z44,-1.272400367232087,2013
J4Z40,0.2028514838683378,2013
J4Z60,-1.470600805180329,2013
J4Z80,-0.1317622460629081,2013
J5Z60,-0.715905524508176,2013
J5Z61,-0.2704053718106035,2013
J5Z62,-0.4456273918360847,2013
J5Z80,-0.03764233506011447,2013
J6Z90,-0.3628321443100565,2013
J6Z91,0.1607193791358131,2013
J6Z92,0.4682203096373909,2013
L0Z60,-0.6380614291575333,2013
L1Z60,-0.2164568141163949,2013
L2Z60,-0.9766639602885181,2013
L2Z61,-1.076649213026474,2013
L3Z80,-0.3831836013282328,2013
L4Z80,-0.549081754038211,2013
L4Z81,0.2141604698929537,2013
L5Z90,-0.1032884583701436,2013
L5Z91,-0.2102280271720565,2013
L5Z92,-0.1528301506287712,2013
M0Z60,0.2759419895826063,2013
M1Z80,1.003931955775959,2013
M1Z81,0.1640695056299141,2013
M2Z90,1.683064921627748,2013
M2Z91,0.2767338661541228,2013
M2Z92,1.073497269832587,2013
N0Z90,0.6614243760578894,2013
N0Z91,-0.4475421530390209,2013
Q0Z60,-0.9167273938567627,2013
Q1Z80,-0.5941084388617532,2013
Q1Z81,0.4171000855402477,2013
Q2Z90,-0.3232137079985537,2013
Q2Z91,-0.05579209781342914,2013
R0Z60,-0.9279662616022734,2013
R0Z61,-1.214668991049481,2013
R1Z60,-0.3980107461969556,2013
R1Z61,-0.2585949214198819,2013
R1Z62,-0.6119844631554964,2013
R1Z63,-0.1351579216483937,2013
R1Z67,0.06711660407360379,2013
R2Z80,0.4583009343161754,2013
R2Z83,1.290343219420891,2013
R3Z80,0.03606313949742415,2013
R3Z82,-0.4419531196956647,2013
R4Z90,0.1227301962488583,2013
R4Z91,1.216905592880194,2013
R4Z92,-0.1734887676677402,2013
R4Z93,1.106646120104849,2013
S0Z20,0.6510033492612044,2013
S0Z40,0.9504349559625189,2013
S0Z41,0.8061939035771242,2013
S0Z42,0.5673376483760112,2013
S1Z20,-0.2357896257145843,2013
S1Z40,0.7138213361941292,2013
S1Z80,0.8001121800526545,2013
S2Z60,0.1909458531889816,2013
S2Z61,0.1061283057248402,2013
S2Z80,0.3504341233776779,2013
S2Z81,0.3834927564390475,2013
S3Z90,0.1548562199343652,2013
T0Z60,0.2147454837432448,2013
T1Z60,0.2971805350066553,2013
T2A60,0.6561037656038811,2013
T2B60,0.5040373106309955,2013
T3Z60,-0.560756191196881,2013
T3Z61,0.1798712863924036,2013
T4Z60,-0.6569983635748229,2013
T4Z61,-1.039214354871115,2013
T4Z62,-0.8389634653573079,2013
T6Z61,-0.6078338336762661,2013
U0Z80,-0.1506523877940419,2013
U0Z81,0.0734383923787936,2013
U0Z90,-0.1147980499925209,2013
U0Z91,-0.8031101624104352,2013
U0Z92,-0.2861973577797565,2013
U1Z80,-1.017033983082367,2013
U1Z81,0.1225894705326321,2013
U1Z82,-0.2626407075161318,2013
U1Z91,-0.9876607062870155,2013
U1Z92,-0.06681179933398795,2013
U1Z93,-0.3790526697895755,2013
V0Z60,-0.002907931230161504,2013
V1Z80,-0.0141227346831287,2013
V1Z81,-0.5412098661445597,2013
V3Z70,0.2152110639345428,2013
V3Z71,0.279028483208338,2013
V3Z80,1.396879269522941,2013
V3Z90,-0.2329777644422304,2013
V4Z80,-0.6770319483547085,2013
V4Z83,-0.29377080981374,2013
V4Z85,-0.4184933840990713,2013
V5Z81,-0.1454218187056645,2013
V5Z82,0.154282099756366,2013
V5Z84,-0.19696071266971,2013
W1Z80,0.1576897395547683,2013
A0Z40,-0.6146352088617597,2014
A0Z41,-0.2470917957965267,2014
A0Z42,0.3775603971691249,2014
A0Z43,0.05642883481148213,2014
A1Z40,-0.5308211078739867,2014
A1Z41,-0.7826814357328709,2014
A1Z42,-0.721996136248235,2014
A2Z70,0.07732338598095401,2014
A2Z90,-0.3825604391396517,2014
A3Z40,0.08779493394613169,2014
A3Z41,-0.2832497455370343,2014
A3Z90,0.167686962923872,2014
B0Z20,-0.9824194072485909,2014
B0Z21,-0.2273899974871691,2014
B1Z40,-0.2468775658214523,2014
B2Z40,-0.07011405744613114,2014
B2Z41,0.7931252603987529,2014
B2Z42,0.7906545020834821,2014
B2Z43,0.7661840016128643,2014
B2Z44,0.8158421980504165,2014
B3Z20,-0.179081482066983,2014
B4Z41,0.3145601858890756,2014
B4Z42,0.3448149787937246,2014
B4Z43,0.03896558117254137,2014
B4Z44,0.3354660560730983,2014
B5Z40,-0.04624221088336161,2014
B6Z70,0.417794921568006,2014
B6Z71,0.5347277867702882,2014
B6Z72,0.5540079623828168,2014
B6Z73,0.6466628524471036,2014
B7Z90,-0.04884629359384163,2014
B7Z91,1.015740968632706,2014
C0Z20,-0.338124103502502,2014
C1Z40,-0.03060044170226457,2014
C2Z70,0.3134732334455828,2014
C2Z71,1.003807890972873,2014
C2Z80,0.2879614467971713,2014
D0Z20,0.1252065238403798,2014
D1Z40,1.287905000862872,2014
D1Z41,0.9993280760497092,2014
D2Z40,1.159297333544313,2014
D2Z41,0.8751818709178603,2014
D2Z42,0.7018376509265889,2014
D3Z20,-0.4288670121683259,2014
D4Z40,0.03873259655297469,2014
D4Z41,0.3464322024316225,2014
D6Z70,2.275714934988717,2014
D6Z71,1.006474784093227,2014
D6Z80,0.8382690663353856,2014
E0Z20,-0.870352774729652,2014
E0Z21,-0.5937427795144116,2014
E0Z22,-0.6099505145571882,2014
E0Z23,-0.7574724153374962,2014
E0Z24,-0.9818740243342028,2014
E1Z40,0.071961075486457,2014
E1Z41,-0.2387631303244628,2014
E1Z42,-0.4118654064360008,2014
E1Z43,-0.243871951198672,2014
E1Z44,0.1585278364204129,2014
E1Z46,-0.4881641022940269,2014
E1Z47,0.1317694664880947,2014
E2Z70,0.4165735792046906,2014
E2Z80,0.3256598516774336,2014
F0Z20,-0.5907487637806245,2014
F1Z40,0.2107671254806422,2014
F1Z41,0.4438375791121969,2014
F2Z20,-0.3229303594024062,2014
F3Z41,0.2137542657989874,2014
F4Z20,-0.639499709984653,2014
F4Z41,0.5532074942352215,2014
F5Z70,0.2163150820523455,2014
G0A40,0.2811535264759825,2014
G0A41,0.3070773626950223,2014
G0A42,0.6109219789078233,2014
G0A43,-0.5561648940285584,2014
G0B40,0.5945219157507053,2014
G0B41,0.7290279809744074,2014
G1Z70,0.856148805406787,2014
G1Z71,0.2052046490689176,2014
G1Z80,-0.6228590300090585,2014
H0Z90,0.4316443633674321,2014
H0Z91,0.288968493449945,2014
H0Z92,0.549420353576904,2014
J0Z20,-0.9721842243030117,2014
J1Z40,-0.8750268889384545,2014
J1Z80,-0.4459590696805444,2014
J3Z40,0.2618042666251309,2014
J3Z41,-0.001331766265426054,2014
J3Z42,-0.5835188265805947,2014
J3Z43,0.04477212337892995,2014
J3Z44,-1.449156706164344,2014
J4Z40,-0.4251540437191004,2014
J4Z60,-1.193189381967615,2014
J4Z80,-0.2353438319951716,2014
J5Z60,-0.641882674382044,2014
J5Z61,-0.001100252045303909,2014
J5Z62,-0.8125560320254397,2014
J5Z80,-0.4352371123981972,2014
J6Z90,0.7803386539614274,2014
J6Z91,-0.1951253398093494,2014
J6Z92,0.7976378045472973,2014
L0Z60,-0.7316611771269854,2014
L1Z60,-0.4248478972485617,2014
L2Z60,-1.110166076443082,2014
L2Z61,-1.149260533096502,2014
L3Z80,-0.5118237226387208,2014
L4Z80,-0.4086968955906527,2014
L4Z81,0.3409238114887103,2014
L5Z90,-0.05318151613893271,2014
L5Z91,-0.4016086131375222,2014
L5Z92,-0.5145888739407062,2014
M0Z60,0.1378536943448139,2014
M1Z80,0.5284649647559976,2014
M1Z81,-0.2949381869334639,2014
M2Z90,1.579076406903074,2014
M2Z91,0.9708980624237962,2014
M2Z92,0.08429553073824536,2014
N0Z90,0.5713337837102087,2014
N0Z91,-0.5985550259843415,2014
Q0Z60,-0.9127973970100034,2014
Q1Z80,-1.10451914875911,2014
Q1Z81,0.02635583140548981,2014
Q2Z90,-1.190599747697855,2014
Q2Z91,0.2205159369094238,2014
R0Z60,-1.074372456338377,2014
R0Z61,-1.255524068496776,2014
R1Z60,-0.6996996015637076,2014
R1Z61,-0.6150999375966033,2014
R1Z62,-0.6975072734476561,2014
R1Z63,0.004818288697666151,2014
R1Z67,-0.147312080611136,2014
R2Z80,0.2544536811125789,2014
R2Z83,1.211605065602869,2014
R3Z80,0.1999531254651265,2014
R3Z82,-0.6636240482624878,2014
R4Z90,-0.06233730161072092,2014
R4Z91,1.020731301276059,2014
R4Z92,-0.1648934198047763,2014
R4Z93,0.5971982510643473,2014
S0Z20,0.1624612610946183,2014
S0Z40,0.6992401922027661,2014
S0Z41,0.9491448396873445,2014
S0Z42,0.1917256696607026,2014
S1Z20,-0.4857849753709678,2014
S1Z40,0.2485452664669142,2014
S1Z80,0.3753433855615844,2014
S2Z60,-0.1876522370705607,2014
S2Z61,-0.2021816933294025,2014
S2Z80,-0.1411355755225297,2014
S2Z81,-0.04261816506132554,2014
S3Z90,-0.1459674698823952,2014
T0Z60,0.2572718236524509,2014
T1Z60,-0.05770218942321351,2014
T2A60,0.6383951982090297,2014
T2B60,0.4016441146498524,2014
T3Z60,-0.6738380542971486,2014
T3Z61,-0.1692115477916497,2014
T4Z60,-0.7778030762667275,2014
T4Z61,-1.157606067330642,2014
T4Z62,-0.9836355598732346,2014
T6Z61,-0.9790842460861138,2014
U0Z80,-0.5492298367190944,2014
U0Z81,-0.6062192549055172,2014
U0Z90,-0.2700753600415298,2014
U0Z91,-0.5546568127627294,2014
U0Z92,-1.021263265106111,2014
U1Z80,-1.348997232587341,2014
U1Z81,0.2839865475803427,2014
U1Z82,-0.5561362255239379,2014
U1Z91,-1.374456832083328,2014
U1Z92,-0.09072639143665884,2014
U1Z93,-0.1901118368433885,2014
V0Z60,-0.2339994595578305,2014
V1Z80,-0.3832571666756109,2014
V1Z81,-0.4872930794765329,2014
V3Z70,-0.07178040006787866,2014
V3Z71,0.02413106899841269,2014
V3Z80,1.391671780114994,2014
V3Z90,-0.3387785834398013,2014
V4Z80,-0.8355712511492167,2014
V4Z83,-0.5238946626979826,2014
V4Z85,-0.7693636651596694,2014
V5Z81,-0.4293082463986044,2014
V5Z82,-0.08835226861298362,2014
V5Z84,-0.6134190788374354,2014
W1Z80,-0.3200861642842223,2014
A0Z40,-0.6919787380758653,2015
A0Z41,-0.0934832243777485,2015
A0Z42,0.2308091369092315,2015
A0Z43,0.02945939978041554,2015
A1Z40,-0.4613345909271071,2015
A1Z41,-0.9137307780336896,2015
A1Z42,-0.8657965197919931,2015
A2Z70,-0.4153039578364983,2015
A2Z90,-0.7680551455570942,2015
A3Z40,-0.7720041441045121,2015
A3Z41,-1.205347647945452,2015
A3Z90,0.0512877443054981,2015
B0Z20,-0.9162767832796989,2015
B0Z21,-0.4172495401897776,2015
B1Z40,-0.3110698217166946,2015
B2Z40,-0.3075998814181307,2015
B2Z41,0.5245619242123644,2015
B2Z42,0.4228046896189657,2015
B2Z43,0.3146395279051995,2015
B2Z44,0.9912940244420978,2015
B3Z20,-0.2679274464830526,2015
B4Z41,0.3302775895671906,2015
B4Z42,0.2914530907309025,2015
B4Z43,-0.07880600389001996,2015
B4Z44,0.007589624396570072,2015
B5Z40,-0.3362520525976315,2015
B6Z70,0.2406243661391755,2015
B6Z71,0.4069312987065373,2015
B6Z72,0.4334530810269343,2015
B6Z73,0.5512710482783466,2015
B7Z90,-0.2056007186727543,2015
B7Z91,0.6865358324639186,2015
C0Z20,-0.7946872991637871,2015
C1Z40,-0.3035570307392602,2015
C2Z70,0.004062332217291631,2015
C2Z71,1.775977748973609,2015
C2Z80,-0.3255770973630318,2015
D0Z20,0.1795394290038835,2015
D1Z40,1.750601327119417,2015
D1Z41,0.9026106042569284,2015
D2Z40,0.8361371738851545,2015
D2Z41,0.4597502933390948,2015
D2Z42,0.616124292998611,2015
D3Z20,-0.2976601858439331,2015
D4Z40,-0.0001931955709507383,2015
D4Z41,1.127747929331981,2015
D6Z70,2.114010569805048,2015
D6Z71,1.348722742777779,2015
D6Z80,1.225964758108946,2015
E0Z20,-0.7774402597216438,2015
E0Z21,-0.5213511642534301,2015
E0Z22,-0.6141599412412269,2015
E0Z23,-0.3140159809577082,2015
E0Z24,-1.095749764431364,2015
E1Z40,-0.1353499414599896,2015
E1Z41,-0.2625692653923979,2015
E1Z42,-0.143373435593619,2015
E1Z43,-0.4925954608058363,2015
E1Z44,-0.4220020129662936,2015
E1Z46,-0.7525451911642966,2015
E1Z47,-0.4456894726026753,2015
E2Z70,-0.1567748754020192,2015
E2Z80,-0.2354457730908467,2015
F0Z20,-0.7643927527466509,2015
F1Z40,0.3582376163862597,2015
F1Z41,0.47958198464862,2015
F2Z20,-0.1585208393925134,2015
F3Z41,0.1689466195096936,2015
F4Z20,0.1589214364672122,2015
F4Z41,-0.03825583773863231,2015
F5Z70,0.2474156674099589,2015
G0A40,0.464461097299979,2015
G0A41,0.2236856676312414,2015
G0A42,-0.3237642190239476,2015
G0A43,-0.7762088853080359,2015
G0B40,0.7823824739070672,2015
G0B41,0.8443409837785705,2015
G1Z70,0.6652431836720387,2015
G1Z71,0.5835804474091939,2015
G1Z80,-0.5323454032504717,2015
H0Z90,0.2947184554096805,2015
H0Z91,0.07760154341624445,2015
H0Z92,0.3564521093948683,2015
J0Z20,-0.9262909166223071,2015
J1Z40,-0.7969398605530532,2015
J1Z80,-0.4294357858657637,2015
J3Z40,-0.001830338625273847,2015
J3Z41,-0.06572825947983937,2015
J3Z42,-0.7280575664630081,2015
J3Z43,-0.1329932515271718,2015
J3Z44,-1.489086637173489,2015
J4Z40,-0.2197689136394068,2015
J4Z60,-1.077599091973013,2015
J4Z80,-0.09148080583227379,2015
J5Z60,-0.8708499282045403,2015
J5Z61,-0.5600936212723769,2015
J5Z62,-0.9187256904919658,2015
J5Z80,-0.76201422795297,2015
J6Z90,-0.3435374118271063,2015
J6Z91,-1.141145346477926,2015
J6Z92,0.4367267589113018,2015
L0Z60,-0.780800123251207,2015
L1Z60,-0.3514637166546037,2015
L2Z60,-0.9402112318014584,2015
L2Z61,-1.075584934036675,2015
L3Z80,-0.3997901382240391,2015
L4Z80,-0.3461205829820681,2015
L4Z81,0.1036031286356837,2015
L5Z90,-0.1314954235720935,2015
L5Z91,-0.5491896471157123,2015
L5Z92,-0.1695051180924762,2015
M0Z60,-0.2756519916831748,2015
M1Z80,0.5369381116558627,2015
M1Z81,-0.1442717399416555,2015
M2Z90,1.477742976341077,2015
M2Z91,1.59955703927824,2015
M2Z92,1.141335772667851,2015
N0Z90,0.1448256758049549,2015
N0Z91,-1.165923089163566,2015
Q0Z60,-0.5534604013355411,2015
Q1Z80,-1.072993449927437,2015
Q1Z81,0.06137930679722259,2015
Q2Z90,-0.9984827523684536,2015
Q2Z91,-0.2807319601483859,2015
R0Z60,-1.199136752906755,2015
R0Z61,-1.277618159906776,2015
R1Z60,-0.5491396280003278,2015
R1Z61,-0.6846020967212453,2015
R1Z62,-0.8040310173526906,2015
R1Z63,-0.5190830541483178,2015
R1Z67,0.191880049425291,2015
R2Z80,0.3451274332240776,2015
R2Z83,1.033935758459176,2015
R3Z80,-0.4704485135325154,2015
R3Z82,-0.719870159995877,2015
R4Z90,-0.2028070846109635,2015
R4Z91,0.699432142185296,2015
R4Z92,-0.4867809510907323,2015
R4Z93,0.8442363117727281,2015
S0Z20,0.05726409585445272,2015
S0Z40,0.6572159816419605,2015
S0Z41,0.8089571905358547,2015
S0Z42,0.2885323656753797,2015
S1Z20,-0.5581332516553237,2015
S1Z40,0.3336512451382305,2015
S1Z80,0.6437192829351411,2015
S2Z60,-0.2557338347408319,2015
S2Z61,-0.2920875000451162,2015
S2Z80,-0.01110648287184898,2015
S2Z81,-0.2666840031986691,2015
S3Z90,-0.3073530675140658,2015
T0Z60,0.2339414787263056,2015
T1Z60,0.06897691795067623,2015
T2A60,0.5333252320891698,2015
T2B60,-0.01740036994526925,2015
T3Z60,-0.8930818700969156,2015
T3Z61,-0.3137881815795646,2015
T4Z60,-0.9319672075914915,2015
T4Z61,-1.33949328236507,2015
T4Z62,-0.9702827055374738,2015
T6Z61,-0.9225862971268173,2015
U0Z80,-0.495014393068442,2015
U0Z81,0.3876661058753551,2015
U0Z90,-0.1308600458600317,2015
U0Z91,-0.8254447868790713,2015
U0Z92,-1.140854183614053,2015
U1Z80,-1.44395425135994,2015
U1Z81,-0.03745731388474088,2015
U1Z82,-0.5864554416979095,2015
U1Z91,-1.471505558397279,2015
U1Z92,-1.200487486327655,2015
U1Z93,0.270181638375472,2015
V0Z60,-0.3021593623794315,2015
V1Z80,-0.5258610494046836,2015
V1Z81,-1.05188771362734,2015
V3Z70,-0.0347849831999837,2015
V3Z71,0.1920152441706728,2015
V3Z80,1.02243705001019,2015
V3Z90,-0.7856027534344454,2015
V4Z80,-1.016829178093048,2015
V4Z83,-0.6956816368438773,2015
V4Z85,-0.8474781639883575,2015
V5Z81,-0.577304340139752,2015
V5Z82,-0.3006622747620021,2015
V5Z84,-0.9464727247527188,2015
W1Z80,-0.3628799394757464,2015
A0Z40,-0.6737183585892027,2016
A0Z41,-0.2114474149131727,2016
A0Z42,0.1260269735993043,2016
A0Z43,-0.1470632552830553,2016
A1Z40,-0.6001586284810088,2016
A1Z41,-0.9161385907220982,2016
A1Z42,-0.9601413706372948,2016
A2Z70,-0.4383378074160816,2016
A2Z90,-0.6328080619153309,2016
A3Z40,-0.5336334543427768,2016
A3Z41,-0.5444656908232267,2016
A3Z90,-0.3841495481628932,2016
B0Z20,-0.8338622069819406,2016
B0Z21,-0.4435286191793206,2016
B1Z40,-0.405149437421769,2016
B2Z40,-0.1101095405989632,2016
B2Z41,0.377941763718861,2016
B2Z42,0.1125418014859408,2016
B2Z43,0.9105874140600484,2016
B2Z44,0.9338298874980746,2016
B3Z20,-0.2955327415263578,2016
B4Z41,0.3632056913922875,2016
B4Z42,0.3229157846465873,2016
B4Z43,-0.01819321171135731,2016
B4Z44,-0.1786835416384817,2016
B5Z40,-0.08211658209493929,2016
B6Z70,0.2645499905149492,2016
B6Z71,0.2906389302388548,2016
B6Z72,0.482062932978354,2016
B6Z73,0.3965673683611291,2016
B7Z90,-0.2221419679667644,2016
B7Z91,1.104582654738545,2016
C0Z20,-0.4603309997686883,2016
C1Z40,-0.1626440866070944,2016
C2Z70,0.8287136187020453,2016
C2Z71,2.141398531773479,2016
C2Z80,0.1034556761148651,2016
D0Z20,0.2263444186524964,2016
D1Z40,1.880597201295319,2016
D1Z41,1.156837448622232,2016
D2Z40,0.721938399277045,2016
D2Z41,0.8540568235643446,2016
D2Z42,0.3871896678891098,2016
D3Z20,-0.237797332040891,2016
D4Z40,-0.2639973540895596,2016
D4Z41,1.076619083556486,2016
D6Z70,2.268049509169533,2016
D6Z71,1.181826397779388,2016
D6Z80,1.094559162508699,2016
E0Z20,-0.95406058734342,2016
E0Z21,-0.5627702044668896,2016
E0Z22,-0.5474248851959909,2016
E0Z23,-0.613314002766774,2016
E0Z24,-0.8882413923255961,2016
E1Z40,-0.3035809513067771,2016
E1Z41,-0.2517376166395999,2016
E1Z42,-0.6432043133515608,2016
E1Z43,-0.3776861670145434,2016
E1Z44,-0.1351837320944469,2016
E1Z46,-0.8010804969623799,2016
E1Z47,0.1473736456837375,2016
E2Z70,0.2843176869666134,2016
E2Z80,-0.1527302537871699,2016
F0Z20,-0.4499955582919282,2016
F1Z40,0.6001774903172625,2016
F1Z41,-0.1624325824803989,2016
F2Z20,-0.4746564647537855,2016
F3Z41,0.5559209330221124,2016
F4Z20,-0.4479287626853558,2016
F4Z41,0.0639368939675537,2016
F5Z70,-0.01919914495149437,2016
G0A40,0.2450612593673385,2016
G0A41,0.1910380152470269,2016
G0A42,-0.3894080586269834,2016
G0A43,-0.5355071384166494,2016
G0B40,0.7863526960534122,2016
G0B41,0.585340879485008,2016
G1Z70,0.6924530112338365,2016
G1Z71,0.6999666675583229,2016
G1Z80,-0.2237207758261497,2016
H0Z90,0.265513648287757,2016
H0Z91,0.07896581047037154,2016
H0Z92,0.2973074659945968,2016
J0Z20,-1.011603814475821,2016
J1Z40,-0.7697589763984347,2016
J1Z80,-0.2563449488613864,2016
J3Z40,0.3220916186145796,2016
J3Z41,0.09405800490912228,2016
J3Z42,-0.732989817898668,2016
J3Z43,0.1210925137108637,2016
J3Z44,-0.8682196117832275,2016
J4Z40,0.09508578811340657,2016
J4Z60,-1.212209097117542,2016
J4Z80,-0.7062222679367043,2016
J5Z60,-1.140201074207484,2016
J5Z61,-1.143845001166967,2016
J5Z62,-0.8341661006015004,2016
J5Z80,-0.372540316170595,2016
J6Z90,0.3804570205383898,2016
J6Z91,-0.1891207052940059,2016
J6Z92,0.850280415720907,2016
L0Z60,-0.7017370196242714,2016
L1Z60,-0.3485765431764141,2016
L2Z60,-0.9337309806979135,2016
L2Z61,-1.100852366138503,2016
L3Z80,-0.3211946166977844,2016
L4Z80,-0.08778278861278388,2016
L4Z81,0.4595111345115573,2016
L5Z90,0.1874376279764214,2016
L5Z91,-0.01384475895700537,2016
L5Z92,-0.3618204492283906,2016
M0Z60,0.02879684440680945,2016
M1Z80,0.3267939051779931,2016
M1Z81,-0.02282419144809954,2016
M2Z90,2.123120467106326,2016
M2Z91,1.607078184046622,2016
M2Z92,1.484099795571994,2016
N0Z90,0.314982674301129,2016
N0Z91,-0.8924634226411551,2016
Q0Z60,-0.8429918185525977,2016
Q1Z80,-0.4503456202242026,2016
Q1Z81,0.7675422384360036,2016
Q2Z90,-0.3701116497456523,2016
Q2Z91,0.624159905643262,2016
R0Z60,-1.078770003891088,2016
R0Z61,-1.324209274633253,2016
R1Z60,-0.5647552364986109,2016
R1Z61,-0.5660367784096422,2016
R1Z62,-0.8274595710682333,2016
R1Z63,-0.1609292248873979,2016
R1Z67,-0.1139602957539217,2016
R2Z80,0.3031745976817159,2016
R2Z83,1.182341171122546,2016
R3Z80,0.04151869939567726,2016
R3Z82,-0.2704790625824023,2016
R4Z90,-0.06845166039672572,2016
R4Z91,0.9859676908285222,2016
R4Z92,0.07561158886386146,2016
R4Z93,0.7128396650339506,2016
S0Z20,0.2119955570137302,2016
S0Z40,0.8296158101247043,2016
S0Z41,0.8879586318443766,2016
S0Z42,0.3465157473907761,2016
S1Z20,-0.5553038647617872,2016
S1Z40,0.3383826643548836,2016
S1Z80,0.670835443757733,2016
S2Z60,-0.2845969425364698,2016
S2Z61,-0.1860478527463192,2016
S2Z80,0.08495328150697462,2016
S2Z81,-0.370707244136013,2016
S3Z90,-0.1284172625420825,2016
T0Z60,0.2682109782112817,2016
T1Z60,-0.04798990415330312,2016
T2A60,0.556569802763965,2016
T2B60,0.3580923595236921,2016
T3Z60,-0.7101365149101384,2016
T3Z61,-0.2961815327846226,2016
T4Z60,-0.8752162435657914,2016
T4Z61,-1.267243372393014,2016
T4Z62,-1.074743886759279,2016
T6Z61,-0.8382378090684117,2016
U0Z80,-0.518840806833834,2016
U0Z81,-0.346244719507038,2016
U0Z90,-0.2540752178430917,2016
U0Z91,-0.6819322780663353,2016
U0Z92,-0.8070110891653903,2016
U1Z80,-1.44060658880328,2016
U1Z81,-0.504986202465306,2016
U1Z82,-0.5942395775503362,2016
U1Z91,-1.586133583152225,2016
U1Z92,-0.5991827693711723,2016
U1Z93,-0.6977104134027383,2016
V0Z60,-0.3928445451620291,2016
V1Z80,-0.4813137693759186,2016
V1Z81,-1.183265243565571,2016
V3Z70,0.02678385755521018,2016
V3Z71,0.2792905904951319,2016
V3Z80,1.273175751541301,2016
V3Z90,-0.4871439043866578,2016
V4Z80,-0.6134886895176834,2016
V4Z83,-0.5928005625815483,2016
V4Z85,-0.6492071369587976,2016
V5Z81,-0.6197894512690446,2016
V5Z82,-0.1387243584099465,2016
V5Z84,-0.9861458692922133,2016
W1Z80,-0.2471583432170404,2016
A0Z40,-0.5766575047189371,2017
A0Z41,-0.2729379422002177,2017
A0Z42,0.3422637785994752,2017
A0Z43,0.01846396547002917,2017
A1Z40,-0.4520603546772785,2017
A1Z41,-0.7229652420326885,2017
A1Z42,-0.7711387483107759,2017
A2Z70,-0.3498842874065256,2017
A2Z90,-0.2966026678664725,2017
A3Z40,0.1176148240956403,2017
A3Z41,-0.7992431202358624,2017
A3Z90,-0.3649578900368579,2017
B0Z20,-0.2557046715054089,2017
B0Z21,-0.1238877229032216,2017
B1Z40,-0.07324245939612745,2017
B2Z40,0.05458267941384631,2017
B2Z41,0.6634413344493109,2017
B2Z42,1.331413442693495,2017
B2Z43,1.365045732761572,2017
B2Z44,1.238992579557458,2017
B3Z20,0.1218828792082898,2017
B4Z41,0.6698180672415238,2017
B4Z42,0.6677900537536787,2017
B4Z43,0.3567082705618097,2017
B4Z44,0.1910489905644732,2017
B5Z40,0.1078915154489621,2017
B6Z70,1.638011846166439,2017
B6Z71,0.6600424355839413,2017
B6Z72,0.9314507744458393,2017
B6Z73,0.8419413305884889,2017
B7Z90,-0.1553647112272821,2017
B7Z91,2.322099562312169,2017
C0Z20,-0.2907189711067516,2017
C1Z40,0.4752160343011967,2017
C2Z70,1.44884928730352,2017
C2Z71,2.868218693436157,2017
C2Z80,0.6601620504989247,2017
D0Z20,0.6865178358347308,2017
D1Z40,2.182951080548478,2017
D1Z41,1.028508471030154,2017
D2Z40,0.9846546284863911,2017
D2Z41,1.298050704748758,2017
D2Z42,0.5184055009436239,2017
D3Z20,0.2082179443321242,2017
D4Z40,0.1626357943289273,2017
D4Z41,1.290359962789905,2017
D6Z70,2.326709635608615,2017
D6Z71,1.466217295100986,2017
D6Z80,0.6836146840005081,2017
E0Z20,-0.7354474477374361,2017
E0Z21,-0.2451309970531263,2017
E0Z22,-0.386004632417271,2017
E0Z23,-0.3496330250232709,2017
E0Z24,-0.685805436278326,2017
E1Z40,0.03955607729982502,2017
E1Z41,0.1912936756305956,2017
E1Z42,-0.3692155917694405,2017
E1Z43,0.2561591497439226,2017
E1Z44,0.2272929279551254,2017
E1Z46,-0.6569600348528749,2017
E1Z47,0.465910779693333,2017
E2Z70,0.3341296933385466,2017
E2Z80,0.4277456838370664,2017
F0Z20,-0.214355635429995,2017
F1Z40,0.5547763498367237,2017
F1Z41,0.346987045844465,2017
F2Z20,0.151250341218113,2017
F3Z41,0.5678685074596108,2017
F4Z20,-0.2160243100795388,2017
F4Z41,0.1694085131822913,2017
F5Z70,0.095220326244152,2017
G0A40,0.602404395062,2017
G0A41,0.5176845826731056,2017
G0A42,0.2182900586304395,2017
G0A43,-0.6055612499658616,2017
G0B40,1.442591954452261,2017
G0B41,1.176883488254511,2017
G1Z70,0.9944840635942411,2017
G1Z71,0.7727829388479925,2017
G1Z80,0.5839197309502356,2017
H0Z90,0.9592751613786608,2017
H0Z91,0.8250957953904812,2017
H0Z92,0.515800128567313,2017
J0Z20,-0.7155055655162015,2017
J1Z40,-0.6258697517591425,2017
J1Z80,0.2613441116537701,2017
J3Z40,0.7345598861523035,2017
J3Z41,-0.03882351064907012,2017
J3Z42,-0.3478278401072711,2017
J3Z43,0.5709584362740208,2017
J3Z44,-1.082293005452741,2017
J4Z40,1.077479230400452,2017
J4Z60,-1.566305496878217,2017
J4Z80,-0.2310310289402728,2017
J5Z60,-0.8390618091594182,2017
J5Z61,-0.8496728784341729,2017
J5Z62,-0.5693706730014798,2017
J5Z80,0.03325807479248578,2017
J6Z90,0.1125736038222358,2017
J6Z91,-0.2214778293202977,2017
J6Z92,0.9075675406733033,2017
L0Z60,-0.6736038072644087,2017
L1Z60,0.01484947045920474,2017
L2Z60,-0.6060454407559472,2017
L2Z61,-0.8107606698851199,2017
L3Z80,-0.4356094245330731,2017
L4Z80,0.2004047497687448,2017
L4Z81,0.9849238349375169,2017
L5Z90,0.3556571502208505,2017
L5Z91,-0.1869537314594368,2017
L5Z92,-0.04359252452620288,2017
M0Z60,0.1031877723916163,2017
M1Z80,1.008490432719817,2017
M1Z81,0.1724310328548415,2017
M2Z90,2.71370045839431,2017
M2Z91,1.782247993077939,2017
M2Z92,1.090791951380048,2017
N0Z90,0.6255459711154863,2017
N0Z91,-0.6240435938213306,2017
Q0Z60,-0.5565016041341724,2017
Q1Z80,-0.7053076381543586,2017
Q1Z81,0.6055572028854652,2017
Q2Z90,-0.2279316528634627,2017
Q2Z91,0.239341788299879,2017
R0Z60,-0.8814622504715051,2017
R0Z61,-1.221432706608426,2017
R1Z60,-0.4274363130532202,2017
R1Z61,-0.7186696894614247,2017
R1Z62,-0.7646584500977744,2017
R1Z63,-0.1832409390562938,2017
R1Z67,0.4443956191992086,2017
R2Z80,0.5289480377615736,2017
R2Z83,1.128966778176022,2017
R3Z80,-0.3802812521409644,2017
R3Z82,-0.3897455376775019,2017
R4Z90,-0.05456855538929564,2017
R4Z91,1.356653167812835,2017
R4Z92,-0.3635899603253825,2017
R4Z93,0.7072046785600905,2017
S0Z20,0.2908881999353357,2017
S0Z40,0.953986796621239,2017
S0Z41,0.7510386715062144,2017
S0Z42,0.3929127741300298,2017
S1Z20,-0.3196376999111481,2017
S1Z40,0.4672734012721893,2017
S1Z80,0.6317019180879319,2017
S2Z60,-0.08362401164797335,2017
S2Z61,-0.02859700078647044,2017
S2Z80,-0.02527784226116005,2017
S2Z81,-0.07114817314899864,2017
S3Z90,0.04979178259222987,2017
T0Z60,0.3775324600985055,2017
T1Z60,0.06140771123108202,2017
T2A60,0.9152096415941744,2017
T2B60,0.4615616821846035,2017
T3Z60,-0.2123704329088977,2017
T3Z61,-0.30128842742775,2017
T4Z60,-0.6107023428618171,2017
T4Z61,-0.9965941892825638,2017
T4Z62,-0.9217361366672361,2017
T6Z61,-0.8088775215735033,2017
U0Z80,-0.3787440805512479,2017
U0Z81,-0.3424449250545162,2017
U0Z90,0.0404506370246564,2017
U0Z91,-0.4655204417845438,2017
U0Z92,-0.9910645906149071,2017
U1Z80,-1.369574556373299,2017
U1Z81,-0.3338918902848648,2017
U1Z82,-0.4766167832546747,2017
U1Z91,-1.542101586993678,2017
U1Z92,-0.4278851169018911,2017
U1Z93,-0.4620106787679821,2017
V0Z60,-0.1805734196323268,2017
V1Z80,-0.3712184537914726,2017
V1Z81,-0.9243715521086933,2017
V3Z70,0.1438252617826555,2017
V3Z71,0.3733369336615129,2017
V3Z80,1.117361934444135,2017
V3Z90,-0.5753563667961383,2017
V4Z80,-0.8114991219481535,2017
V4Z83,-0.7731298831567814,2017
V4Z85,-0.7038654567651814,2017
V5Z81,-0.504708264205602,2017
V5Z82,-0.2356095232013439,2017
V5Z84,-0.7731891264732036,2017
W1Z80,0.1080013537975182,2017
A0Z40,-0.3763944766459519,2018
A0Z41,0.002208785090901,2018
A0Z42,0.09004626739148215,2018
A0Z43,0.1544132349449813,2018
A1Z40,-0.3628959270374159,2018
A1Z41,-0.4194733233580666,2018
A1Z42,-0.6597117911915391,2018
A2Z70,0.07931284128658186,2018
A2Z90,1.017509883612953,2018
A3Z40,0.4949158372846076,2018
A3Z41,-0.75613122501516,2018
A3Z90,-0.1601909716619651,2018
B0Z20,-0.1463920981792036,2018
B0Z21,0.2652403179460734,2018
B1Z40,0.4164568486226223,2018
B2Z40,0.5086925579966179,2018
B2Z41,0.7428919962906313,2018
B2Z42,1.187672116742031,2018
B2Z43,1.622745819003809,2018
B2Z44,1.535360453804103,2018
B3Z20,0.2947785924396669,2018
B4Z41,1.219613999952644,2018
B4Z42,1.002150619967216,2018
B4Z43,0.8112962781660069,2018
B4Z44,0.5838792551208132,2018
B5Z40,0.8405434301077817,2018
B6Z70,1.808636490121088,2018
B6Z71,1.147305421226108,2018
B6Z72,1.791223297856623,2018
B6Z73,1.480311935525301,2018
B7Z90,0.1627923420287581,2018
B7Z91,2.895039125589221,2018
C0Z20,0.1627374382805584,2018
C1Z40,0.6796080030624754,2018
C2Z70,1.889451535165851,2018
C2Z71,3.476536976993553,2018
C2Z80,0.2646703448596803,2018
D0Z20,0.571377056641361,2018
D1Z40,2.503644564342486,2018
D1Z41,1.42662505774912,2018
D2Z40,1.357253572851363,2018
D2Z41,1.505401398694666,2018
D2Z42,1.000011330132927,2018
D3Z20,0.2082009327128115,2018
D4Z40,0.115360979773646,2018
D4Z41,1.045459839160588,2018
D6Z70,2.956870275317,2018
D6Z71,2.217510203662325,2018
D6Z80,1.923162571697506,2018
E0Z20,0.05613382882579108,2018
E0Z21,0.1338741423690828,2018
E0Z22,0.3893186007380758,2018
E0Z23,0.4334950963938606,2018
E0Z24,-0.1998390607419648,2018
E1Z40,0.6737496676547967,2018
E1Z41,0.4323660142805923,2018
E1Z42,0.2883347962333259,2018
E1Z43,0.5181441685342347,2018
E1Z44,0.4597925253908264,2018
E1Z46,-0.1556193963351134,2018
E1Z47,0.5129105155250075,2018
E2Z70,0.3694002154171038,2018
E2Z80,1.157496944359404,2018
F0Z20,0.03449969905621955,2018
F1Z40,0.671889251079892,2018
F1Z41,0.1885438751994897,2018
F2Z20,0.3217018092478563,2018
F3Z41,1.108869346061872,2018
F4Z20,-0.1456608932940303,2018
F4Z41,0.9521444145323886,2018
F5Z70,0.4298806758043211,2018
G0A40,0.9957910792831038,2018
G0A41,1.097998614819941,2018
G0A42,-0.3726259339381244,2018
G0A43,-0.2399757694367155,2018
G0B40,1.490131745932394,2018
G0B41,1.313523731035728,2018
G1Z70,1.347543606697897,2018
G1Z71,1.249238309449214,2018
G1Z80,1.152759750868479,2018
H0Z90,1.618242903394729,2018
H0Z91,1.291851562233734,2018
H0Z92,1.563318539108964,2018
J0Z20,-0.3905058631414935,2018
J1Z40,-0.1506264439964885,2018
J1Z80,-0.01628978416566512,2018
J3Z40,0.5168175723181945,2018
J3Z41,0.3577850573510759,2018
J3Z42,-0.1019724159361838,2018
J3Z43,1.283602993773136,2018
J3Z44,-0.9044465094300115,2018
J4Z40,0.5353926796646182,2018
J4Z60,0.1566728965726163,2018
J4Z80,0.5340184804154339,2018
J5Z60,-0.7730149172632563,2018
J5Z61,0.369517847710241,2018
J5Z62,-0.2865830775771351,2018
J5Z80,-0.2761590051304965,2018
J6Z90,0.5995852125017553,2018
J6Z91,1.03423467959653,2018
J6Z92,1.074664014307414,2018
L0Z60,-0.395113169329758,2018
L1Z60,0.260348247487506,2018
L2Z60,-0.5246763460998294,2018
L2Z61,-0.6856783374150943,2018
L3Z80,-0.02919665747080304,2018
L4Z80,0.4623271925967117,2018
L4Z81,1.400118526274352,2018
L5Z90,1.055309474566037,2018
L5Z91,0.3082208390003633,2018
L5Z92,0.273682986557438,2018
M0Z60,0.2634977824579315,2018
M1Z80,0.839606364527465,2018
M1Z81,0.6501449250637965,2018
M2Z90,2.931439704434343,2018
M2Z91,2.231726992894254,2018
M2Z92,1.884057932127341,2018
N0Z90,1.12218662370803,2018
N0Z91,-0.8808496159956687,2018
Q0Z60,-0.3442128950749153,2018
Q1Z80,-0.4906230029181868,2018
Q1Z81,0.910807048872025,2018
Q2Z90,-0.100377392227907,2018
Q2Z91,0.1097500016512482,2018
R0Z60,-0.8564454986791359,2018
R0Z61,-0.9727403028464051,2018
R1Z60,-0.1589646543437218,2018
R1Z61,-0.1616424210389933,2018
R1Z62,-0.5734527241228049,2018
R1Z63,0.01840697757529832,2018
R1Z67,1.084515208320136,2018
R2Z80,0.643976346072664,2018
R2Z83,1.120116931905263,2018
R3Z80,0.3892616544522765,2018
R3Z82,-0.1619445172551352,2018
R4Z90,0.3068962774155141,2018
R4Z91,1.648703728257899,2018
R4Z92,0.5082045868329844,2018
R4Z93,0.9854086090389418,2018
S0Z20,0.5336536006660536,2018
S0Z40,1.231164973040855,2018
S0Z41,1.114433918913736,2018
S0Z42,0.8762716798181398,2018
S1Z20,-0.0589190866733339,2018
S1Z40,0.7238038310751267,2018
S1Z80,0.9992217721381164,2018
S2Z60,0.2976487223122962,2018
S2Z61,0.2233810461727293,2018
S2Z80,0.8014293992994377,2018
S2Z81,0.01413840036981563,2018
S3Z90,0.2101349810041389,2018
T0Z60,0.7913873672840485,2018
T1Z60,0.5916515455918909,2018
T2A60,1.179774286760805,2018
T2B60,0.1064685192297238,2018
T3Z60,-0.7010448291817598,2018
T3Z61,-0.107112606338292,2018
T4Z60,-0.4338205833158068,2018
T4Z61,-0.8352502687443566,2018
T4Z62,-0.6259323810112446,2018
T6Z61,-0.4473806706154547,2018
U0Z80,-0.146582891099314,2018
U0Z81,0.06124698144427343,2018
U0Z90,-0.1142827787673281,2018
U0Z91,-0.7042682489229449,2018
U0Z92,-1.077153610060345,2018
U1Z80,-1.319455202888318,2018
U1Z81,0.3931713594620871,2018
U1Z82,-0.2034373789749037,2018
U1Z91,-1.567824804410868,2018
U1Z92,-0.1254807076164358,2018
U1Z93,-0.282699776234144,2018
V0Z60,0.1644718751208319,2018
V1Z80,0.002156024373201365,2018
V1Z81,-0.6691155665298953,2018
V3Z70,0.6354849189817116,2018
V3Z71,0.6382417923218021,2018
V3Z80,1.421477480474359,2018
V3Z90,-0.2729076788130232,2018
V4Z80,-0.0504345875944687,2018
V4Z83,-0.0733733910209749,2018
V4Z85,-0.0451681787070744,2018
V5Z81,-0.322752397801979,2018
V5Z82,-0.05188242975327007,2018
V5Z84,-0.7025799083434685,2018
W1Z80,0.1343346033972686,2018
A0Z40,-0.006062928049646171,2019
A0Z41,0.1877147124282795,2019
A0Z42,0.5500147570977293,2019
A0Z43,0.7231592940063919,2019
A1Z40,0.05434496150881127,2019
A1Z41,-0.2707896727214246,2019
A1Z42,-0.2259137491217744,2019
A2Z70,0.4837524170181019,2019
A2Z90,0.3359285739992681,2019
A3Z40,0.6545469636547366,2019
A3Z41,-0.6159720098023294,2019
A3Z90,-0.5144705459573088,2019
B0Z20,0.2379967304101718,2019
B0Z21,0.7140638489725036,2019
B1Z40,0.7814603126960722,2019
B2Z40,0.8993807283213173,2019
B2Z41,1.001946739077459,2019
B2Z42,1.449807874286635,2019
B2Z43,1.462682560150427,2019
B2Z44,1.708333753390754,2019
B3Z20,0.675580586442926,2019
B4Z41,1.397564169465477,2019
B4Z42,1.225081827817189,2019
B4Z43,1.05057574086624,2019
B4Z44,0.5473271873816014,2019
B5Z40,0.9171431001854206,2019
B6Z70,2.352347116539328,2019
B6Z71,1.304559767743984,2019
B6Z72,1.727338192007093,2019
B6Z73,1.540439306164583,2019
B7Z90,0.2460566893168286,2019
B7Z91,2.579344798200205,2019
C0Z20,0.4023357355892155,2019
C1Z40,0.7217756083204745,2019
C2Z70,1.955793246575665,2019
C2Z71,3.424003309285399,2019
C2Z80,-0.04826401016112991,2019
D0Z20,0.4478182857974192,2019
D1Z40,2.111851016028262,2019
D1Z41,1.439104406172199,2019
D2Z40,1.370426900332237,2019
D2Z41,1.409907995182575,2019
D2Z42,1.212603173328237,2019
D3Z20,0.7529424426727611,2019
D4Z40,0.5378497962810757,2019
D4Z41,1.505208199710475,2019
D6Z70,2.654317896284821,2019
D6Z71,2.181277599833992,2019
D6Z80,1.506646924832392,2019
E0Z20,-0.05983809818566572,2019
E0Z21,0.5896647033617082,2019
E0Z22,0.2713899246836836,2019
E0Z23,0.2494595112808892,2019
E0Z24,-0.3889366236532876,2019
E1Z40,0.9679071138500723,2019
E1Z41,0.4966660874743602,2019
E1Z42,0.3009651627847559,2019
E1Z43,0.0255242314275731,2019
E1Z44,0.8931897014083974,2019
E1Z46,0.0350976850905047,2019
E1Z47,0.656244158046869,2019
E2Z70,0.8472638220768303,2019
E2Z80,1.153584689120472,2019
F0Z20,0.008058808505052958,2019
F1Z40,0.811130000867257,2019
F1Z41,0.8928425470041227,2019
F2Z20,0.5035014083228206,2019
F3Z41,1.147545125432524,2019
F4Z20,-0.4499719906623932,2019
F4Z41,0.2286002426498897,2019
F5Z70,0.7680173617353934,2019
G0A40,1.251499273972792,2019
G0A41,1.193345855267885,2019
G0A42,0.8686328398372513,2019
G0A43,0.05114779298712609,2019
G0B40,1.746460564653903,2019
G0B41,1.562175769119481,2019
G1Z70,1.564256287338403,2019
G1Z71,1.763987074067966,2019
G1Z80,1.21818935910463,2019
H0Z90,1.296987484149068,2019
H0Z91,1.20868153489499,2019
H0Z92,1.287006998209593,2019
J0Z20,-0.2071837817918937,2019
J1Z40,0.2207860944220385,2019
J1Z80,0.120820436123958,2019
J3Z40,0.7080644139318718,2019
J3Z41,0.8657721564167203,2019
J3Z42,0.6861314086412431,2019
J3Z43,1.342822885221628,2019
J3Z44,-0.2144661464134524,2019
J4Z40,1.077938925636127,2019
J4Z60,0.06595508297932604,2019
J4Z80,0.6284331751825755,2019
J5Z60,-0.6463814370201018,2019
J5Z61,0.3238232647637117,2019
J5Z62,-0.3304924835838703,2019
J5Z80,-0.1002782391449485,2019
J6Z90,0.6590620848973214,2019
J6Z91,0.3922099470450775,2019
J6Z92,0.6982106886477821,2019
L0Z60,-0.3081415271351954,2019
L1Z60,0.09155118400796747,2019
L2Z60,-0.5003424007057632,2019
L2Z61,-0.53516296265015,2019
L3Z80,-0.08227830204207187,2019
L4Z80,0.4985930919752505,2019
L4Z81,1.232973338950252,2019
L5Z90,0.6712132903755638,2019
L5Z91,0.322627317549821,2019
L5Z92,0.1726544601318875,2019
M0Z60,0.4852517040150842,2019
M1Z80,0.7151671347222772,2019
M1Z81,0.7859871817062489,2019
M2Z90,2.408620511689346,2019
M2Z91,1.637577238146752,2019
M2Z92,1.796093219183671,2019
N0Z90,1.182151894118564,2019
N0Z91,-0.2266005628043068,2019
Q0Z60,-0.4941484592242207,2019
Q1Z80,0.1122537738514321,2019
Q1Z81,0.7617991602066007,2019
Q2Z90,0.03516310606383538,2019
Q2Z91,0.4416425691572175,2019
R0Z60,-0.5141952551675512,2019
R0Z61,-0.8950816316537811,2019
R1Z60,-0.03092590418843244,2019
R1Z61,-0.1677694265675153,2019
R1Z62,-0.2459454360111622,2019
R1Z63,0.1503477526683942,2019
R1Z67,1.116692841842542,2019
R2Z80,0.6867765372807642,2019
R2Z83,1.285239772519188,2019
R3Z80,0.4623365601978998,2019
R3Z82,0.4866682882129029,2019
R4Z90,0.0650464400139525,2019
R4Z91,1.414064801790724,2019
R4Z92,0.149665817155946,2019
R4Z93,1.077443774732207,2019
S0Z20,0.6900003224263507,2019
S0Z40,1.195389328330403,2019
S0Z41,0.9609502835180047,2019
S0Z42,1.089864802453263,2019
S1Z20,0.1433281197154027,2019
S1Z40,0.824015157782899,2019
S1Z80,1.114886865155129,2019
S2Z60,0.4720104256484942,2019
S2Z61,0.376587564865305,2019
S2Z80,0.669383877294323,2019
S2Z81,0.1971868045709657,2019
S3Z90,0.2872601474438148,2019
T0Z60,0.8717844140030604,2019
T1Z60,0.6898120925296203,2019
T2A60,1.356961370718538,2019
T2B60,0.7750954477339254,2019
T3Z60,-0.5385191355512833,2019
T3Z61,0.1189901439732275,2019
T4Z60,-0.1201182207724093,2019
T4Z61,-0.4847260935143932,2019
T4Z62,-0.3467139805200309,2019
T6Z61,-0.2873403234357859,2019
U0Z80,-0.637221697144745,2019
U0Z81,-0.2131007218522564,2019
U0Z90,-0.414902139416835,2019
U0Z91,-0.8808747140885714,2019
U0Z92,-1.032206924090825,2019
U1Z80,-1.485268267714545,2019
U1Z81,0.002080648545493335,2019
U1Z82,-0.4229179305631525,2019
U1Z91,-1.660017055693234,2019
U1Z92,-0.743636911262186,2019
U1Z93,-1.203903783091057,2019
V0Z60,0.4012448575124522,2019
V1Z80,0.483832557638273,2019
V1Z81,-0.1432119087388317,2019
V3Z70,0.5451393006297675,2019
V3Z71,0.929837240315456,2019
V3Z80,1.169536416760333,2019
V3Z90,-0.4986133937318915,2019
V4Z80,-0.4801905802055919,2019
V4Z83,0.1468405409584868,2019
V4Z85,0.1454167683169298,2019
V5Z81,-0.2944962930051309,2019
V5Z82,-0.02144658543931496,2019
V5Z84,-0.7311209203034614,2019
W1Z80,0.2937507391954149,2019
A0Z,-0.1528430257635166,2011
A1Z,-0.4676684028227351,2011
A2Z,-0.2265283031954118,2011
A3Z,-0.1566715957354865,2011
B0Z,-0.3494491381226223,2011
B1Z,-0.00220511295126653,2011
B2Z,0.5520505410630075,2011
B3Z,-0.3960152433338792,2011
B4Z,0.4527488771692338,2011
B5Z,0.05831135701958762,2011
B6Z,0.6547482694502335,2011
B7Z,1.760515327263236,2011
C0Z,-0.007109826737004311,2011
C1Z,0.2709641817760106,2011
C2Z,0.7786055337272223,2011
D0Z,0.3020644620439106,2011
D1Z,1.109009752762561,2011
D2Z,0.8809723181602258,2011
D3Z,-0.03046947576441775,2011
D4Z,0.6321125536820871,2011
D6Z,1.61668531599334,2011
E0Z,-0.4996898118463857,2011
E1Z,-0.2214405429132656,2011
E2Z,0.01216805343127116,2011
F0Z,-0.1369812736759846,2011
F1Z,0.01848789634971396,2011
F2Z,-0.4284811432235051,2011
F3Z,0.7030247805721866,2011
F4Z,0.1305642819223478,2011
F5Z,0.1902281607413588,2011
G0A,0.1564278467222653,2011
G0B,0.885458507256069,2011
G1Z,0.6114453554294893,2011
H0Z,0.7234902771139322,2011
J0Z,-0.7010389297677299,2011
J1Z,-0.4910732223935408,2011
J3Z,0.05049382317514606,2011
J4Z,0.1797013981051416,2011
J5Z,-0.4849157267256646,2011
J6Z,0.1305478959212692,2011
L0Z,-0.8216003111059459,2011
L1Z,-0.4456614963374355,2011
L2Z,-0.9330770006028434,2011
L3Z,-0.4769802501494274,2011
L4Z,-0.1908280637161388,2011
L5Z,-0.05478008668880444,2011
M0Z,-0.4462536207553235,2011
M1Z,0.1086769854278543,2011
M2Z,1.404803576762052,2011
N0Z,0.2563193412923603,2011
Q0Z,-0.9928772896061293,2011
Q1Z,-0.2820965929674098,2011
Q2Z,-0.5704448564058042,2011
R0Z,-1.181935485012254,2011
R1Z,-0.372782429827219,2011
R2Z,0.6202487406769583,2011
R3Z,0.1925749286928078,2011
R4Z,0.3453026359398356,2011
S0Z,0.7617649712645995,2011
S1Z,0.4481197106808861,2011
S2Z,-0.03034108006430936,2011
S3Z,0.09847629431829473,2011
T0Z,0.2480280025121312,2011
T1Z,0.1630119506201777,2011
T2A,0.5480347277166767,2011
T2B,-0.001682093104350191,2011
T3Z,-0.08896497729799016,2011
T4Z,-0.7953950772736175,2011
T6Z,-0.6544634623868815,2011
U0Z,-0.5021738113454598,2011
U1Z,-0.9180704205484269,2011
V0Z,0.1549615187235075,2011
V1Z,0.7603261304260329,2011
V3Z,0.2416657221909251,2011
V4Z,-0.4466731183608098,2011
V5Z,-0.2305979032548917,2011
W1Z,0.1082534528057546,2011
A0Z,0.02425740334611091,2012
A1Z,-0.4327352283342433,2012
A2Z,-0.01675494841000026,2012
A3Z,0.652453419442134,2012
B0Z,-0.05795061830918103,2012
B1Z,0.4006526483749169,2012
B2Z,0.5537956884226465,2012
B3Z,0.03327180293939877,2012
B4Z,0.5429654640438301,2012
B5Z,0.3669189115240088,2012
B6Z,0.6470825477416426,2012
B7Z,1.754132617392495,2012
C0Z,-0.2773822883869359,2012
C1Z,0.5436350793085168,2012
C2Z,0.6795884010989653,2012
D0Z,0.462493095688134,2012
D1Z,1.317832150421713,2012
D2Z,1.148073262791264,2012
D3Z,0.181625779687095,2012
D4Z,0.6434759808183692,2012
D6Z,1.656766735370781,2012
E0Z,-0.3548332463479345,2012
E1Z,-0.08219289788250805,2012
E2Z,0.5702778082398954,2012
F0Z,-0.3187084745731073,2012
F1Z,0.4720167849456468,2012
F2Z,0.2929511356730682,2012
F3Z,0.90093253819663,2012
F4Z,0.6365253979032904,2012
F5Z,0.4221642775067389,2012
G0A,0.3508824670370199,2012
G0B,1.043762033826504,2012
G1Z,0.7737370234068333,2012
H0Z,0.5726697265771696,2012
J0Z,-0.8161542458870471,2012
J1Z,-0.2931280094361586,2012
J3Z,0.1241724720661269,2012
J4Z,0.2049442346852918,2012
J5Z,-0.1321762691794596,2012
J6Z,0.3083269072312647,2012
L0Z,-0.6380015837627939,2012
L1Z,-0.1962067432604463,2012
L2Z,-1.000448188645787,2012
L3Z,-0.062967678233038,2012
L4Z,-0.02525442742361751,2012
L5Z,0.08496779551498573,2012
M0Z,-0.01028970263225305,2012
M1Z,0.4700418046078577,2012
M2Z,1.663543312800464,2012
N0Z,0.4070700059225258,2012
Q0Z,-0.8152985123356207,2012
Q1Z,-0.216603828748237,2012
Q2Z,-0.5651940062249329,2012
R0Z,-1.00145739290465,2012
R1Z,-0.2423202824302436,2012
R2Z,0.5094150552351713,2012
R3Z,0.0154859705860599,2012
R4Z,0.4180087237788797,2012
S0Z,0.9470290876446553,2012
S1Z,0.4991771674814015,2012
S2Z,0.2864151287889332,2012
S3Z,0.1661056061535422,2012
T0Z,0.6196392236991319,2012
T1Z,0.3258123456495943,2012
T2A,0.7260385151896681,2012
T2B,0.02143529811337036,2012
T3Z,-0.04245851360271431,2012
T4Z,-0.6733438217655767,2012
T6Z,-0.4916542661793384,2012
U0Z,-0.2411016977017142,2012
U1Z,-0.6422993703501876,2012
V0Z,0.113569688624051,2012
V1Z,0.7671314766104474,2012
V3Z,0.3879344151513519,2012
V4Z,-0.3838424100586565,2012
V5Z,-0.03845531052967584,2012
W1Z,0.3984162165518794,2012
A0Z,-0.1094973356355335,2013
A1Z,-0.5341546180303703,2013
A2Z,-0.006158227578992533,2013
A3Z,0.1359380856056777,2013
B0Z,-0.1632451443530505,2013
B1Z,-0.3109492611213764,2013
B2Z,0.3780949851983061,2013
B3Z,-0.004443326841776174,2013
B4Z,0.5575556310083383,2013
B5Z,0.4975956948893494,2013
B6Z,0.6158195027945981,2013
B7Z,1.003285505343575,2013
C0Z,-0.5318752904728232,2013
C1Z,-0.06971371483625063,2013
C2Z,0.5210055904577384,2013
D0Z,0.5835851087412485,2013
D1Z,1.29381288908782,2013
D2Z,0.8903369944077026,2013
D3Z,0.3699388409009541,2013
D4Z,0.6358484017468066,2013
D6Z,1.835792816011363,2013
E0Z,-0.3508658325037262,2013
E1Z,-0.2581176533728662,2013
E2Z,0.009864424035573173,2013
F0Z,-0.3428591921278347,2013
F1Z,0.5771326427855673,2013
F2Z,0.1431181300049353,2013
F3Z,0.7750032810186318,2013
F4Z,0.5957320279066488,2013
F5Z,0.4110066855028407,2013
G0A,0.2379425754549763,2013
G0B,0.7561332859493675,2013
G1Z,0.5366479485339335,2013
H0Z,0.5552440268303259,2013
J0Z,-0.8023492677832645,2013
J1Z,-0.6005670295299294,2013
J3Z,0.042271675256926,2013
J4Z,-0.2158174049302404,2013
J5Z,-0.2927465892013296,2013
J6Z,0.1451803475224983,2013
L0Z,-0.6380614291575334,2013
L1Z,-0.2164568141163949,2013
L2Z,-1.055594910279009,2013
L3Z,-0.3831836013282328,2013
L4Z,-0.2977741044652786,2013
L5Z,-0.1183023403259549,2013
M0Z,0.2759419895826063,2013
M1Z,0.5422737077198162,2013
M2Z,1.564528426764005,2013
N0Z,0.371218140413016,2013
Q0Z,-0.9167273938567627,2013
Q1Z,-0.02701362445816737,2013
Q2Z,-0.2388732711028205,2013
R0Z,-1.123622250367798,2013
R1Z,-0.4142705906505782,2013
R2Z,0.6130046805127474,2013
R3Z,-0.1056577070971911,2013
R4Z,0.493841520918635,2013
S0Z,0.7551757888768883,2013
S1Z,0.4342744098848616,2013
S2Z,0.1634573964112601,2013
S3Z,0.1548562199343652,2013
T0Z,0.2147454837432448,2013
T1Z,0.2971805350066553,2013
T2A,0.6561037656038811,2013
T2B,0.5040373106309955,2013
T3Z,0.01312431652587675,2013
T4Z,-0.7573585824170517,2013
T6Z,-0.6078338336762661,2013
U0Z,-0.2054441747084413,2013
U1Z,-0.7855643913563806,2013
V0Z,-0.002907931230161504,2013
V1Z,-0.0298992551575182,2013
V3Z,0.3732387501983803,2013
V4Z,-0.3397798150596444,2013
V5Z,-0.1009625036525975,2013
W1Z,0.1576897395547683,2013
A0Z,-0.3022972790431276,2014
A1Z,-0.7298332371938446,2014
A2Z,-0.01002344537259412,2014
A3Z,0.03310182845992414,2014
B0Z,-0.6067797926698955,2014
B1Z,-0.2468775658214523,2014
B2Z,0.1931083199590595,2014
B3Z,-0.179081482066983,2014
B4Z,0.2371672248625855,2014
B5Z,-0.04624221088336161,2014
B6Z,0.5632249589763728,2014
B7Z,0.8289464781191809,2014
C0Z,-0.3381241035025019,2014
C1Z,-0.03060044170226457,2014
C2Z,0.3601682137878652,2014
D0Z,0.1252065238403798,2014
D1Z,1.067758318388522,2014
D2Z,0.992282796986369,2014
D3Z,-0.4288670121683259,2014
D4Z,0.08089150888596723,2014
D6Z,1.671038946049447,2014
E0Z,-0.7081599494906691,2014
E1Z,-0.2849976258946629,2014
E2Z,0.382858463057158,2014
F0Z,-0.5907487637806245,2014
F1Z,0.325419274672091,2014
F2Z,-0.3229303594024062,2014
F3Z,0.2137542657989874,2014
F4Z,0.3561884706595525,2014
F5Z,0.2163150820523455,2014
G0A,-0.01965866674293195,2014
G0B,0.6929232667813598,2014
G1Z,0.5579009566363543,2014
H0Z,0.4455898371112294,2014
J0Z,-0.9721842243030117,2014
J1Z,-0.785014258755601,2014
J3Z,-0.1795658351657222,2014
J4Z,-0.3634951641044462,2014
J5Z,-0.3974969480590246,2014
J6Z,0.6180774492163851,2014
L0Z,-0.7316611771269854,2014
L1Z,-0.4248478972485617,2014
L2Z,-1.141028253799414,2014
L3Z,-0.5118237226387208,2014
L4Z,-0.1618743115399249,2014
L5Z,-0.1535937725140645,2014
M0Z,0.1378536943448139,2014
M1Z,0.07585411593573925,2014
M2Z,1.458350752429211,2014
N0Z,0.2651847533503862,2014
Q0Z,-0.9127973970100034,2014
Q1Z,-0.4703143121559409,2014
Q2Z,-0.7455567563412058,2014
R0Z,-1.197996664108072,2014
R1Z,-0.5976032989947632,2014
R2Z,0.4324192815498784,2014
R3Z,-0.05607768061468494,2014
R4Z,0.3037741091199946,2014
S0Z,0.4379821691083243,2014
S1Z,0.03764147308393582,2014
S2Z,-0.1852711851407599,2014
S3Z,-0.1459674698823952,2014
T0Z,0.2572718236524509,2014
T1Z,-0.05770218942321351,2014
T2A,0.6383951982090297,2014
T2B,0.4016441146498524,2014
T3Z,-0.2828245900028459,2014
T4Z,-0.8785191625492407,2014
T6Z,-0.9790842460861138,2014
U0Z,-0.597533734386259,2014
U1Z,-1.101343493324688,2014
V0Z,-0.2339994595578305,2014
V1Z,-0.3863711199679722,2014
V3Z,0.1591512353689454,2014
V4Z,-0.6010363096802315,2014
V5Z,-0.4196159069054755,2014
W1Z,-0.3200861642842223,2014
A0Z,-0.3159971205723748,2015
A1Z,-0.8347974189714067,2015
A2Z,-0.4823028319445716,2015
A3Z,-0.5694799654527981,2015
B0Z,-0.6680024792127887,2015
B1Z,-0.3110698217166946,2015
B2Z,-0.02383472546733525,2015
B3Z,-0.2679274464830526,2015
B4Z,0.1068889366351771,2015
B5Z,-0.3362520525976315,2015
B6Z,0.4427757226435959,2015
B7Z,0.5299998692310565,2015
C0Z,-0.7946872991637871,2015
C1Z,-0.3035570307392602,2015
C2Z,0.1016210969808464,2015
D0Z,0.1795394290038835,2015
D1Z,1.103694633079106,2015
D2Z,0.7312122505221682,2015
D3Z,-0.2976601858439331,2015
D4Z,0.1543496445661724,2015
D6Z,1.743022151908175,2015
E0Z,-0.6559400996267223,2015
E1Z,-0.3560002583862298,2015
E2Z,-0.1859497703837947,2015
F0Z,-0.7643927527466509,2015
F1Z,0.4179294065586485,2015
F2Z,-0.1585208393925134,2015
F3Z,0.1689466195096936,2015
F4Z,-0.005684831293880508,2015
F5Z,0.2474156674099589,2015
G0A,-0.05053686915932943,2015
G0B,0.8277098059427063,2015
G1Z,0.5845325498185225,2015
H0Z,0.2736438076292952,2015
J0Z,-0.9262909166223071,2015
J1Z,-0.7198424720266147,2015
J3Z,-0.3333009612158125,2015
J4Z,-0.2127775355384008,2015
J5Z,-0.7431042575652538,2015
J6Z,-0.09246572589535969,2015
L0Z,-0.780800123251207,2015
L1Z,-0.3514637166546037,2015
L2Z,-1.047078741044642,2015
L3Z,-0.3997901382240391,2015
L4Z,-0.1980430718326516,2015
L5Z,-0.1634468929840819,2015
M0Z,-0.2756519916831748,2015
M1Z,0.1624885257833083,2015
M2Z,1.466051001084544,2015
N0Z,-0.1981850959154961,2015
Q0Z,-0.5534604013355411,2015
Q1Z,-0.4368270288426444,2015
Q2Z,-0.7721157981189708,2015
R0Z,-1.252695215066865,2015
R1Z,-0.629079223185931,2015
R2Z,0.4731993235990306,2015
R3Z,-0.5443963055082103,2015
R4Z,0.1158690927799854,2015
S0Z,0.4314195529896144,2015
S1Z,0.0912155836070055,2015
S2Z,-0.2540400151977748,2015
S3Z,-0.3073530675140658,2015
T0Z,0.2339414787263056,2015
T1Z,0.06897691795067623,2015
T2A,0.5333252320891698,2015
T2B,-0.01740036994526925,2015
T3Z,-0.4442120048185924,2015
T4Z,-1.032814867072504,2015
T6Z,-0.9225862971268173,2015
U0Z,-0.552264583443728,2015
U1Z,-1.181401118045202,2015
V0Z,-0.3021593623794315,2015
V1Z,-0.5416058284797743,2015
V3Z,0.09217294483774308,2015
V4Z,-0.7472757579692497,2015
V5Z,-0.641056612315644,2015
W1Z,-0.3628799394757464,2015
A0Z,-0.373382449047546,2016
A1Z,-0.8812988837909357,2016
A2Z,-0.4752740065063036,2016
A3Z,-0.4815288210387831,2016
B0Z,-0.6396647934988993,2016
B1Z,-0.405149437421769,2016
B2Z,0.1367214598004677,2016
B3Z,-0.2955327415263578,2016
B4Z,0.0893424996837041,2016
B5Z,-0.08211658209493929,2016
B6Z,0.3351399212271803,2016
B7Z,0.8717930481527304,2016
C0Z,-0.4603309997686884,2016
C1Z,-0.1626440866070944,2016
C2Z,0.8603859592442442,2016
D0Z,0.2263444186524964,2016
D1Z,1.328462589137416,2016
D2Z,0.6346143267194722,2016
D3Z,-0.237797332040891,2016
D4Z,-0.08031518554892579,2016
D6Z,1.767563570267705,2016
E0Z,-0.6916194956568231,2016
E1Z,-0.4628843702256354,2016
E2Z,0.122239610472214,2016
F0Z,-0.4499955582919281,2016
F1Z,0.2250339125752335,2016
F2Z,-0.4746564647537855,2016
F3Z,0.5559209330221124,2016
F4Z,-0.02061635725694697,2016
F5Z,-0.01919914495149437,2016
G0A,-0.06566262404796801,2016
G0B,0.6392973622247072,2016
G1Z,0.6559718875430498,2016
H0Z,0.2397570938112982,2016
J0Z,-1.011603814475821,2016
J1Z,-0.6620516515486935,2016
J3Z,-0.1450834532500006,2016
J4Z,-0.6310462099855025,2016
J5Z,-0.8230721530529475,2016
J6Z,0.5159861673864659,2016
L0Z,-0.7017370196242715,2016
L1Z,-0.3485765431764141,2016
L2Z,-1.065660933919358,2016
L3Z,-0.3211946166977844,2016
L4Z,0.09242101187602621,2016
L5Z,0.08090293416568099,2016
M0Z,0.02879684440680945,2016
M1Z,0.1346147239929569,2016
M2Z,2.056190301737367,2016
N0Z,-0.0009947491320840985,2016
Q0Z,-0.8429918185525977,2016
Q1Z,0.2326568194355353,2016
Q2Z,-0.05653453338452359,2016
R0Z,-1.246266362546404,2016
R1Z,-0.6175496814109315,2016
R2Z,0.4666402831125743,2016
R3Z,-0.05098147421305753,2016
R4Z,0.3258579847283596,2016
S0Z,0.5549922012939821,2016
S1Z,0.09733527785078668,2016
S2Z,-0.1903749346302471,2016
S3Z,-0.1284172625420825,2016
T0Z,0.2682109782112817,2016
T1Z,-0.04798990415330311,2016
T2A,0.556569802763965,2016
T2B,0.3580923595236921,2016
T3Z,-0.38938053095744,2016
T4Z,-0.9786625199006845,2016
T6Z,-0.8382378090684117,2016
U0Z,-0.5186651589659353,2016
U1Z,-1.247189335128852,2016
V0Z,-0.3928445451620291,2016
V1Z,-0.5023242459054358,2016
V3Z,0.2163893169861574,2016
V4Z,-0.6089840016774098,2016
V5Z,-0.6408457769976919,2016
W1Z,-0.2471583432170404,2016
A0Z,-0.3006899363885968,2017
A1Z,-0.6958316489741103,2017
A2Z,-0.3397643823740135,2017
A3Z,-0.2656866945769488,2017
B0Z,-0.1901235601901403,2017
B1Z,-0.07324245939612745,2017
B2Z,0.407858849209334,2017
B3Z,0.1218828792082898,2017
B4Z,0.4407490413042486,2017
B5Z,0.1078915154489621,2017
B6Z,0.7995327615400796,2017
B7Z,1.887399004489054,2017
C0Z,-0.2907189711067516,2017
C1Z,0.4752160343011967,2017
C2Z,1.482717059421525,2017
D0Z,0.6865178358347308,2017
D1Z,1.302261431654909,2017
D2Z,0.876302215933303,2017
D3Z,0.2082179443321242,2017
D4Z,0.3171489085663689,2017
D6Z,1.716264857482891,2017
E0Z,-0.431625199033352,2017
E1Z,-0.0908093917718827,2017
E2Z,0.3688469365841017,2017
F0Z,-0.214355635429995,2017
F1Z,0.4525605180549369,2017
F2Z,0.151250341218113,2017
F3Z,0.5678685074596108,2017
F4Z,0.1057402480587244,2017
F5Z,0.095220326244152,2017
G0A,0.1325112034958841,2017
G0B,1.248206132440019,2017
G1Z,0.8968910528146061,2017
H0Z,0.772869039487738,2017
J0Z,-0.7155055655162015,2017
J1Z,-0.4397442727646817,2017
J3Z,0.1603525043956324,2017
J4Z,-0.1603880297867619,2017
J5Z,-0.4947882612732352,2017
J6Z,0.4522503993370655,2017
L0Z,-0.6736038072644087,2017
L1Z,0.01484947045920474,2017
L2Z,-0.7676529485654738,2017
L3Z,-0.4356094245330731,2017
L4Z,0.4587180887810953,2017
L5Z,0.2540935610984313,2017
M0Z,0.1031877723916163,2017
M1Z,0.5489226573711066,2017
M2Z,2.566403466548192,2017
N0Z,0.2985399937243162,2017
Q0Z,-0.5565016041341724,2017
Q1Z,0.02983712753803988,2017
Q2Z,-0.08056119110382029,2017
R0Z,-1.113470002454849,2017
R1Z,-0.5459413751533551,2017
R2Z,0.6405110539592194,2017
R3Z,-0.383087195522295,2017
R4Z,0.3954105397055689,2017
S0Z,0.6313835058213558,2017
S1Z,0.2437722981129274,2017
S2Z,-0.04315233861720721,2017
S3Z,0.04979178259222987,2017
T0Z,0.3775324600985055,2017
T1Z,0.06140771123108202,2017
T2A,0.9152096415941744,2017
T2B,0.4615616821846035,2017
T3Z,-0.2812691780732867,2017
T4Z,-0.717063563077164,2017
T6Z,-0.8088775215735033,2017
U0Z,-0.4230711418644675,2017
U1Z,-1.167070212799754,2017
V0Z,-0.1805734196323268,2017
V1Z,-0.3877751683461936,2017
V3Z,0.2606574601305453,2017
V4Z,-0.7551894757225246,2017
V5Z,-0.5371936224325835,2017
W1Z,0.1080013537975182,2017
A0Z,-0.149054428606397,2018
A1Z,-0.4740877397249584,2018
A2Z,0.2575068423715036,2018
A3Z,-0.02687028832495107,2018
B0Z,0.05840183453694797,2018
B1Z,0.4164568486226224,2018
B2Z,0.7766986919285127,2018
B3Z,0.2947785924396669,2018
B4Z,0.8839577779874852,2018
B5Z,0.8405434301077817,2018
B6Z,1.338845629609481,2018
B7Z,2.415633947637931,2018
C0Z,0.1627374382805584,2018
C1Z,0.6796080030624754,2018
C2Z,1.864618559312559,2018
D0Z,0.571377056641361,2018
D1Z,1.682018679008096,2018
D2Z,1.264795577705296,2018
D3Z,0.2082009327128115,2018
D4Z,0.2427968149998214,2018
D6Z,2.545744750528209,2018
E0Z,0.1154160390547509,2018
E1Z,0.3339720907878589,2018
E2Z,0.6616638094251036,2018
F0Z,0.03449969905621955,2018
F1Z,0.4341217207774836,2018
F2Z,0.3217018092478563,2018
F3Z,1.108869346061872,2018
F4Z,0.7708018947094973,2018
F5Z,0.4298806758043211,2018
G0A,0.5276496949832278,2018
G0B,1.360929637166733,2018
G1Z,1.303724781972121,2018
H0Z,1.533380353306725,2018
J0Z,-0.3905058631414935,2018
J1Z,-0.1224444281504498,2018
J3Z,0.5640715734555958,2018
J4Z,0.4956004929516317,2018
J5Z,-0.1511242423982399,2018
J6Z,0.9137131558801301,2018
L0Z,-0.395113169329758,2018
L1Z,0.260348247487506,2018
L2Z,-0.6517754909925294,2018
L3Z,-0.02919665747080304,2018
L4Z,0.771107457192828,2018
L5Z,0.8756623133399491,2018
M0Z,0.2634977824579315,2018
M1Z,0.735462601222197,2018
M2Z,2.830479995459593,2018
N0Z,0.5980106528984779,2018
Q0Z,-0.3442128950749153,2018
Q1Z,0.295311545635551,2018
Q2Z,-0.03410662154762651,2018
R0Z,-0.9358091480643778,2018
R1Z,-0.2389536592425002,2018
R2Z,0.7325063807394272,2018
R3Z,0.2258416790848765,2018
R4Z,0.78771071145457,2018
S0Z,0.9818098743250331,2018
S1Z,0.5113038604789153,2018
S2Z,0.2895030906647549,2018
S3Z,0.2101349810041389,2018
T0Z,0.7913873672840485,2018
T1Z,0.5916515455918909,2018
T2A,1.179774286760805,2018
T2B,0.1064685192297238,2018
T3Z,-0.2408321906934376,2018
T4Z,-0.5392653618737596,2018
T6Z,-0.4473806706154547,2018
U0Z,-0.4313836018157151,2018
U1Z,-1.073043935480086,2018
V0Z,0.1644718751208319,2018
V1Z,-0.0179361565313018,2018
V3Z,0.665395807924946,2018
V4Z,-0.06489957707196635,2018
V5Z,-0.3911575943242563,2018
W1Z,0.1343346033972686,2018
A0Z,0.1960589551895622,2019
A1Z,-0.2113302847990517,2019
A2Z,0.4556758820740576,2019
A3Z,-0.05918548621954372,2019
B0Z,0.4748479929151013,2019
B1Z,0.7814603126960722,2019
B2Z,1.079735257923467,2019
B3Z,0.675580586442926,2019
B4Z,1.030739875741696,2019
B5Z,0.9171431001854207,2019
B6Z,1.475901717394956,2019
B7Z,2.169941662370285,2019
C0Z,0.4023357355892155,2019
C1Z,0.7217756083204746,2019
C2Z,1.890536795002822,2019
D0Z,0.4478182857974192,2019
D1Z,1.598632800810374,2019
D2Z,1.326915878078308,2019
D3Z,0.7529424426727611,2019
D4Z,0.6703906814353056,2019
D6Z,2.245439845728754,2019
E0Z,0.2779115818709387,2019
E1Z,0.3243395738859944,2019
E2Z,0.9608621079648764,2019
F0Z,0.008058808505052958,2019
F1Z,0.8513260827151395,2019
F2Z,0.5035014083228206,2019
F3Z,1.147545125432524,2019
F4Z,0.1165093301780462,2019
F5Z,0.7680173617353934,2019
G0A,0.7887854624262174,2019
G0B,1.611642310734751,2019
G1Z,1.621550229243112,2019
H0Z,1.275784277612681,2019
J0Z,-0.2071837817918937,2019
J1Z,0.1998146502178721,2019
J3Z,0.9439355061954401,2019
J4Z,0.6420751325779515,2019
J5Z,-0.09315962160371112,2019
J6Z,0.6319122154847255,2019
L0Z,-0.3081415271351954,2019
L1Z,0.09155118400796747,2019
L2Z,-0.5278306548053586,2019
L3Z,-0.08227830204207187,2019
L4Z,0.7403975519139367,2019
L5Z,0.564414207684765,2019
M0Z,0.4852517040150842,2019
M1Z,0.7540957221501219,2019
M2Z,2.327927810842237,2019
N0Z,0.8134944669083993,2019
Q0Z,-0.4941484592242207,2019
Q1Z,0.4765246551116781,2019
Q2Z,0.1633601335318342,2019
R0Z,-0.7741254649092526,2019
R1Z,-0.05649991429932214,2019
R2Z,0.7980503344299706,2019
R3Z,0.4695503589486307,2019
R4Z,0.5591210104364488,2019
S0Z,1.062833222753591,2019
S1Z,0.6437212410078781,2019
S2Z,0.4202886817902018,2019
S3Z,0.2872601474438148,2019
T0Z,0.8717844140030604,2019
T1Z,0.6898120925296203,2019
T2A,1.356961370718538,2019
T2B,0.7750954477339254,2019
T3Z,-0.02904335915401541,2019
T4Z,-0.2179518294185046,2019
T6Z,-0.2873403234357859,2019
U0Z,-0.6783657890079008,2019
U1Z,-1.256062381717479,2019
V0Z,0.4012448575124522,2019
V1Z,0.4650641619183428,2019
V3Z,0.589332590517958,2019
V4Z,0.1274516735676604,2019
V5Z,-0.3809631002193082,2019
W1Z,0.2937507391954149,2019
