"Annee","A0Z","A1Z","A2Z","A3Z","B0Z","B1Z","B2Z","B3Z","B4Z","B5Z","B6Z","B7Z","C0Z","C1Z","C2Z","D0Z","D1Z","D2Z","D3Z","D4Z","D6Z","E0Z","E1Z","E2Z","F0Z","F1Z","F2Z","F3Z","F4Z","F5Z","G0A","G0B","G1Z","H0Z","J0Z","J1Z","J3Z","J4Z","J5Z","J6Z","K0Z","L0Z","L1Z","L2Z","L3Z","L4Z","L5Z","L6Z","M0Z","M1Z","M2Z","N0Z","P0Z","P1Z","P2Z","P3Z","P4Z","Q0Z","Q1Z","Q2Z","R0Z","R1Z","R2Z","R3Z","R4Z","S0Z","S1Z","S2Z","S3Z","T0Z","T1Z","T2A","T2B","T2Z","T3Z","T4Z","T6Z","U0Z","U1Z","V0Z","V1Z","V2Z","V3Z","V4Z","V5Z","W0Z","W1Z","X0Z","ZZZ","A","B","C","D","E","ENS","F","G","H","J","K","L","M","N","P","Q","R","S","T","U","V","W","X","Z","A0Z00","A0Z01","A0Z02","A0Z40","A0Z41","A0Z42","A0Z43","A1Z00","A1Z01","A1Z40","A1Z41","A1Z42","A2Z70","A2Z90","A3Z00","A3Z40","A3Z41","A3Z90","B0Z20","B0Z21","B1Z40","B2Z40","B2Z41","B2Z42","B2Z43","B2Z44","B3Z20","B4Z41","B4Z42","B4Z43","B4Z44","B5Z40","B6Z70","B6Z71","B6Z72","B6Z73","B7Z90","B7Z91","C0Z20","C1Z40","C2Z70","C2Z71","C2Z80","D0Z20","D1Z40","D1Z41","D2Z40","D2Z41","D2Z42","D3Z20","D4Z40","D4Z41","D6Z70","D6Z71","D6Z80","E0Z20","E0Z21","E0Z22","E0Z23","E0Z24","E1Z40","E1Z41","E1Z42","E1Z43","E1Z44","E1Z46","E1Z47","E2Z70","E2Z80","F0Z20","F1Z40","F1Z41","F2Z20","F3Z40","F3Z41","F4Z20","F4Z41","F5Z70","G0A40","G0A41","G0A42","G0A43","G0B40","G0B41","G1Z70","G1Z71","G1Z80","H0Z90","H0Z91","H0Z92","J0Z20","J1Z40","J1Z80","J3Z40","J3Z41","J3Z42","J3Z43","J3Z44","J4Z40","J4Z60","J4Z80","J5Z60","J5Z61","J5Z62","J5Z80","J6Z90","J6Z91","J6Z92","K0Z20","K0Z40","L0Z60","L1Z60","L2Z60","L2Z61","L3Z80","L4Z80","L4Z81","L5Z90","L5Z91","L5Z92","L6Z00","L6Z90","M0Z60","M1Z80","M1Z81","M2Z90","M2Z91","M2Z92","N0Z90","N0Z91","P0Z60","P0Z61","P0Z62","P1Z80","P1Z81","P1Z82","P2Z90","P2Z91","P2Z92","P3Z90","P3Z91","P4Z60","P4Z61","P4Z80","Q0Z60","Q1Z80","Q1Z81","Q2Z90","Q2Z91","R0Z60","R0Z61","R1Z60","R1Z61","R1Z62","R1Z63","R1Z66","R1Z67","R2Z80","R2Z83","R3Z80","R3Z81","R3Z82","R4Z90","R4Z91","R4Z92","R4Z93","S0Z20","S0Z40","S0Z41","S0Z42","S1Z20","S1Z40","S1Z80","S2Z60","S2Z61","S2Z80","S2Z81","S3Z00","S3Z90","T0Z60","T1Z60","T2A60","T2B60","T2Z60","T3Z60","T3Z61","T4Z60","T4Z61","T4Z62","T6Z61","U0Z80","U0Z81","U0Z90","U0Z91","U0Z92","U1Z80","U1Z81","U1Z82","U1Z91","U1Z92","U1Z93","V0Z60","V1Z80","V1Z81","V2Z90","V2Z91","V2Z92","V2Z93","V3Z70","V3Z71","V3Z80","V3Z90","V4Z80","V4Z83","V4Z85","V5Z00","V5Z81","V5Z82","V5Z84","W0Z80","W0Z90","W0Z91","W0Z92","W1Z80","X0Z00","X0Z01","ZZZZZ"
"1983",1610.3003,332.68643,26.8442,57.91916,358.34508,99.20401,365.35793,143.8066,490.75192,73.37259,230.24931,75.43965,82.99638,83.43645,158.55426,113.88495,160.15775,178.39028,355.85853,166.58451,305.9829,396.50385,264.14178,202.2161,276.75173,150.97379,86.11545,92.40628,121.04444,39.67096,208.70767,218.2224,243.86182,103.34838,439.54886,371.04482,654.90441,53.94471,136.72645,37.15875,156.95721,589.39884,329.57831,220.29466,171.78516,137.62005,223.78717,133.92098,45.6829,132.57782,42.9304,130.31844,806.49158,369.03333,250.27078,35.46236,672.50456,347.85936,104.61132,148.77735,256.10473,680.3141,358.98626,585.40696,261.62523,307.56754,270.13637,190.88326,250.59262,151.91453,245.4942,NA,NA,333.00313,145.8834,1111.82681,66.10847,63.59147,165.33775,256.35638,352.76485,200.64617,204.11185,104.28311,201.77634,916.92826,43.40778,26.6695,35.66715,2027.75008,1836.52709,324.98709,1280.85892,862.86173,22404.6667,766.96265,670.79188,103.34838,1693.328,156.95721,1806.38518,221.19112,130.31844,2133.76261,601.24803,2142.43727,1019.17979,2054.23055,228.92922,1319.9387,960.33604,26.6695,35.66715,NA,NA,NA,NA,NA,NA,NA,NA,NA,NA,NA,NA,NA,NA,NA,NA,NA,NA,NA,NA,NA,NA,NA,NA,NA,NA,NA,NA,NA,NA,NA,NA,NA,NA,NA,NA,NA,NA,NA,NA,NA,NA,NA,NA,NA,NA,NA,NA,NA,NA,NA,NA,NA,NA,NA,NA,NA,NA,NA,NA,NA,NA,NA,NA,NA,NA,NA,NA,NA,NA,NA,NA,NA,NA,NA,NA,NA,NA,NA,NA,NA,NA,NA,NA,NA,NA,NA,NA,NA,NA,NA,NA,NA,NA,NA,NA,NA,NA,NA,NA,NA,NA,NA,NA,NA,NA,NA,NA,NA,NA,NA,NA,NA,NA,NA,NA,NA,NA,NA,NA,NA,NA,NA,NA,NA,NA,NA,NA,NA,NA,NA,NA,NA,NA,NA,NA,NA,NA,NA,NA,NA,NA,NA,NA,NA,NA,NA,NA,NA,NA,NA,NA,NA,NA,NA,NA,NA,NA,NA,NA,NA,NA,NA,NA,NA,NA,NA,NA,NA,NA,NA,NA,NA,NA,NA,NA,NA,NA,NA,NA,NA,NA,NA,NA,NA,NA,NA,NA,NA,NA,NA,NA,NA,NA,NA,NA,NA,NA,NA,NA,NA,NA,NA,NA,NA,NA,NA,NA,NA,NA,NA,NA,NA,NA,NA,NA,NA,NA,NA,NA,NA,NA,NA,NA,NA,NA,NA
"1984",1577.02329,341.10848,29.73532,54.69883,336.30015,102.33044,359.10596,135.85542,485.82283,67.89496,221.48085,76.4958,78.25565,76.03265,162.44723,95.15337,151.79968,176.32011,346.41096,159.03032,296.45326,383.45597,262.72701,211.54368,278.89817,146.01776,74.51087,83.41693,110.96643,39.06482,221.92455,219.01332,248.37395,104.5539,455.43771,349.41353,643.40448,45.09506,138.93695,32.00141,150.75446,574.6625,326.83498,219.26017,177.20022,141.17029,227.9521,133.52451,42.64523,139.77862,48.63635,141.70267,799.25153,364.10033,254.74363,37.03591,692.92214,357.47495,110.92515,150.72439,259.12056,682.331,365.55757,578.7844,259.44434,307.92744,273.07672,197.90599,252.07529,153.58194,228.42027,NA,NA,336.36126,150.91189,1124.98975,65.37579,64.95697,177.49057,260.25689,362.93974,208.48158,216.43165,112.3802,217.19763,921.5548,46.50441,26.26979,15.19272,2002.56593,1785.28641,316.73553,1225.16771,857.72666,22335.3333,732.87498,689.31182,104.5539,1664.28914,150.75446,1800.60477,231.0602,141.70267,2148.05353,619.12448,2145.23787,1030.98543,2059.64089,242.44754,1377.68769,968.05922,26.26979,15.19272,NA,NA,NA,NA,NA,NA,NA,NA,NA,NA,NA,NA,NA,NA,NA,NA,NA,NA,NA,NA,NA,NA,NA,NA,NA,NA,NA,NA,NA,NA,NA,NA,NA,NA,NA,NA,NA,NA,NA,NA,NA,NA,NA,NA,NA,NA,NA,NA,NA,NA,NA,NA,NA,NA,NA,NA,NA,NA,NA,NA,NA,NA,NA,NA,NA,NA,NA,NA,NA,NA,NA,NA,NA,NA,NA,NA,NA,NA,NA,NA,NA,NA,NA,NA,NA,NA,NA,NA,NA,NA,NA,NA,NA,NA,NA,NA,NA,NA,NA,NA,NA,NA,NA,NA,NA,NA,NA,NA,NA,NA,NA,NA,NA,NA,NA,NA,NA,NA,NA,NA,NA,NA,NA,NA,NA,NA,NA,NA,NA,NA,NA,NA,NA,NA,NA,NA,NA,NA,NA,NA,NA,NA,NA,NA,NA,NA,NA,NA,NA,NA,NA,NA,NA,NA,NA,NA,NA,NA,NA,NA,NA,NA,NA,NA,NA,NA,NA,NA,NA,NA,NA,NA,NA,NA,NA,NA,NA,NA,NA,NA,NA,NA,NA,NA,NA,NA,NA,NA,NA,NA,NA,NA,NA,NA,NA,NA,NA,NA,NA,NA,NA,NA,NA,NA,NA,NA,NA,NA,NA,NA,NA,NA,NA,NA,NA,NA,NA,NA,NA,NA,NA,NA,NA,NA,NA,NA,NA
"1985",1532.27496,352.71263,30.4733,47.17716,305.86692,104.87933,350.16499,137.82417,492.68981,67.83408,220.81275,76.31743,76.26774,75.84771,168.14603,80.31574,144.82513,177.44567,328.64205,146.49695,281.90195,361.8046,264.88177,217.60476,275.16876,140.5207,58.68894,78.83992,107.0129,36.0957,228.88058,222.30572,251.50725,102.67226,457.76795,340.65435,631.9371,33.91297,140.77312,31.70062,154.48581,553.94665,333.63167,218.05216,179.52895,137.99297,248.41507,129.66314,36.88613,148.81137,50.88592,149.75601,818.22751,370.0229,251.64239,36.64762,708.59933,356.504,118.00907,163.40263,263.41232,686.25958,367.84097,572.14279,259.4408,305.26795,276.32818,210.38772,256.04722,156.80721,215.67143,NA,NA,345.54605,156.98757,1141.93279,68.96139,62.3707,187.46588,274.41876,374.76022,216.54892,221.73772,121.6236,237.12886,926.60951,49.50463,26.56688,15.47258,1962.63804,1756.38949,320.26148,1159.62749,844.29112,22344,696.32693,702.69355,102.67226,1636.7461,154.48581,1801.2306,236.58342,149.75601,2185.13975,637.9157,2149.09647,1048.03107,2085.90643,249.83658,1446.21808,976.11414,26.56688,15.47258,NA,NA,NA,NA,NA,NA,NA,NA,NA,NA,NA,NA,NA,NA,NA,NA,NA,NA,NA,NA,NA,NA,NA,NA,NA,NA,NA,NA,NA,NA,NA,NA,NA,NA,NA,NA,NA,NA,NA,NA,NA,NA,NA,NA,NA,NA,NA,NA,NA,NA,NA,NA,NA,NA,NA,NA,NA,NA,NA,NA,NA,NA,NA,NA,NA,NA,NA,NA,NA,NA,NA,NA,NA,NA,NA,NA,NA,NA,NA,NA,NA,NA,NA,NA,NA,NA,NA,NA,NA,NA,NA,NA,NA,NA,NA,NA,NA,NA,NA,NA,NA,NA,NA,NA,NA,NA,NA,NA,NA,NA,NA,NA,NA,NA,NA,NA,NA,NA,NA,NA,NA,NA,NA,NA,NA,NA,NA,NA,NA,NA,NA,NA,NA,NA,NA,NA,NA,NA,NA,NA,NA,NA,NA,NA,NA,NA,NA,NA,NA,NA,NA,NA,NA,NA,NA,NA,NA,NA,NA,NA,NA,NA,NA,NA,NA,NA,NA,NA,NA,NA,NA,NA,NA,NA,NA,NA,NA,NA,NA,NA,NA,NA,NA,NA,NA,NA,NA,NA,NA,NA,NA,NA,NA,NA,NA,NA,NA,NA,NA,NA,NA,NA,NA,NA,NA,NA,NA,NA,NA,NA,NA,NA,NA,NA,NA,NA,NA,NA,NA,NA,NA,NA,NA,NA,NA,NA,NA
"1986",1466.19509,350.02318,30.21867,39.83198,304.6331,110.50231,345.99722,147.90166,502.3283,70.12124,224.42687,76.40171,80.40418,73.18718,166.45936,70.17455,136.99403,184.27742,318.9472,144.5266,267.07341,339.32611,264.70765,218.35026,265.69144,138.54053,51.83062,75.02595,107.03512,33.41958,228.7876,224.63003,254.34992,99.96783,455.30013,339.10819,630.18342,34.21584,144.7631,31.86953,156.89995,542.76156,331.02147,216.17901,181.08109,143.785,263.80323,130.50074,33.26726,151.96726,53.41969,149.60105,834.10764,376.53441,250.95718,35.21568,723.01747,359.85158,128.15466,170.92406,270.27323,680.20794,376.27868,571.5109,265.20548,303.88461,274.46693,223.46124,255.43511,163.40487,203.0757,NA,NA,363.11317,160.49146,1166.2566,72.07987,64.36015,194.29657,298.74452,381.64938,229.74967,227.68953,128.72194,253.34341,916.93863,52.70599,26.6721,13.20421,1886.26893,1782.31242,320.05072,1121.99322,822.38402,22418,671.54323,707.76756,99.96783,1635.44021,156.89995,1809.1321,238.65421,149.60105,2219.83238,658.9303,2163.47623,1057.24789,2128.42167,258.65672,1519.89845,969.64462,26.6721,13.20421,NA,NA,NA,NA,NA,NA,NA,NA,NA,NA,NA,NA,NA,NA,NA,NA,NA,NA,NA,NA,NA,NA,NA,NA,NA,NA,NA,NA,NA,NA,NA,NA,NA,NA,NA,NA,NA,NA,NA,NA,NA,NA,NA,NA,NA,NA,NA,NA,NA,NA,NA,NA,NA,NA,NA,NA,NA,NA,NA,NA,NA,NA,NA,NA,NA,NA,NA,NA,NA,NA,NA,NA,NA,NA,NA,NA,NA,NA,NA,NA,NA,NA,NA,NA,NA,NA,NA,NA,NA,NA,NA,NA,NA,NA,NA,NA,NA,NA,NA,NA,NA,NA,NA,NA,NA,NA,NA,NA,NA,NA,NA,NA,NA,NA,NA,NA,NA,NA,NA,NA,NA,NA,NA,NA,NA,NA,NA,NA,NA,NA,NA,NA,NA,NA,NA,NA,NA,NA,NA,NA,NA,NA,NA,NA,NA,NA,NA,NA,NA,NA,NA,NA,NA,NA,NA,NA,NA,NA,NA,NA,NA,NA,NA,NA,NA,NA,NA,NA,NA,NA,NA,NA,NA,NA,NA,NA,NA,NA,NA,NA,NA,NA,NA,NA,NA,NA,NA,NA,NA,NA,NA,NA,NA,NA,NA,NA,NA,NA,NA,NA,NA,NA,NA,NA,NA,NA,NA,NA,NA,NA,NA,NA,NA,NA,NA,NA,NA,NA,NA,NA,NA,NA,NA,NA,NA,NA,NA
"1987",1403.60568,349.23987,30.55929,35.46022,295.86883,116.47059,337.15241,153.80876,509.53978,74.12572,224.57847,79.31891,77.06636,78.10003,164.89833,63.90192,128.47819,186.67984,322.2417,141.60742,256.41836,306.88138,259.0667,209.41788,236.77446,135.3312,49.26047,72.95956,109.36272,31.53571,223.21931,219.86682,252.17172,100.097,442.71246,334.44288,641.77262,39.37911,143.98068,36.36946,155.87617,543.8721,333.01603,211.12794,179.33907,147.90058,285.75663,135.25044,32.47594,147.58103,62.53685,153.19058,852.79997,386.68959,254.67861,37.61962,737.68306,363.97431,138.74147,179.77848,273.64195,680.28416,399.20687,588.29616,274.84019,299.91211,278.55375,236.49852,257.78933,168.60969,202.73029,NA,NA,375.3469,159.87549,1174.42644,77.14565,67.74254,197.99991,312.78947,386.77719,248.95589,231.39252,134.76984,253.46567,923.98773,54.23643,23.71596,12.39805,1818.86505,1790.86348,320.06472,1099.32742,775.36597,22509,635.22412,695.25786,100.097,1638.6572,155.87617,1836.2628,242.59381,153.19058,2269.47085,682.49427,2216.26933,1072.75371,2158.13445,265.74245,1568.15058,978.22416,23.71596,12.39805,NA,NA,NA,NA,NA,NA,NA,NA,NA,NA,NA,NA,NA,NA,NA,NA,NA,NA,NA,NA,NA,NA,NA,NA,NA,NA,NA,NA,NA,NA,NA,NA,NA,NA,NA,NA,NA,NA,NA,NA,NA,NA,NA,NA,NA,NA,NA,NA,NA,NA,NA,NA,NA,NA,NA,NA,NA,NA,NA,NA,NA,NA,NA,NA,NA,NA,NA,NA,NA,NA,NA,NA,NA,NA,NA,NA,NA,NA,NA,NA,NA,NA,NA,NA,NA,NA,NA,NA,NA,NA,NA,NA,NA,NA,NA,NA,NA,NA,NA,NA,NA,NA,NA,NA,NA,NA,NA,NA,NA,NA,NA,NA,NA,NA,NA,NA,NA,NA,NA,NA,NA,NA,NA,NA,NA,NA,NA,NA,NA,NA,NA,NA,NA,NA,NA,NA,NA,NA,NA,NA,NA,NA,NA,NA,NA,NA,NA,NA,NA,NA,NA,NA,NA,NA,NA,NA,NA,NA,NA,NA,NA,NA,NA,NA,NA,NA,NA,NA,NA,NA,NA,NA,NA,NA,NA,NA,NA,NA,NA,NA,NA,NA,NA,NA,NA,NA,NA,NA,NA,NA,NA,NA,NA,NA,NA,NA,NA,NA,NA,NA,NA,NA,NA,NA,NA,NA,NA,NA,NA,NA,NA,NA,NA,NA,NA,NA,NA,NA,NA,NA,NA,NA,NA,NA,NA,NA,NA
"1988",1359.68769,345.21822,31.31258,36.392,295.90675,119.45229,336.8062,156.23198,510.35578,73.41893,230.53255,83.27536,75.75211,79.42616,163.93503,63.20612,121.11169,187.62718,333.84597,145.96834,249.71814,296.02699,258.58135,208.83101,207.42199,134.23509,51.90126,76.94275,111.77685,32.82978,219.81717,213.30203,254.19296,98.49044,442.60342,331.17971,661.2354,46.53905,144.09282,37.91177,153.39321,568.38204,334.23022,198.12382,180.92157,161.70674,295.66077,140.16673,39.17122,145.76893,75.11777,153.17712,850.94906,390.24333,258.15015,38.2213,734.82933,366.08531,148.36995,173.13093,275.52444,692.29562,418.04605,592.74021,285.57542,295.49878,284.0546,250.67407,249.4591,173.71694,210.54774,NA,NA,384.1507,160.43793,1182.41088,79.34288,77.8104,196.92451,324.76583,382.14882,258.57311,240.57306,133.38115,245.11425,920.65151,56.60071,22.45913,14.29639,1772.61049,1805.97985,319.1133,1101.47745,763.43935,22640.6667,615.10773,687.31216,98.49044,1663.56217,153.39321,1879.19189,260.05792,153.17712,2272.39317,687.58619,2264.18175,1079.68656,2190.60706,274.73491,1584.5562,977.25222,22.45913,14.29639,NA,NA,NA,NA,NA,NA,NA,NA,NA,NA,NA,NA,NA,NA,NA,NA,NA,NA,NA,NA,NA,NA,NA,NA,NA,NA,NA,NA,NA,NA,NA,NA,NA,NA,NA,NA,NA,NA,NA,NA,NA,NA,NA,NA,NA,NA,NA,NA,NA,NA,NA,NA,NA,NA,NA,NA,NA,NA,NA,NA,NA,NA,NA,NA,NA,NA,NA,NA,NA,NA,NA,NA,NA,NA,NA,NA,NA,NA,NA,NA,NA,NA,NA,NA,NA,NA,NA,NA,NA,NA,NA,NA,NA,NA,NA,NA,NA,NA,NA,NA,NA,NA,NA,NA,NA,NA,NA,NA,NA,NA,NA,NA,NA,NA,NA,NA,NA,NA,NA,NA,NA,NA,NA,NA,NA,NA,NA,NA,NA,NA,NA,NA,NA,NA,NA,NA,NA,NA,NA,NA,NA,NA,NA,NA,NA,NA,NA,NA,NA,NA,NA,NA,NA,NA,NA,NA,NA,NA,NA,NA,NA,NA,NA,NA,NA,NA,NA,NA,NA,NA,NA,NA,NA,NA,NA,NA,NA,NA,NA,NA,NA,NA,NA,NA,NA,NA,NA,NA,NA,NA,NA,NA,NA,NA,NA,NA,NA,NA,NA,NA,NA,NA,NA,NA,NA,NA,NA,NA,NA,NA,NA,NA,NA,NA,NA,NA,NA,NA,NA,NA,NA,NA,NA,NA,NA,NA,NA
"1989",1290.35307,336.83348,30.83442,37.68971,284.25267,123.566,341.49522,150.22034,518.93216,73.37729,232.47141,87.70566,71.60012,83.96617,166.45164,64.81373,116.48638,186.81817,336.29623,149.6932,244.46206,288.16139,264.56758,211.41233,186.80869,137.77323,53.09308,85.05398,116.55188,34.47249,225.73313,212.31512,252.9488,101.75368,439.14176,334.60327,683.46336,48.59686,143.69708,40.88151,152.47194,596.61358,346.30483,194.59938,180.70188,165.97522,310.68149,144.90288,45.03651,145.05876,88.24663,158.84395,868.76834,395.44991,267.10404,39.83148,731.89565,366.9075,152.09,173.10751,269.37691,707.41994,425.41404,603.90971,299.94642,297.86781,290.70124,255.68249,248.57167,177.19842,214.50895,NA,NA,380.6982,155.76338,1167.46248,81.10645,87.58607,199.56493,333.90981,376.56735,273.85612,243.84105,130.4381,234.32377,930.3708,58.13401,21.13828,17.36844,1695.71068,1812.02074,322.01792,1098.56978,764.14129,22796.6667,613.75335,690.99705,101.75368,1690.38384,152.47194,1939.77927,278.3419,158.84395,2303.04943,692.10501,2306.06701,1092.82321,2176.73788,287.15101,1592.93619,988.50481,21.13828,17.36844,NA,NA,NA,NA,NA,NA,NA,NA,NA,NA,NA,NA,NA,NA,NA,NA,NA,NA,NA,NA,NA,NA,NA,NA,NA,NA,NA,NA,NA,NA,NA,NA,NA,NA,NA,NA,NA,NA,NA,NA,NA,NA,NA,NA,NA,NA,NA,NA,NA,NA,NA,NA,NA,NA,NA,NA,NA,NA,NA,NA,NA,NA,NA,NA,NA,NA,NA,NA,NA,NA,NA,NA,NA,NA,NA,NA,NA,NA,NA,NA,NA,NA,NA,NA,NA,NA,NA,NA,NA,NA,NA,NA,NA,NA,NA,NA,NA,NA,NA,NA,NA,NA,NA,NA,NA,NA,NA,NA,NA,NA,NA,NA,NA,NA,NA,NA,NA,NA,NA,NA,NA,NA,NA,NA,NA,NA,NA,NA,NA,NA,NA,NA,NA,NA,NA,NA,NA,NA,NA,NA,NA,NA,NA,NA,NA,NA,NA,NA,NA,NA,NA,NA,NA,NA,NA,NA,NA,NA,NA,NA,NA,NA,NA,NA,NA,NA,NA,NA,NA,NA,NA,NA,NA,NA,NA,NA,NA,NA,NA,NA,NA,NA,NA,NA,NA,NA,NA,NA,NA,NA,NA,NA,NA,NA,NA,NA,NA,NA,NA,NA,NA,NA,NA,NA,NA,NA,NA,NA,NA,NA,NA,NA,NA,NA,NA,NA,NA,NA,NA,NA,NA,NA,NA,NA,NA,NA,NA
"1990",1212.46481,341.26207,28.50216,37.21538,268.27144,122.80404,354.83746,146.73614,531.03811,72.73048,243.79456,89.45731,64.53956,83.98499,170.35628,62.15194,119.31161,187.116,314.82744,153.69447,239.6899,283.68134,284.85717,210.35095,168.15075,144.6279,53.49706,91.5239,117.99214,35.72014,250.3545,218.24998,264.58153,109.3729,440.12528,347.9805,700.07039,44.99346,144.55756,41.99119,150.75424,612.92906,361.85884,197.50079,184.93213,174.80712,330.92313,149.6778,49.07402,142.58236,97.78448,162.10057,853.57641,395.53915,273.36625,41.72167,708.66191,359.01164,154.2101,169.83376,260.76247,706.56837,420.83208,604.73198,319.43762,290.65258,292.24722,255.66468,247.54342,178.31111,209.22043,NA,NA,388.18939,148.42778,1154.43407,75.6698,100.32073,209.08354,347.09757,375.23675,285.66412,245.06609,130.77126,232.89736,941.67581,61.69316,21.11643,23.37401,1619.44442,1829.66954,318.88082,1076.79137,778.88945,22895,611.5119,733.18601,109.3729,1719.71837,150.75424,2012.62887,289.44086,162.10057,2272.86539,683.0555,2312.33251,1086.1079,2154.25258,309.40428,1616.73314,1003.36897,21.11643,23.37401,NA,NA,NA,NA,NA,NA,NA,NA,NA,NA,NA,NA,NA,NA,NA,NA,NA,NA,NA,NA,NA,NA,NA,NA,NA,NA,NA,NA,NA,NA,NA,NA,NA,NA,NA,NA,NA,NA,NA,NA,NA,NA,NA,NA,NA,NA,NA,NA,NA,NA,NA,NA,NA,NA,NA,NA,NA,NA,NA,NA,NA,NA,NA,NA,NA,NA,NA,NA,NA,NA,NA,NA,NA,NA,NA,NA,NA,NA,NA,NA,NA,NA,NA,NA,NA,NA,NA,NA,NA,NA,NA,NA,NA,NA,NA,NA,NA,NA,NA,NA,NA,NA,NA,NA,NA,NA,NA,NA,NA,NA,NA,NA,NA,NA,NA,NA,NA,NA,NA,NA,NA,NA,NA,NA,NA,NA,NA,NA,NA,NA,NA,NA,NA,NA,NA,NA,NA,NA,NA,NA,NA,NA,NA,NA,NA,NA,NA,NA,NA,NA,NA,NA,NA,NA,NA,NA,NA,NA,NA,NA,NA,NA,NA,NA,NA,NA,NA,NA,NA,NA,NA,NA,NA,NA,NA,NA,NA,NA,NA,NA,NA,NA,NA,NA,NA,NA,NA,NA,NA,NA,NA,NA,NA,NA,NA,NA,NA,NA,NA,NA,NA,NA,NA,NA,NA,NA,NA,NA,NA,NA,NA,NA,NA,NA,NA,NA,NA,NA,NA,NA,NA,NA,NA,NA,NA,NA,NA
"1991",1119.95241,349.15229,25.06984,38.05212,256.15897,120.23447,361.6257,141.96764,536.5924,72.23066,245.30279,91.35557,58.36057,81.12823,168.50931,56.58909,122.15421,184.96461,287.73047,156.1943,235.49382,267.14262,294.69539,203.66681,156.07136,151.5798,48.15159,88.76913,119.01503,34.44642,266.50809,218.81955,278.64397,116.39574,426.90546,361.99547,709.01348,40.82664,145.69646,45.54113,155.62194,614.2682,368.19891,207.93786,184.5871,181.67954,353.80758,152.97,48.00039,141.94312,109.6988,172.27516,850.66964,400.11269,285.61359,46.78411,695.60382,356.82515,156.37352,174.33149,250.08584,687.02125,418.87271,600.11523,337.61978,281.92113,288.20322,262.82776,249.98092,176.73176,198.96817,NA,NA,390.60008,140.39325,1135.09304,76.91357,105.97078,217.3983,354.71282,384.89598,300.7768,248.79133,127.66389,232.29985,954.14508,65.44085,20.21652,26.00052,1532.22666,1825.4682,307.99812,1043.12652,765.50483,22873.6667,598.03333,763.97162,116.39574,1729.97865,155.62194,2063.44919,299.64231,172.27516,2278.78386,687.53015,2293.7148,1082.93302,2118.69987,323.36908,1649.14067,1019.58593,20.21652,26.00052,NA,NA,NA,NA,NA,NA,NA,NA,NA,NA,NA,NA,NA,NA,NA,NA,NA,NA,NA,NA,NA,NA,NA,NA,NA,NA,NA,NA,NA,NA,NA,NA,NA,NA,NA,NA,NA,NA,NA,NA,NA,NA,NA,NA,NA,NA,NA,NA,NA,NA,NA,NA,NA,NA,NA,NA,NA,NA,NA,NA,NA,NA,NA,NA,NA,NA,NA,NA,NA,NA,NA,NA,NA,NA,NA,NA,NA,NA,NA,NA,NA,NA,NA,NA,NA,NA,NA,NA,NA,NA,NA,NA,NA,NA,NA,NA,NA,NA,NA,NA,NA,NA,NA,NA,NA,NA,NA,NA,NA,NA,NA,NA,NA,NA,NA,NA,NA,NA,NA,NA,NA,NA,NA,NA,NA,NA,NA,NA,NA,NA,NA,NA,NA,NA,NA,NA,NA,NA,NA,NA,NA,NA,NA,NA,NA,NA,NA,NA,NA,NA,NA,NA,NA,NA,NA,NA,NA,NA,NA,NA,NA,NA,NA,NA,NA,NA,NA,NA,NA,NA,NA,NA,NA,NA,NA,NA,NA,NA,NA,NA,NA,NA,NA,NA,NA,NA,NA,NA,NA,NA,NA,NA,NA,NA,NA,NA,NA,NA,NA,NA,NA,NA,NA,NA,NA,NA,NA,NA,NA,NA,NA,NA,NA,NA,NA,NA,NA,NA,NA,NA,NA,NA,NA,NA,NA,NA,NA
"1992",1023.14605,351.37476,21.88422,38.31568,241.86561,115.74793,360.18071,135.3108,528.41007,70.49894,249.93719,91.22555,51.23782,75.30008,169.19114,50.78756,122.80036,179.0341,257.09495,155.18637,233.72773,246.5176,297.93402,200.37194,140.09317,151.86547,42.3377,83.56642,116.27686,33.74961,278.25862,213.95884,296.72925,121.2612,407.16621,370.02613,703.82177,36.28768,146.55554,48.33361,155.11621,601.71074,367.58767,216.48787,188.79136,192.53688,368.96176,151.14988,47.10293,143.44318,119.28448,178.76749,835.96626,414.0278,291.29063,50.98727,685.41328,350.15277,161.64229,174.32292,254.06231,671.19709,422.96398,584.61727,348.68896,264.45492,283.83715,285.14741,243.70703,169.83662,201.37269,NA,NA,416.25227,142.73791,1154.80971,76.00847,111.47974,225.0525,355.69014,403.53936,308.11735,256.80684,126.61694,235.0196,972.39964,70.32308,19.61193,28.20276,1434.72072,1793.17681,295.72904,998.63108,744.82357,22784.6667,567.88922,788.94671,121.2612,1712.19094,155.11621,2087.22617,309.83059,178.76749,2277.68524,686.11798,2281.52962,1077.14652,2161.01767,336.53224,1685.79023,1042.72272,19.61193,28.20276,NA,NA,NA,NA,NA,NA,NA,NA,NA,NA,NA,NA,NA,NA,NA,NA,NA,NA,NA,NA,NA,NA,NA,NA,NA,NA,NA,NA,NA,NA,NA,NA,NA,NA,NA,NA,NA,NA,NA,NA,NA,NA,NA,NA,NA,NA,NA,NA,NA,NA,NA,NA,NA,NA,NA,NA,NA,NA,NA,NA,NA,NA,NA,NA,NA,NA,NA,NA,NA,NA,NA,NA,NA,NA,NA,NA,NA,NA,NA,NA,NA,NA,NA,NA,NA,NA,NA,NA,NA,NA,NA,NA,NA,NA,NA,NA,NA,NA,NA,NA,NA,NA,NA,NA,NA,NA,NA,NA,NA,NA,NA,NA,NA,NA,NA,NA,NA,NA,NA,NA,NA,NA,NA,NA,NA,NA,NA,NA,NA,NA,NA,NA,NA,NA,NA,NA,NA,NA,NA,NA,NA,NA,NA,NA,NA,NA,NA,NA,NA,NA,NA,NA,NA,NA,NA,NA,NA,NA,NA,NA,NA,NA,NA,NA,NA,NA,NA,NA,NA,NA,NA,NA,NA,NA,NA,NA,NA,NA,NA,NA,NA,NA,NA,NA,NA,NA,NA,NA,NA,NA,NA,NA,NA,NA,NA,NA,NA,NA,NA,NA,NA,NA,NA,NA,NA,NA,NA,NA,NA,NA,NA,NA,NA,NA,NA,NA,NA,NA,NA,NA,NA,NA,NA,NA,NA,NA,NA
"1993",936.41567,340.02014,25.36371,38.73142,222.14127,109.21473,355.33845,130.42652,519.74198,65.70502,248.08307,94.4775,44.81503,74.69089,163.40695,49.09064,122.34979,169.90374,243.20928,151.87261,229.24319,233.4079,293.86359,202.05359,121.64529,153.33323,37.08931,78.88146,115.86744,33.05406,271.89582,208.12226,317.45133,125.62156,386.52316,365.7902,694.33937,38.54033,144.17853,49.00143,153.13011,605.71132,356.24066,235.8636,184.40632,196.4224,367.87217,150.49665,46.03119,140.99786,128.52828,187.69198,846.12024,425.93836,304.49676,53.03276,689.84291,341.62391,164.14422,175.19384,264.60641,667.42003,441.04597,569.3794,355.96935,257.76488,281.05867,301.9078,240.5804,167.45791,205.77664,NA,NA,426.69057,150.14509,1172.88281,80.23239,110.60287,224.68681,359.81695,418.00769,315.61073,271.45682,119.33002,230.55364,973.62771,72.73585,20.49557,23.78837,1340.53094,1745.12853,282.91288,965.66925,729.32508,22701,539.87079,797.46941,125.62156,1678.37303,153.13011,2097.01314,315.55732,187.69198,2319.43102,680.96198,2298.42117,1081.31175,2221.86705,335.28968,1714.77584,1046.36356,20.49557,23.78837,NA,NA,NA,NA,NA,NA,NA,NA,NA,NA,NA,NA,NA,NA,NA,NA,NA,NA,NA,NA,NA,NA,NA,NA,NA,NA,NA,NA,NA,NA,NA,NA,NA,NA,NA,NA,NA,NA,NA,NA,NA,NA,NA,NA,NA,NA,NA,NA,NA,NA,NA,NA,NA,NA,NA,NA,NA,NA,NA,NA,NA,NA,NA,NA,NA,NA,NA,NA,NA,NA,NA,NA,NA,NA,NA,NA,NA,NA,NA,NA,NA,NA,NA,NA,NA,NA,NA,NA,NA,NA,NA,NA,NA,NA,NA,NA,NA,NA,NA,NA,NA,NA,NA,NA,NA,NA,NA,NA,NA,NA,NA,NA,NA,NA,NA,NA,NA,NA,NA,NA,NA,NA,NA,NA,NA,NA,NA,NA,NA,NA,NA,NA,NA,NA,NA,NA,NA,NA,NA,NA,NA,NA,NA,NA,NA,NA,NA,NA,NA,NA,NA,NA,NA,NA,NA,NA,NA,NA,NA,NA,NA,NA,NA,NA,NA,NA,NA,NA,NA,NA,NA,NA,NA,NA,NA,NA,NA,NA,NA,NA,NA,NA,NA,NA,NA,NA,NA,NA,NA,NA,NA,NA,NA,NA,NA,NA,NA,NA,NA,NA,NA,NA,NA,NA,NA,NA,NA,NA,NA,NA,NA,NA,NA,NA,NA,NA,NA,NA,NA,NA,NA,NA,NA,NA,NA,NA,NA
"1994",859.82016,323.12852,29.97489,35.59685,205.31981,107.15192,356.3199,133.56643,521.61738,65.70933,253.13192,94.99103,40.73282,76.94124,160.31214,46.46624,125.1267,160.97305,236.44767,153.49899,229.06106,231.34887,295.84145,210.86654,99.02438,153.93834,37.21434,80.59897,111.22372,30.31754,271.70346,198.83078,335.83069,135.07607,371.49783,374.70042,691.13702,41.02478,142.03228,49.58166,138.32246,610.5812,349.40519,250.7206,180.75303,194.09637,368.13615,151.81166,43.17509,137.91946,129.88881,194.64256,853.87793,421.05517,311.897,56.33732,679.96905,331.67243,166.23301,174.463,275.45117,683.21747,460.22812,564.2912,357.89715,246.02116,281.08031,310.54513,237.92589,168.26552,215.25665,NA,NA,450.09685,154.20878,1189.23934,78.65801,116.54339,229.08499,370.20215,426.19742,323.72935,278.99124,125.98905,226.69178,981.48312,74.6485,19.67027,20.24635,1248.52042,1737.80771,277.9862,951.57372,738.05686,22723.3333,512.3173,806.36493,135.07607,1669.97398,138.32246,2105.50421,310.98336,194.64256,2323.13648,672.36844,2341.08511,1075.57249,2290.56342,345.62837,1751.80099,1056.13162,19.67027,20.24635,NA,NA,NA,NA,NA,NA,NA,NA,NA,NA,NA,NA,NA,NA,NA,NA,NA,NA,NA,NA,NA,NA,NA,NA,NA,NA,NA,NA,NA,NA,NA,NA,NA,NA,NA,NA,NA,NA,NA,NA,NA,NA,NA,NA,NA,NA,NA,NA,NA,NA,NA,NA,NA,NA,NA,NA,NA,NA,NA,NA,NA,NA,NA,NA,NA,NA,NA,NA,NA,NA,NA,NA,NA,NA,NA,NA,NA,NA,NA,NA,NA,NA,NA,NA,NA,NA,NA,NA,NA,NA,NA,NA,NA,NA,NA,NA,NA,NA,NA,NA,NA,NA,NA,NA,NA,NA,NA,NA,NA,NA,NA,NA,NA,NA,NA,NA,NA,NA,NA,NA,NA,NA,NA,NA,NA,NA,NA,NA,NA,NA,NA,NA,NA,NA,NA,NA,NA,NA,NA,NA,NA,NA,NA,NA,NA,NA,NA,NA,NA,NA,NA,NA,NA,NA,NA,NA,NA,NA,NA,NA,NA,NA,NA,NA,NA,NA,NA,NA,NA,NA,NA,NA,NA,NA,NA,NA,NA,NA,NA,NA,NA,NA,NA,NA,NA,NA,NA,NA,NA,NA,NA,NA,NA,NA,NA,NA,NA,NA,NA,NA,NA,NA,NA,NA,NA,NA,NA,NA,NA,NA,NA,NA,NA,NA,NA,NA,NA,NA,NA,NA,NA,NA,NA,NA,NA,NA,NA
"1995",812.98957,324.99416,32.43789,31.875,199.98101,107.39055,353.76589,142.81762,531.36178,66.73011,253.66362,95.33497,37.16115,81.29529,156.17864,47.24671,129.9648,155.83296,230.32982,157.95798,227.04963,223.84808,297.48548,214.21861,77.25866,154.22951,36.2705,83.69532,110.94312,29.11214,282.36837,195.98518,351.52893,144.03824,367.76044,386.82451,708.36832,45.31045,141.0374,48.70905,127.9457,622.50958,351.72427,264.99738,167.51224,193.63481,371.28848,151.66223,38.16995,131.19375,130.61745,203.32195,866.90532,408.7045,319.46326,58.25437,668.97371,320.68372,165.24888,177.39645,278.41133,696.77567,475.78834,562.51543,363.13482,242.72078,280.21365,309.7841,227.66138,171.75105,226.14213,229.5744,284.01325,513.58765,159.51181,1193.35626,76.74977,121.43907,227.14584,381.43624,428.36634,333.64569,286.11862,133.72084,229.66921,977.32526,80.18361,19.2015,17.41748,1202.29663,1751.04555,274.63508,948.3819,735.55216,22829.3333,491.50925,829.88248,144.03824,1698.01018,127.9457,2123.32899,299.98115,203.32195,2322.30116,663.32905,2376.62558,1060.37991,2341.09867,348.58491,1792.95693,1057.50886,19.2015,17.41748,NA,NA,NA,NA,NA,NA,NA,NA,NA,NA,NA,NA,NA,NA,NA,NA,NA,NA,NA,NA,NA,NA,NA,NA,NA,NA,NA,NA,NA,NA,NA,NA,NA,NA,NA,NA,NA,NA,NA,NA,NA,NA,NA,NA,NA,NA,NA,NA,NA,NA,NA,NA,NA,NA,NA,NA,NA,NA,NA,NA,NA,NA,NA,NA,NA,NA,NA,NA,NA,NA,NA,NA,NA,NA,NA,NA,NA,NA,NA,NA,NA,NA,NA,NA,NA,NA,NA,NA,NA,NA,NA,NA,NA,NA,NA,NA,NA,NA,NA,NA,NA,NA,NA,NA,NA,NA,NA,NA,NA,NA,NA,NA,NA,NA,NA,NA,NA,NA,NA,NA,NA,NA,NA,NA,NA,NA,NA,NA,NA,NA,NA,NA,NA,NA,NA,NA,NA,NA,NA,NA,NA,NA,NA,NA,NA,NA,NA,NA,NA,NA,NA,NA,NA,NA,NA,NA,NA,NA,NA,NA,NA,NA,NA,NA,NA,NA,NA,NA,NA,NA,NA,NA,NA,NA,NA,NA,NA,NA,NA,NA,NA,NA,NA,NA,NA,NA,NA,NA,NA,NA,NA,NA,NA,NA,NA,NA,NA,NA,NA,NA,NA,NA,NA,NA,NA,NA,NA,NA,NA,NA,NA,NA,NA,NA,NA,NA,NA,NA,NA,NA,NA,NA,NA,NA,NA,NA,NA
"1996",777.56663,323.55427,29.28177,29.69836,203.79671,109.15646,348.28545,147.9348,535.03146,71.31753,248.13762,91.3659,39.91264,80.96531,159.0532,48.03729,129.60608,157.15733,231.65655,165.20418,229.16366,211.94957,300.92373,217.68208,70.56563,151.01912,34.70328,81.28921,105.30987,28.00785,289.75219,192.73813,355.6366,154.31746,370.00376,399.81385,718.59344,45.7516,143.56173,49.73365,119.8728,616.81396,357.95403,263.97838,164.47272,199.73192,382.06426,149.3664,32.01149,130.57505,134.46437,209.40354,868.27185,396.51403,319.11628,56.99351,645.43242,316.14064,164.19066,181.102,282.19704,701.72479,470.51558,563.65097,358.77716,240.85229,281.46114,313.41613,216.79659,169.87656,242.54375,254.08175,297.26367,551.34542,169.90178,1202.39595,78.01441,123.91566,234.75146,390.55234,429.55435,341.08687,285.70358,145.33762,250.39299,977.94323,88.4821,18.7636,18.34033,1160.10104,1755.02593,279.93115,960.82508,730.55538,22934,470.89496,838.12693,154.31746,1727.45802,119.8728,2134.38168,297.05092,209.40354,2286.32809,661.4333,2376.86554,1052.52615,2414.07789,358.66712,1842.62775,1066.42533,18.7636,18.34033,NA,NA,NA,NA,NA,NA,NA,NA,NA,NA,NA,NA,NA,NA,NA,NA,NA,NA,NA,NA,NA,NA,NA,NA,NA,NA,NA,NA,NA,NA,NA,NA,NA,NA,NA,NA,NA,NA,NA,NA,NA,NA,NA,NA,NA,NA,NA,NA,NA,NA,NA,NA,NA,NA,NA,NA,NA,NA,NA,NA,NA,NA,NA,NA,NA,NA,NA,NA,NA,NA,NA,NA,NA,NA,NA,NA,NA,NA,NA,NA,NA,NA,NA,NA,NA,NA,NA,NA,NA,NA,NA,NA,NA,NA,NA,NA,NA,NA,NA,NA,NA,NA,NA,NA,NA,NA,NA,NA,NA,NA,NA,NA,NA,NA,NA,NA,NA,NA,NA,NA,NA,NA,NA,NA,NA,NA,NA,NA,NA,NA,NA,NA,NA,NA,NA,NA,NA,NA,NA,NA,NA,NA,NA,NA,NA,NA,NA,NA,NA,NA,NA,NA,NA,NA,NA,NA,NA,NA,NA,NA,NA,NA,NA,NA,NA,NA,NA,NA,NA,NA,NA,NA,NA,NA,NA,NA,NA,NA,NA,NA,NA,NA,NA,NA,NA,NA,NA,NA,NA,NA,NA,NA,NA,NA,NA,NA,NA,NA,NA,NA,NA,NA,NA,NA,NA,NA,NA,NA,NA,NA,NA,NA,NA,NA,NA,NA,NA,NA,NA,NA,NA,NA,NA,NA,NA,NA,NA
"1997",748.58727,322.37184,26.19739,26.61164,201.24836,108.90587,340.90533,148.28878,529.69731,72.50416,236.46643,87.27729,40.85829,82.39714,161.09187,51.09445,130.88372,162.27007,225.16788,163.80755,233.20102,209.72111,310.48155,215.65066,68.23272,145.91928,29.94022,78.90402,101.79466,29.78898,289.49705,197.31005,356.98965,152.29058,377.49229,408.47106,730.42482,45.213,148.31751,49.27657,119.45341,601.5684,365.09576,267.63215,159.65361,212.19391,394.34248,145.77468,30.67094,125.56366,140.48302,213.23841,862.5578,393.22701,322.56226,52.75572,637.29772,312.36698,165.99608,186.51945,289.55739,694.92533,465.85232,564.68376,360.43857,248.53779,285.22661,311.53281,209.45028,164.63279,249.89515,284.70212,312.69592,597.39804,183.57276,1203.89515,80.59056,121.2801,237.81082,396.78103,431.8098,342.76836,289.3262,155.16782,269.25896,989.68996,93.46647,18.55516,19.05981,1123.76813,1725.29353,284.34729,966.42469,735.85332,23029.6667,454.57987,843.79676,152.29058,1759.19525,119.45341,2146.26099,296.71762,213.23841,2268.4005,664.88251,2375.45738,1054.7475,2479.98444,359.09092,1885.11217,1083.15643,18.55516,19.05981,NA,NA,NA,NA,NA,NA,NA,NA,NA,NA,NA,NA,NA,NA,NA,NA,NA,NA,NA,NA,NA,NA,NA,NA,NA,NA,NA,NA,NA,NA,NA,NA,NA,NA,NA,NA,NA,NA,NA,NA,NA,NA,NA,NA,NA,NA,NA,NA,NA,NA,NA,NA,NA,NA,NA,NA,NA,NA,NA,NA,NA,NA,NA,NA,NA,NA,NA,NA,NA,NA,NA,NA,NA,NA,NA,NA,NA,NA,NA,NA,NA,NA,NA,NA,NA,NA,NA,NA,NA,NA,NA,NA,NA,NA,NA,NA,NA,NA,NA,NA,NA,NA,NA,NA,NA,NA,NA,NA,NA,NA,NA,NA,NA,NA,NA,NA,NA,NA,NA,NA,NA,NA,NA,NA,NA,NA,NA,NA,NA,NA,NA,NA,NA,NA,NA,NA,NA,NA,NA,NA,NA,NA,NA,NA,NA,NA,NA,NA,NA,NA,NA,NA,NA,NA,NA,NA,NA,NA,NA,NA,NA,NA,NA,NA,NA,NA,NA,NA,NA,NA,NA,NA,NA,NA,NA,NA,NA,NA,NA,NA,NA,NA,NA,NA,NA,NA,NA,NA,NA,NA,NA,NA,NA,NA,NA,NA,NA,NA,NA,NA,NA,NA,NA,NA,NA,NA,NA,NA,NA,NA,NA,NA,NA,NA,NA,NA,NA,NA,NA,NA,NA,NA,NA,NA,NA,NA,NA
"1998",728.62931,309.33296,25.65004,25.43607,196.23842,106.7512,339.4466,150.559,521.6752,72.19119,225.00034,83.38732,44.88597,83.74807,157.30027,51.6374,132.14438,165.32414,232.96912,165.02278,237.57651,211.96786,326.28814,215.95394,66.92637,143.51908,29.17932,75.03015,92.60654,31.72258,281.18209,201.87839,362.93889,154.50347,391.54663,414.22547,725.4602,42.81738,150.04514,51.84392,120.01202,584.18702,363.68246,283.14267,159.72055,218.00681,409.69592,145.5707,31.79517,135.93273,158.67752,219.65206,849.09333,391.97829,327.82787,50.83544,591.17595,307.16788,165.38102,185.79181,298.63793,707.53551,463.86104,561.5385,358.40189,259.60932,290.99706,317.03715,214.37806,166.55013,252.60042,317.59522,329.38817,646.98338,191.80683,1200.58775,80.9886,122.04306,251.88147,401.7204,438.36368,341.44804,294.07025,164.44987,288.88108,999.42748,93.4761,16.68407,23.83859,1089.04837,1695.24926,285.93431,984.67433,754.20994,23171.6667,438.98403,845.99936,154.50347,1775.93874,120.01202,2164.00612,326.40542,219.65206,2210.91087,658.3407,2389.97487,1082.02159,2539.51712,373.92453,1928.93331,1092.90358,16.68407,23.83859,NA,NA,NA,NA,NA,NA,NA,NA,NA,NA,NA,NA,NA,NA,NA,NA,NA,NA,NA,NA,NA,NA,NA,NA,NA,NA,NA,NA,NA,NA,NA,NA,NA,NA,NA,NA,NA,NA,NA,NA,NA,NA,NA,NA,NA,NA,NA,NA,NA,NA,NA,NA,NA,NA,NA,NA,NA,NA,NA,NA,NA,NA,NA,NA,NA,NA,NA,NA,NA,NA,NA,NA,NA,NA,NA,NA,NA,NA,NA,NA,NA,NA,NA,NA,NA,NA,NA,NA,NA,NA,NA,NA,NA,NA,NA,NA,NA,NA,NA,NA,NA,NA,NA,NA,NA,NA,NA,NA,NA,NA,NA,NA,NA,NA,NA,NA,NA,NA,NA,NA,NA,NA,NA,NA,NA,NA,NA,NA,NA,NA,NA,NA,NA,NA,NA,NA,NA,NA,NA,NA,NA,NA,NA,NA,NA,NA,NA,NA,NA,NA,NA,NA,NA,NA,NA,NA,NA,NA,NA,NA,NA,NA,NA,NA,NA,NA,NA,NA,NA,NA,NA,NA,NA,NA,NA,NA,NA,NA,NA,NA,NA,NA,NA,NA,NA,NA,NA,NA,NA,NA,NA,NA,NA,NA,NA,NA,NA,NA,NA,NA,NA,NA,NA,NA,NA,NA,NA,NA,NA,NA,NA,NA,NA,NA,NA,NA,NA,NA,NA,NA,NA,NA,NA,NA,NA,NA,NA
"1999",710.52639,305.01163,27.94851,21.98962,204.00451,106.38798,343.50979,155.79006,518.13369,71.5791,226.69338,86.76164,47.26513,84.34974,153.45479,54.58939,139.18051,169.17898,245.01937,164.97272,234.55067,234.93522,344.4861,214.03726,62.4853,140.99675,27.55719,78.36986,92.71564,32.49583,274.57266,205.60605,370.57852,149.65663,411.61943,427.36352,737.768,47.52367,152.49878,54.34292,125.69892,571.19448,368.94562,318.45284,153.85132,228.23931,432.02981,148.24024,35.03452,148.63174,173.91523,232.20104,866.57307,390.91417,336.87925,53.23351,547.2731,302.60496,169.14485,181.8392,299.60799,735.49865,480.44379,544.91757,375.01214,266.85613,299.65618,319.52121,214.88171,171.57148,252.34845,334.44186,349.11839,683.56025,196.15955,1205.12649,80.71163,129.58871,256.84384,410.14966,446.1788,326.46125,310.19816,181.92696,296.89342,1016.51036,94.68082,15.20258,26.42146,1065.47615,1712.86016,285.06966,1007.49165,793.45857,23552.3333,434.62057,850.75722,149.65663,1831.11631,125.69892,2220.95361,357.5815,232.20104,2194.8731,653.58901,2435.48014,1100.91524,2589.47785,386.43255,1971.80825,1111.19117,15.20258,26.42146,NA,NA,NA,NA,NA,NA,NA,NA,NA,NA,NA,NA,NA,NA,NA,NA,NA,NA,NA,NA,NA,NA,NA,NA,NA,NA,NA,NA,NA,NA,NA,NA,NA,NA,NA,NA,NA,NA,NA,NA,NA,NA,NA,NA,NA,NA,NA,NA,NA,NA,NA,NA,NA,NA,NA,NA,NA,NA,NA,NA,NA,NA,NA,NA,NA,NA,NA,NA,NA,NA,NA,NA,NA,NA,NA,NA,NA,NA,NA,NA,NA,NA,NA,NA,NA,NA,NA,NA,NA,NA,NA,NA,NA,NA,NA,NA,NA,NA,NA,NA,NA,NA,NA,NA,NA,NA,NA,NA,NA,NA,NA,NA,NA,NA,NA,NA,NA,NA,NA,NA,NA,NA,NA,NA,NA,NA,NA,NA,NA,NA,NA,NA,NA,NA,NA,NA,NA,NA,NA,NA,NA,NA,NA,NA,NA,NA,NA,NA,NA,NA,NA,NA,NA,NA,NA,NA,NA,NA,NA,NA,NA,NA,NA,NA,NA,NA,NA,NA,NA,NA,NA,NA,NA,NA,NA,NA,NA,NA,NA,NA,NA,NA,NA,NA,NA,NA,NA,NA,NA,NA,NA,NA,NA,NA,NA,NA,NA,NA,NA,NA,NA,NA,NA,NA,NA,NA,NA,NA,NA,NA,NA,NA,NA,NA,NA,NA,NA,NA,NA,NA,NA,NA,NA,NA,NA,NA,NA
"2000",696.28917,303.42392,31.65409,22.61931,203.05911,101.90787,348.36877,155.00739,518.04933,74.48347,234.30022,95.58624,47.43302,83.79253,150.42093,60.9395,143.52323,175.48218,260.00198,166.52777,233.74753,254.20308,358.52342,212.40687,57.87947,139.15526,29.9074,79.10517,92.97925,34.38533,276.6394,208.32857,379.82648,163.53814,434.45213,438.35769,745.94111,56.18559,154.92018,60.42196,130.66045,559.61851,372.25232,355.19074,149.85008,237.35311,454.92532,152.65634,36.50762,163.83619,208.66373,239.92375,882.27442,397.26685,337.17216,54.02615,485.01831,297.8103,165.26586,177.91025,303.90377,766.80861,485.81761,532.83945,389.38841,267.18523,304.05007,326.40281,209.67155,177.60337,261.41059,339.08064,363.87059,702.95124,199.78575,1214.75507,84.61376,135.95,266.3551,417.8406,455.9584,321.2924,321.05819,204.11623,306.40781,1026.09392,100.09714,14.50735,32.84572,1053.98649,1730.76241,281.64649,1040.22218,825.13337,23971.6667,433.41189,864.79445,163.53814,1890.27867,130.66045,2281.84641,409.00753,239.92375,2155.75789,640.98641,2478.75786,1107.30967,2641.11977,402.30509,2026.67362,1126.19106,14.50735,32.84572,NA,NA,NA,NA,NA,NA,NA,NA,NA,NA,NA,NA,NA,NA,NA,NA,NA,NA,NA,NA,NA,NA,NA,NA,NA,NA,NA,NA,NA,NA,NA,NA,NA,NA,NA,NA,NA,NA,NA,NA,NA,NA,NA,NA,NA,NA,NA,NA,NA,NA,NA,NA,NA,NA,NA,NA,NA,NA,NA,NA,NA,NA,NA,NA,NA,NA,NA,NA,NA,NA,NA,NA,NA,NA,NA,NA,NA,NA,NA,NA,NA,NA,NA,NA,NA,NA,NA,NA,NA,NA,NA,NA,NA,NA,NA,NA,NA,NA,NA,NA,NA,NA,NA,NA,NA,NA,NA,NA,NA,NA,NA,NA,NA,NA,NA,NA,NA,NA,NA,NA,NA,NA,NA,NA,NA,NA,NA,NA,NA,NA,NA,NA,NA,NA,NA,NA,NA,NA,NA,NA,NA,NA,NA,NA,NA,NA,NA,NA,NA,NA,NA,NA,NA,NA,NA,NA,NA,NA,NA,NA,NA,NA,NA,NA,NA,NA,NA,NA,NA,NA,NA,NA,NA,NA,NA,NA,NA,NA,NA,NA,NA,NA,NA,NA,NA,NA,NA,NA,NA,NA,NA,NA,NA,NA,NA,NA,NA,NA,NA,NA,NA,NA,NA,NA,NA,NA,NA,NA,NA,NA,NA,NA,NA,NA,NA,NA,NA,NA,NA,NA,NA,NA,NA,NA,NA,NA,NA
"2001",680.07391,313.92664,38.3308,24.43487,199.17447,102.9027,360.85909,151.22158,520.68493,75.91945,245.00457,102.26084,44.68857,79.2816,149.3071,63.1758,144.52571,179.54393,262.42004,167.71397,231.65461,276.43464,363.80147,214.5061,54.81721,127.90073,30.79616,81.42827,98.90192,37.53941,275.8207,205.81915,385.64853,175.62079,443.07903,450.80204,750.82041,70.17399,163.17725,62.91996,133.25144,549.06664,380.69728,400.93662,147.03727,261.42203,481.00331,151.18617,37.4489,166.73143,234.67586,246.06204,898.0879,401.96324,346.16308,53.43154,447.03484,296.74913,171.15352,181.16223,307.0256,779.09997,497.4444,521.9143,411.68971,262.10889,308.82827,326.12807,200.59733,182.37486,261.22467,344.50148,378.13994,722.64141,200.20591,1221.78826,95.5155,141.83349,270.07529,434.34621,460.99039,316.89877,321.37453,227.73713,305.57581,1046.93948,109.47613,14.71305,46.07545,1056.76622,1758.02764,273.27727,1049.03406,854.7422,24387.0003,431.3837,867.28839,175.62079,1940.97269,133.25144,2371.34931,438.85619,246.06204,2146.6806,649.06488,2517.17398,1097.66255,2683.75061,411.90877,2066.92285,1156.4156,14.71305,46.07545,NA,NA,NA,NA,NA,NA,NA,NA,NA,NA,NA,NA,NA,NA,NA,NA,NA,NA,NA,NA,NA,NA,NA,NA,NA,NA,NA,NA,NA,NA,NA,NA,NA,NA,NA,NA,NA,NA,NA,NA,NA,NA,NA,NA,NA,NA,NA,NA,NA,NA,NA,NA,NA,NA,NA,NA,NA,NA,NA,NA,NA,NA,NA,NA,NA,NA,NA,NA,NA,NA,NA,NA,NA,NA,NA,NA,NA,NA,NA,NA,NA,NA,NA,NA,NA,NA,NA,NA,NA,NA,NA,NA,NA,NA,NA,NA,NA,NA,NA,NA,NA,NA,NA,NA,NA,NA,NA,NA,NA,NA,NA,NA,NA,NA,NA,NA,NA,NA,NA,NA,NA,NA,NA,NA,NA,NA,NA,NA,NA,NA,NA,NA,NA,NA,NA,NA,NA,NA,NA,NA,NA,NA,NA,NA,NA,NA,NA,NA,NA,NA,NA,NA,NA,NA,NA,NA,NA,NA,NA,NA,NA,NA,NA,NA,NA,NA,NA,NA,NA,NA,NA,NA,NA,NA,NA,NA,NA,NA,NA,NA,NA,NA,NA,NA,NA,NA,NA,NA,NA,NA,NA,NA,NA,NA,NA,NA,NA,NA,NA,NA,NA,NA,NA,NA,NA,NA,NA,NA,NA,NA,NA,NA,NA,NA,NA,NA,NA,NA,NA,NA,NA,NA,NA,NA,NA,NA,NA
"2002",687.61859,324.03996,42.38806,27.04488,180.55887,103.11918,369.67938,142.99582,524.48892,75.72603,247.562,104.94166,43.14189,76.12069,147.39541,61.3474,142.52091,178.95444,251.24081,169.40475,234.72473,272.7964,357.10471,217.98769,52.38178,116.52825,32.07221,80.69205,99.20596,42.72271,275.17117,205.2987,388.18047,189.62927,428.37406,457.01332,744.35247,77.5796,171.38372,65.16839,130.50967,545.65551,385.23156,430.98039,144.16068,274.80403,500.97718,149.03936,38.21849,166.53548,260.28396,251.47119,902.2211,409.23134,357.74176,51.92379,417.9606,302.7691,173.48312,190.28318,310.64765,783.79675,498.92121,528.69181,424.75264,257.26847,307.12357,326.35938,197.64707,186.99475,262.05281,349.04827,385.79519,734.84346,198.63573,1215.7704,104.42654,144.70694,276.15191,447.54786,466.28681,326.80133,313.64165,241.35753,305.39221,1068.20952,115.07828,14.33125,52.70672,1081.09149,1749.07186,266.65798,1038.19305,847.8888,24602.2831,423.60295,868.65034,189.62927,1943.87155,130.50967,2430.8487,465.03793,251.47119,2139.07859,666.5354,2546.81006,1088.3985,2702.7237,420.85885,2101.02741,1183.28781,14.33125,52.70672,NA,NA,NA,NA,NA,NA,NA,NA,NA,NA,NA,NA,NA,NA,NA,NA,NA,NA,NA,NA,NA,NA,NA,NA,NA,NA,NA,NA,NA,NA,NA,NA,NA,NA,NA,NA,NA,NA,NA,NA,NA,NA,NA,NA,NA,NA,NA,NA,NA,NA,NA,NA,NA,NA,NA,NA,NA,NA,NA,NA,NA,NA,NA,NA,NA,NA,NA,NA,NA,NA,NA,NA,NA,NA,NA,NA,NA,NA,NA,NA,NA,NA,NA,NA,NA,NA,NA,NA,NA,NA,NA,NA,NA,NA,NA,NA,NA,NA,NA,NA,NA,NA,NA,NA,NA,NA,NA,NA,NA,NA,NA,NA,NA,NA,NA,NA,NA,NA,NA,NA,NA,NA,NA,NA,NA,NA,NA,NA,NA,NA,NA,NA,NA,NA,NA,NA,NA,NA,NA,NA,NA,NA,NA,NA,NA,NA,NA,NA,NA,NA,NA,NA,NA,NA,NA,NA,NA,NA,NA,NA,NA,NA,NA,NA,NA,NA,NA,NA,NA,NA,NA,NA,NA,NA,NA,NA,NA,NA,NA,NA,NA,NA,NA,NA,NA,NA,NA,NA,NA,NA,NA,NA,NA,NA,NA,NA,NA,NA,NA,NA,NA,NA,NA,NA,NA,NA,NA,NA,NA,NA,NA,NA,NA,NA,NA,NA,NA,NA,NA,NA,NA,NA,NA,NA,NA,NA,NA
"2003",688.4359,329.77295,47.09044,27.64565,178.83356,107.79284,375.74816,143.85732,524.86367,74.61827,247.50543,103.51883,40.88649,69.72204,144.06553,56.09262,142.71572,171.4157,236.96985,171.1359,235.20422,263.93074,346.93913,219.74166,48.36693,104.16361,31.88224,81.21097,98.75403,44.91003,265.11066,208.97307,389.0518,203.30932,407.55491,463.13663,735.71357,89.63617,177.4274,61.31399,133.94462,530.70362,391.0371,442.72251,149.00384,294.16891,517.07018,147.92387,38.80697,170.06606,270.73436,262.45857,904.65383,403.74548,374.0365,53.58617,409.74442,297.13787,178.4124,195.25661,316.61059,777.43937,507.43844,527.726,443.50613,250.61837,308.62386,327.51889,198.85014,193.12373,261.54855,367.78874,401.22883,769.01757,197.14396,1204.27099,105.03458,148.45745,285.77212,463.68962,462.55717,327.40897,312.09589,255.80119,303.09142,1081.31988,117.1225,14.5959,45.58387,1092.94493,1756.73805,254.67406,1013.53401,830.61153,24730.199,409.28782,863.13553,203.30932,1934.78266,133.94462,2472.63003,479.60739,262.45857,2145.7664,670.80688,2572.72053,1085.61126,2730.13938,434.22957,2124.64426,1198.44238,14.5959,45.58387,NA,NA,NA,NA,NA,NA,NA,NA,NA,NA,NA,NA,NA,NA,NA,NA,NA,NA,NA,NA,NA,NA,NA,NA,NA,NA,NA,NA,NA,NA,NA,NA,NA,NA,NA,NA,NA,NA,NA,NA,NA,NA,NA,NA,NA,NA,NA,NA,NA,NA,NA,NA,NA,NA,NA,NA,NA,NA,NA,NA,NA,NA,NA,NA,NA,NA,NA,NA,NA,NA,NA,NA,NA,NA,NA,NA,NA,NA,NA,NA,NA,NA,NA,NA,NA,NA,NA,NA,NA,NA,NA,NA,NA,NA,NA,NA,NA,NA,NA,NA,NA,NA,NA,NA,NA,NA,NA,NA,NA,NA,NA,NA,NA,NA,NA,NA,NA,NA,NA,NA,NA,NA,NA,NA,NA,NA,NA,NA,NA,NA,NA,NA,NA,NA,NA,NA,NA,NA,NA,NA,NA,NA,NA,NA,NA,NA,NA,NA,NA,NA,NA,NA,NA,NA,NA,NA,NA,NA,NA,NA,NA,NA,NA,NA,NA,NA,NA,NA,NA,NA,NA,NA,NA,NA,NA,NA,NA,NA,NA,NA,NA,NA,NA,NA,NA,NA,NA,NA,NA,NA,NA,NA,NA,NA,NA,NA,NA,NA,NA,NA,NA,NA,NA,NA,NA,NA,NA,NA,NA,NA,NA,NA,NA,NA,NA,NA,NA,NA,NA,NA,NA,NA,NA,NA,NA,NA,NA
"2004",678.17854,324.44747,51.58227,27.58915,182.99079,107.42203,369.20762,151.39955,525.70669,72.22993,250.91936,101.8303,43.58617,66.52375,137.53046,54.52848,140.55469,162.32869,224.76294,175.14564,237.84544,257.81404,336.22746,218.68927,43.67137,98.45286,33.76615,80.82712,94.24328,44.41245,258.54506,216.63346,384.79943,214.02823,399.42467,458.54102,735.01872,93.72791,172.8858,63.05931,127.37439,520.61025,390.09572,433.9028,159.0653,300.49546,521.79663,147.89653,38.46125,170.50018,291.8153,274.12324,906.02488,404.67521,387.94262,56.45894,421.60951,295.70769,181.0677,209.03676,319.22125,778.54451,495.97785,542.21752,451.11509,252.67308,308.57854,329.07364,207.01383,200.34847,260.16623,389.35394,412.97604,802.32998,196.43247,1208.80881,101.374,151.12632,301.50168,468.89056,460.448,324.7457,320.78146,269.68191,299.04576,1093.88246,115.94785,14.99195,29.25428,1081.79742,1761.70628,247.64038,995.16588,812.73077,24833.9111,395.37324,859.97795,214.02823,1922.65743,127.37439,2473.8627,500.77672,274.12324,2176.71117,685.81214,2587.07622,1097.33909,2769.45995,452.628,2143.59339,1209.83031,14.99195,29.25428,344.75638,179.051,8.15182,75.3435,29.30351,26.52242,15.04992,26.99959,86.99416,36.65782,106.85375,66.94215,41.57777,10.0045,8.15367,10.11078,4.43891,4.88578,67.01253,115.97826,107.42203,271.95801,15.95228,13.37482,19.19895,48.72356,151.39955,115.24821,123.23498,127.10868,160.11482,72.22993,12.97303,129.30461,18.67618,89.96553,37.88634,63.94396,43.58617,66.52375,115.93633,10.03078,11.56336,54.52848,33.21286,107.34183,100.31939,18.03798,43.97132,224.76294,150.54297,24.60267,115.44972,40.8023,81.59341,68.62532,111.63639,36.74457,8.24457,32.56319,11.96834,91.61044,61.99711,86.98546,12.13176,56.89481,14.63955,143.69171,74.99757,43.67137,55.77623,42.67663,33.76615,19.89851,60.92861,16.34411,77.89917,44.41245,113.87426,57.40777,16.1328,71.13024,44.21765,172.41581,261.88218,101.47224,21.44501,106.3254,34.30175,73.40108,399.42467,384.48257,74.05845,91.23424,84.57903,208.55186,317.29059,33.36299,28.78703,5.34383,59.59705,17.61713,46.93282,38.83906,69.49679,22.1674,11.78811,29.1038,60.66713,66.70726,520.61025,390.09572,90.39402,343.50878,159.0653,179.13327,121.3622,426.16411,25.92854,69.70399,135.75864,12.13789,38.46125,84.41058,86.0896,261.41099,9.97407,20.43024,209.73927,64.38397,56.86729,624.29162,224.86598,46.31471,301.57723,56.78327,319.19924,34.4364,34.30699,49.41053,7.04841,329.28554,19.18564,73.13833,295.70769,86.38569,94.682,122.2355,86.80126,98.08916,221.13209,194.06143,95.51889,250.48975,42.83591,159.14586,36.49266,419.99344,75.98441,431.5766,37.51851,73.12241,226.92963,139.04304,46.25801,38.88441,29.66438,104.11419,18.36776,100.52675,93.57687,196.73552,18.26615,72.13204,213.09256,31.33493,12.51411,174.03767,32.97616,200.34847,260.16623,389.35394,412.97604,802.32998,59.43333,136.99913,838.88626,322.20641,47.71615,101.374,26.00244,9.37559,50.44367,8.6457,56.65892,76.65445,13.50225,84.18689,91.86669,12.10593,23.18546,468.89056,444.94736,15.50065,200.87096,33.97357,14.76279,75.13839,139.21268,48.41077,103.16358,29.99443,10.89616,185.93666,72.84909,6.69771,117.96193,67.32028,107.06585,401.6552,541.07816,46.59358,104.55552,115.94785,5.41413,9.57781,29.25428
"2005",655.02837,314.87445,56.31637,27.66443,199.95138,105.41499,367.56447,163.04959,545.5855,71.08767,249.08291,98.18877,45.40796,66.64944,129.28905,55.45473,140.2634,154.45152,214.15515,174.67747,244.92845,250.94185,324.91406,215.70345,38.57988,89.66767,36.82298,78.88679,89.82818,40.72007,257.27363,221.036,385.08334,223.64422,392.2752,451.88121,744.2293,98.82938,164.61033,62.84795,122.8732,494.85568,371.61677,423.7392,163.5243,309.56379,523.46179,151.56915,36.9341,161.26182,319.39195,286.96892,899.70739,404.4143,394.93837,63.74435,424.01501,299.17073,185.71879,227.7953,324.98335,788.81694,491.35229,546.43266,469.45722,253.04895,317.52989,342.88421,212.24175,204.52009,254.48827,419.73228,419.74956,839.48184,196.99056,1226.24599,103.04964,156.26686,321.27318,478.4673,464.74825,318.25615,336.29083,287.76171,297.80145,1081.7841,117.65837,18.26136,19.79156,1053.88362,1799.92529,241.34645,983.93072,791.55937,24982.0112,374.50556,863.39297,223.64422,1914.67336,122.8732,2438.33068,517.58787,286.96892,2186.81942,712.68483,2621.04245,1125.7048,2824.77639,477.54003,2183.32569,1199.44247,18.26136,19.79156,325.10305,179.21283,10.70815,72.96984,30.84012,24.50492,11.68945,24.39951,80.72596,37.02579,111.29513,61.42806,44.38275,11.93363,8.02365,9.88696,4.70007,5.05375,74.77609,125.17529,105.41499,269.85278,17.59542,12.60641,19.31644,48.19343,163.04959,122.91665,129.95243,134.37622,158.34021,71.08767,13.64668,126.30004,18.59869,90.5375,37.72639,60.46239,45.40796,66.64944,110.80493,8.86001,9.6241,55.45473,30.2705,109.99289,96.82217,16.56026,41.06909,214.15515,151.74787,22.9296,121.94392,41.29033,81.6942,68.84822,106.23688,39.23785,6.66804,29.95087,13.83623,89.14128,57.03344,80.1645,13.02451,56.99118,14.72292,140.314,75.38945,38.57988,51.36317,38.3045,36.82298,18.62994,60.25685,13.30637,76.5218,40.72007,120.56555,53.94936,14.90551,67.85321,44.38427,176.65173,263.84917,102.10417,19.13,111.29859,41.5794,70.76623,392.2752,382.27197,69.60924,92.7808,85.9497,211.84563,321.03988,32.6133,29.4315,5.93861,63.45926,18.26162,43.95308,33.96582,68.42981,20.9273,9.80746,32.11319,58.04914,64.82406,494.85568,371.61677,88.29297,335.44623,163.5243,186.40834,123.15545,423.90858,22.72245,76.83076,140.4002,11.16895,36.9341,74.81692,86.4449,287.18314,12.26073,19.94809,219.14282,67.8261,62.46398,614.17728,223.06613,47.39997,309.13765,47.87668,323.29173,34.99809,36.64856,55.37707,8.36728,338.78011,17.82682,67.40808,299.17073,89.47237,96.24643,134.74466,93.05063,104.39098,220.59238,187.26901,96.24894,253.12881,44.38887,170.08247,37.69884,410.34147,81.01082,428.92669,42.51623,74.98973,230.09244,145.32099,49.37597,44.66782,28.8159,101.84251,15.85897,106.53157,100.94493,198.3195,18.26547,76.9531,215.03456,35.336,15.56055,174.8863,37.35545,204.52009,254.48827,419.73228,419.74956,839.48184,63.0686,133.92196,843.67358,335.45932,47.11308,103.04964,24.58239,13.70795,54.34642,10.57106,53.05903,76.95398,17.3996,90.14779,99.52631,11.01252,26.23298,478.4673,448.06851,16.67974,200.14653,30.89035,15.22924,71.99003,146.90964,51.74053,106.93806,30.70261,13.15318,199.6868,74.92173,5.97319,112.32704,71.92729,107.57393,398.13373,539.36228,42.0448,102.24329,117.65837,8.29966,9.9617,19.79156
"2006",622.0584,314.58028,57.00674,27.09443,211.0689,104.87878,367.29723,161.12364,562.94158,72.47332,250.03511,102.51202,48.2259,71.38717,121.92486,58.09464,139.89771,156.30115,205.41066,171.2204,255.50329,244.31944,319.77809,208.77748,35.75377,79.18664,35.59583,73.21081,86.80049,41.93668,258.69174,224.46254,383.59056,220.56945,381.92166,447.86162,762.46701,93.23327,169.79265,66.85176,113.35955,490.2595,361.75116,421.59432,165.64689,318.79083,529.71811,155.156,33.40758,148.46972,331.07707,303.71181,913.74533,411.85758,411.31799,65.85786,436.8727,304.84884,190.21596,249.18069,327.25487,817.4375,485.67504,565.6362,488.88277,266.37337,327.99029,349.24216,211.38566,209.5901,243.80778,444.59671,414.52937,859.12608,198.94138,1254.30368,112.72049,158.00749,332.56552,480.85384,473.96283,327.7752,351.50853,296.36945,297.85104,1065.77075,122.68558,22.94584,20.05412,1020.73985,1832.33058,241.53793,986.42786,772.875,25241.3947,352.48423,866.74484,220.56945,1922.12796,113.35955,2442.9168,512.95437,303.71181,2239.65147,744.24549,2684.88637,1154.99148,2878.48951,490.57301,2228.32089,1188.45633,22.94584,20.05412,301.62283,167.96478,15.26061,68.88692,33.36402,24.8527,10.10654,27.29133,75.98011,34.52812,117.99108,58.78962,44.82179,12.18495,7.0315,10.8028,5.10128,4.15885,80.89729,130.1716,104.87878,274.03469,15.10918,13.6691,17.74836,46.73589,161.12364,127.74478,138.17293,143.09453,153.92933,72.47332,15.75838,130.93546,21.12539,82.21588,39.18185,63.33017,48.2259,71.38717,104.67141,7.8898,9.36365,58.09464,32.65996,107.23775,104.02674,13.98188,38.29253,205.41066,149.71533,21.50507,132.72562,39.7019,83.07576,66.56509,102.83613,42.80667,4.31993,27.79162,14.46085,83.86979,58.82523,80.65784,14.73492,52.04723,15.18223,134.31248,74.465,35.75377,44.58494,34.6017,35.59583,18.23119,54.97962,11.86824,74.93225,41.93668,125.32624,51.58313,14.65495,67.12742,46.60951,177.85303,256.54911,108.60796,18.43349,107.85489,41.61659,71.09798,381.92166,380.88289,66.97874,93.62181,87.83467,217.79492,330.64821,32.5674,26.71239,6.95951,59.56138,18.84273,45.04482,35.6335,70.2716,23.1429,7.94946,35.75939,49.47543,63.88412,490.2595,361.75116,85.45058,336.14374,165.64689,201.65671,117.13412,426.74169,24.06792,78.9085,142.36876,12.78724,33.40758,66.11892,82.3508,297.54552,12.94869,20.58285,234.25981,69.45199,66.82759,636.37444,210.5433,51.88061,315.28399,44.69298,341.26403,36.98791,33.06605,56.70027,9.1576,346.21658,23.68065,66.97547,304.84884,93.83982,96.37614,151.34896,97.83173,110.66511,216.58976,182.00785,100.07676,260.35677,50.93671,182.38577,41.67365,397.39485,88.28019,442.91353,46.33743,76.38524,223.752,155.02252,54.70602,55.40222,32.67487,106.39583,13.32328,113.97939,109.95761,197.78503,20.24765,81.80655,214.69927,35.79414,16.9422,169.74449,41.64116,209.5901,243.80778,444.59671,414.52937,859.12608,64.77352,134.16785,863.61171,345.25872,45.43325,112.72049,26.72163,15.9269,50.02027,12.71003,52.62866,75.12982,20.82876,94.8653,101.30333,9.89306,30.54524,480.85384,457.92396,16.03887,211.62425,32.00984,15.65945,68.48167,147.13009,53.7216,117.41177,33.24507,13.86829,205.49804,77.00311,5.80308,108.60486,74.99932,108.44378,396.90577,533.76163,38.08687,97.01648,122.68558,12.62904,10.31681,20.05412
"2007",575.42076,312.37773,57.96135,27.3495,219.95332,107.96808,387.49704,153.30068,575.02502,77.67573,260.89532,107.73336,46.20376,77.51298,128.94189,57.41545,140.08974,167.26817,194.70957,164.94647,261.67838,244.07257,313.64245,204.05554,33.6273,75.3004,32.35176,70.74859,87.6098,42.74652,257.97009,219.35345,390.97402,224.22736,364.12268,455.52517,776.19859,94.24048,177.66896,72.82772,113.01509,484.76121,359.25701,422.16161,163.68498,334.78308,546.31206,167.4738,31.78884,152.24968,321.34009,332.74494,928.90993,417.5248,409.28586,72.1454,433.82597,304.90326,198.30612,256.50552,324.83415,833.88574,507.42893,559.79553,513.10982,260.10891,326.90209,353.98966,209.19947,209.74378,243.26428,475.91059,414.91429,890.82488,207.18421,1271.63368,125.97834,157.17973,341.7828,500.08022,488.31243,346.96038,354.17596,296.71983,306.63674,1057.7086,134.1233,25.37684,18.2693,973.10934,1890.04856,252.65863,986.10778,761.77057,25555.3766,342.38437,868.29756,224.22736,1940.58361,113.01509,2478.43375,505.37861,332.74494,2261.69196,759.71489,2739.05418,1150.20013,2948.62917,498.96253,2292.88555,1191.8319,25.37684,18.2693,271.25185,152.07067,16.41014,65.26882,33.35344,27.54361,9.52223,29.919,72.65067,33.61428,119.15599,57.0378,44.70653,13.25482,7.17274,11.4269,5.03499,3.71487,83.41016,136.54316,107.96808,290.8019,15.76324,14.10989,18.09364,48.72837,153.30068,131.72326,136.8141,149.53698,156.95068,77.67573,17.79904,147.50669,22.1338,73.45579,37.28249,70.45087,46.20376,77.51298,107.32718,10.04207,11.57264,57.41545,35.08106,105.00868,111.37497,12.55296,43.34024,194.70957,146.16068,18.78579,137.93217,38.96293,84.78328,66.15649,101.59387,42.67866,2.73118,30.91237,11.54392,80.51554,65.69024,75.761,13.0029,47.89072,19.23813,133.87905,70.17649,33.6273,44.06273,31.23767,32.35176,21.81401,48.93459,10.84669,76.76311,42.74652,122.08662,51.7742,13.40502,70.70425,46.26362,173.08983,252.78122,118.80702,19.38578,109.22297,39.83688,75.16752,364.12268,382.71209,72.81309,94.13542,94.61846,217.64162,338.08897,31.71412,26.13996,6.66201,61.4385,20.84956,50.62243,35.74538,70.45158,28.50936,8.27605,36.04231,48.43619,64.5789,484.76121,359.25701,85.93916,336.22245,163.68498,221.5076,113.27548,441.98375,26.06536,78.26295,151.89062,15.58318,31.78884,64.42703,87.82265,291.63279,12.57394,17.13336,261.43808,71.30686,69.46742,661.80673,197.63578,51.87373,325.38489,40.26619,343.4401,35.99515,29.85061,60.54398,11.60142,338.40316,25.74621,69.6766,304.90326,94.0788,104.22732,159.09535,97.41016,110.21638,214.61777,183.21954,105.76059,262.74506,49.79702,190.64019,41.72334,407.6257,99.80323,435.70663,45.90533,78.18358,228.40663,161.1093,57.90312,65.69077,34.32812,102.31777,12.73687,110.72614,110.09035,195.45662,21.35512,85.10668,219.09477,33.12945,16.65875,167.50148,41.69799,209.74378,243.26428,475.91059,414.91429,890.82488,65.92264,141.26156,887.94128,335.6764,48.016,125.97834,32.73022,17.00842,41.64117,13.57904,52.22087,81.09296,23.04252,96.41231,99.83973,8.09067,33.30461,500.08022,473.2129,15.09953,233.5843,33.55307,13.38826,66.43475,143.2838,54.51336,122.80907,33.56973,12.96051,205.68917,78.07015,7.60453,112.70881,77.71069,108.61272,399.51783,527.32518,34.68593,96.17966,134.1233,15.62819,9.74865,18.2693
"2008",537.89931,318.22294,59.0713,28.43462,219.37367,112.19951,393.57897,140.14688,556.71104,82.33526,270.57402,122.94224,42.99071,75.07106,137.51625,52.22097,132.61693,170.44044,181.79595,160.27122,253.36343,239.75258,312.6914,207.92307,31.99146,74.60944,31.98836,82.00234,82.36031,42.58809,246.96634,206.61073,400.47153,226.43963,350.94338,459.6715,775.15997,91.97513,187.95158,79.62157,119.0045,483.35354,370.32439,424.42792,163.99209,343.72268,567.4581,171.65545,32.72645,164.99122,314.79776,351.89671,925.77849,418.88207,417.13554,73.87458,422.97312,295.6833,206.73439,262.45674,310.90852,854.76128,524.32774,570.54499,517.67093,261.34579,328.57904,350.59307,205.27551,214.46071,246.90641,509.46394,419.57925,929.04319,209.57596,1276.23388,131.92796,149.2788,350.07724,509.41601,507.82609,360.21108,356.45835,295.6682,321.16653,1054.14904,140.63017,24.51734,17.11107,943.62817,1897.8616,255.57803,950.70893,760.36704,25730.0291,345.53999,854.04859,226.43963,1945.32313,119.0045,2524.93418,512.51544,351.89671,2258.64379,764.87443,2778.21347,1145.79341,3008.14811,499.35604,2350.74626,1194.77921,24.51734,17.11107,221.72953,162.41848,15.30554,63.72786,35.11266,28.51396,11.09127,28.83067,70.9847,34.65576,122.84067,60.91114,46.59413,12.47717,10.22731,10.5629,4.52622,3.1182,84.67648,134.6972,112.19951,298.00491,13.43816,15.01058,19.40224,47.72309,140.14688,136.3991,116.17295,146.31169,157.82732,82.33526,15.58718,161.24631,22.43407,71.30645,40.40051,82.54173,42.99071,75.07106,108.41241,12.98778,16.11607,52.22097,35.09955,97.51737,112.70466,12.28348,45.4523,181.79595,140.25398,20.01723,136.42556,37.58246,79.3554,62.20263,104.05145,38.03072,3.28603,32.18175,11.99769,76.38747,73.41466,74.2347,10.79017,43.50914,22.35758,140.14091,67.78216,31.99146,42.79333,31.81611,31.98836,24.86801,57.13433,9.30474,73.05557,42.58809,112.81747,45.73077,14.61735,73.80075,45.03533,161.5754,253.79539,126.89317,19.78297,113.60245,38.44216,74.39502,350.94338,382.96151,76.70999,103.65106,101.81901,213.43328,326.54926,29.70736,23.07497,6.46282,62.43734,21.9866,56.28455,39.53525,70.14517,34.44722,10.6559,34.51845,52.20667,66.79783,483.35354,370.32439,85.14331,339.28461,163.99209,230.77914,112.94354,454.82615,29.75838,82.87357,155.15246,16.503,32.72645,64.94075,100.05047,282.87561,13.33794,18.58421,277.30176,74.59495,59.54121,680.4177,185.81958,52.28897,329.13568,37.45742,351.26825,35.19984,30.66745,60.87703,12.99755,323.62229,25.12181,74.22902,295.6833,97.55568,109.17871,166.37829,96.07845,103.56299,207.34553,184.53412,110.05333,266.59551,46.5343,199.51852,47.52549,418.00472,106.32303,444.21856,42.28182,84.04461,232.51014,162.76899,57.83413,64.55767,38.28558,102.38963,13.73902,106.93157,106.32719,201.10589,21.14596,83.26084,222.76086,31.84283,12.72853,163.88735,41.38815,214.46071,246.90641,509.46394,419.57925,929.04319,61.70766,147.86829,893.84568,330.42651,51.96168,131.92796,33.85571,13.96678,35.99066,12.68515,52.7805,84.95866,23.0339,98.32396,103.00957,9.42369,31.32746,509.41601,492.19057,15.63552,243.83538,35.23289,12.28143,68.86138,139.56209,53.94213,127.73854,35.2156,13.70661,205.97887,75.98272,8.46577,127.862,79.68428,105.15448,402.99892,520.56742,36.48028,94.10242,140.63017,15.73506,8.78228,17.11107
"2009",525.10339,313.48368,61.55987,32.18851,221.77765,114.16151,399.45058,137.8567,534.136,78.68219,284.55106,136.87582,38.99376,69.80074,142.39401,44.61915,118.76453,163.09695,167.69537,157.0609,233.52212,233.09181,310.16378,216.45186,26.96324,76.1936,34.7821,95.67188,77.75389,37.18306,236.47914,193.3636,416.18175,234.94569,339.94217,450.80834,769.17769,94.88055,179.86825,85.4437,124.14066,470.1096,367.81946,423.36672,164.81476,354.00675,582.08362,174.22543,36.39163,170.44175,323.52684,358.36528,897.8265,412.7219,425.78019,78.50197,392.54724,287.96761,209.88913,271.50572,302.82074,854.60549,541.09507,575.49247,517.14347,250.20498,332.47165,360.06584,213.0524,224.17596,253.09455,537.46426,434.87562,972.33989,206.23875,1264.66094,136.11412,149.90201,358.28916,529.54927,528.49963,361.52589,360.88813,299.64572,343.04905,1051.44706,140.31672,23.69955,16.27908,932.33544,1907.49152,251.18851,884.75901,759.70745,25777.8209,348.54776,846.02449,234.94569,1920.12068,124.14066,2536.42634,530.36022,358.36528,2207.3778,769.36246,2791.15725,1155.79486,3056.62421,508.19117,2423.15768,1191.76378,23.69955,16.27908,187.453,191.58699,11.51021,61.56324,36.99539,25.15913,10.83544,25.9184,68.89996,34.09789,123.34381,61.22362,49.15053,12.40934,15.34562,9.58734,4.47347,2.78208,86.91573,134.86192,114.16151,302.6159,13.48703,15.52946,18.96729,48.85091,137.8567,134.74312,104.86367,138.57883,155.95037,78.68219,13.5806,175.54748,20.62071,74.80227,47.06189,89.81393,38.99376,69.80074,112.71547,13.79475,15.8838,44.61915,29.26836,89.49616,106.59568,11.62457,44.8767,167.69537,136.35359,20.70731,127.39914,36.10844,70.01455,59.27326,103.55653,31.9672,3.99749,34.29732,13.34301,77.26438,74.45653,69.77036,9.45234,41.18414,24.69302,144.78229,71.66957,26.96324,43.98398,32.20962,34.7821,27.11307,68.55881,9.62584,68.12805,37.18306,105.63196,38.93781,16.83078,75.07858,42.92919,150.43441,267.5387,129.80111,18.84194,120.76995,44.57801,69.59773,339.94217,369.93836,80.86997,114.07712,108.27262,205.66542,316.21467,24.94785,21.3703,5.32506,68.18518,23.94699,55.27961,36.98622,63.65543,35.41596,12.98175,37.04599,57.77545,66.3652,470.1096,367.81946,85.25971,338.10701,164.81476,235.55168,118.45507,459.48621,32.61605,89.98136,157.50372,16.72171,36.39163,64.15849,106.28326,287.21214,17.91598,18.39872,283.18687,75.17841,51.173,664.3828,182.2707,47.76394,332.78359,32.17437,356.69084,35.16605,33.92329,64.2503,14.25167,297.8273,21.10207,73.61787,287.96761,97.03019,112.85894,171.3321,100.17361,94.48561,208.33514,181.25495,116.67362,258.6125,40.00075,205.58961,52.47407,436.41638,104.67869,447.0708,41.72175,86.69992,240.82055,157.91751,55.91912,62.48628,38.08071,97.2776,15.69584,99.15083,102.89876,209.87341,19.69947,85.42471,229.72742,33.112,11.8017,169.40696,43.64544,224.17596,253.09455,537.46426,434.87562,972.33989,60.02842,146.21033,894.11798,320.46058,50.08239,136.11412,32.74913,14.11877,35.01982,12.07634,55.93795,90.51755,23.30191,96.74698,108.30262,9.99242,29.42769,529.54927,510.20582,18.29381,242.69536,35.07473,12.16975,71.58605,139.90934,52.93248,129.3493,38.69701,14.77474,207.82273,77.04825,8.01786,138.67036,86.24829,110.11253,408.72384,516.39135,32.92609,93.40579,140.31672,14.83226,8.86729,16.27908
"2010",536.58673,318.88489,60.56907,33.78336,214.92786,109.36993,393.78547,132.3206,523.05817,78.37917,286.24371,147.62219,34.29435,62.3519,139.43477,42.25215,104.77232,151.81286,160.99479,153.07259,223.0846,223.85835,313.2678,219.85242,23.27189,69.73565,36.08988,102.21313,66.62066,32.62364,222.42894,184.66425,425.97078,241.23543,337.77394,438.60467,761.29563,94.95965,178.78474,86.73243,131.88906,447.38642,352.0934,406.56237,162.19955,363.01157,609.78081,171.79534,38.9749,164.842,344.00439,355.63951,843.86276,409.24687,449.86154,83.96282,388.12176,281.97451,203.59728,279.76677,296.15999,848.07551,534.7426,588.74892,520.2195,252.46565,349.16426,374.18822,213.83227,231.43117,248.7691,548.03,445.26613,993.29613,196.47565,1248.68132,139.04211,159.21929,370.60431,550.38601,538.07848,364.1478,380.2563,310.25873,357.67945,1027.45091,135.50329,26.19906,10.96096,949.82405,1885.70711,236.08103,835.98931,756.97857,25722.196,330.55485,833.06396,241.23543,1898.15107,131.88906,2512.82945,547.82128,355.63951,2175.05575,765.33856,2787.94652,1189.6504,3057.69548,529.82361,2500.80677,1162.9542,26.19906,10.96096,169.4737,224.27613,9.93071,59.87603,40.09107,21.44873,11.49036,23.48376,70.52023,37.2089,125.32197,62.35004,48.92569,11.64338,18.14475,8.5189,4.55947,2.56024,87.99199,126.93587,109.36993,299.43948,11.28936,16.35928,19.08234,47.61502,132.3206,130.06781,100.14734,136.30236,156.54066,78.37917,12.58946,176.33861,22.56091,74.75473,52.19504,95.42715,34.29435,62.3519,112.0316,12.06039,15.34279,42.25215,24.28834,80.48398,100.62193,10.7857,40.40523,160.99479,129.79985,23.27274,121.1074,36.24108,65.73612,55.63168,101.81124,29.0544,4.78471,32.57632,17.05819,77.17147,75.76694,71.91005,8.85523,37.66517,24.84075,142.60719,77.24523,23.27189,37.41541,32.32024,36.08988,25.22924,76.98389,8.70401,57.91665,32.62364,100.62975,36.27122,17.3453,68.18267,38.59754,146.06671,277.95167,130.49517,17.52393,125.47794,49.19255,66.56495,337.77394,356.76313,81.84154,115.1618,104.86618,205.12532,312.73851,23.40381,19.00937,5.669,70.28129,26.3895,53.01564,38.48737,60.89223,32.8388,12.36181,41.53182,63.70795,68.1811,447.38642,352.0934,80.70192,325.86044,162.19955,239.24736,123.76421,472.61645,37.08244,100.08192,156.05529,15.74005,38.9749,65.83234,99.00966,301.36518,23.09005,19.54915,278.87778,76.76173,42.26857,634.46471,167.12949,44.12379,335.71269,29.4104,372.92091,38.62247,38.31816,71.49478,12.46804,292.66756,18.36091,77.09329,281.97451,96.36321,107.23407,178.30445,101.46232,90.40565,205.75434,176.51762,115.46341,251.8824,41.05816,207.62809,55.52582,439.71514,95.02746,458.10913,44.63628,86.00351,241.43061,157.87542,56.66255,64.25092,37.76102,92.37664,16.97158,105.3564,105.38628,221.40769,22.3703,86.13594,237.59902,38.45104,12.00221,164.51055,49.32173,231.43117,248.7691,548.03,445.26613,993.29613,57.24727,139.22837,885.70323,316.92259,46.0555,139.04211,30.65557,15.4568,41.91925,11.37534,59.81233,90.32905,23.44528,107.28034,110.05662,10.24457,29.24844,550.38601,517.68468,20.3938,240.47318,35.82607,13.77121,74.07733,143.28745,50.30719,140.84426,45.81741,16.77722,213.9742,79.50732,6.75046,147.91486,91.90285,111.11127,398.24076,503.37294,31.32965,94.50755,135.50329,17.64484,8.55421,10.96096
"2011",536.03072,319.06303,61.17292,34.78256,209.47498,107.08773,392.98406,135.43438,528.57172,76.71382,287.90889,153.15425,33.67381,59.27355,138.5604,43.83629,102.02177,149.68982,163.45683,147.22583,223.90831,218.49185,313.76534,223.84361,20.4652,65.43345,34.57533,97.72441,58.70768,30.57405,208.36957,186.4277,431.5817,249.96476,342.26319,437.70067,755.49636,98.53039,185.30047,88.01584,126.48001,431.77895,330.85691,390.98321,165.38236,380.4648,632.36491,167.28661,38.92358,161.24464,354.63172,367.60015,807.63022,407.58981,462.43908,93.10547,389.93848,265.94486,196.12367,285.1258,295.2287,826.84217,529.38208,582.06026,524.90182,243.494,352.55734,390.22191,217.03991,229.91524,243.81797,547.29894,460.70458,1008.00352,193.97896,1257.79318,146.84525,168.36736,381.44005,571.93281,536.08615,376.39318,395.95944,316.48977,363.42192,1035.39651,139.15799,28.48864,6.41709,951.04923,1891.32983,231.50775,830.13885,756.10079,25768.7857,307.48012,826.37897,249.96476,1907.30692,126.48001,2499.11775,554.79994,367.60015,2160.70307,747.19433,2758.41503,1203.31315,3080.35412,549.80741,2560.28327,1174.5545,28.48864,6.41709,170.83196,219.77881,10.6915,59.49307,45.47482,18.811,10.94956,25.20351,67.82834,34.67414,128.53871,62.81833,48.38316,12.78976,16.83687,8.98215,4.55735,4.40619,85.55774,123.91724,107.08773,295.73932,13.02395,16.61257,21.67492,45.93331,135.43438,124.67692,110.07435,133.58602,160.23442,76.71382,13.68314,177.48849,22.16157,74.57569,51.88383,101.27042,33.67381,59.27355,116.51237,9.78051,12.26752,43.83629,24.88468,77.13709,100.79847,11.73052,37.16082,163.45683,123.63094,23.59489,120.55104,36.88487,66.4724,54.34595,101.87898,27.68943,3.86365,30.71385,17.19262,78.96352,76.95144,70.5427,8.71575,37.18325,24.21606,148.18843,75.65518,20.4652,32.27079,33.16266,34.57533,22.27404,75.45037,8.77713,49.93055,30.57405,95.0672,36.46239,16.8988,59.94117,37.92367,148.50404,280.08934,136.02732,15.46503,127.30238,52.13897,70.5234,342.26319,353.96961,83.73105,111.39132,99.7761,208.9253,311.25265,24.15099,19.38048,6.37879,72.77113,28.89458,54.01222,39.14219,63.25148,30.95207,12.91249,44.15128,61.33294,65.14707,431.77895,330.85691,79.7972,311.18601,165.38236,248.67355,131.79126,491.02854,38.04691,103.28945,151.09006,16.19655,38.92358,68.50539,92.73925,311.37377,23.46559,19.79235,289.33145,78.26871,38.4275,611.64547,157.55726,41.71325,340.41619,25.46038,385.11918,39.54078,37.77913,81.24423,11.86124,294.35119,16.93152,78.65577,265.94486,89.60351,106.52017,182.99133,102.13447,91.64724,203.58146,168.5869,109.55755,246.38795,43.71086,204.84509,53.7538,435.65703,93.72505,454.85119,44.79124,82.41783,239.10272,156.70992,59.42096,69.66821,36.27464,82.88513,16.85049,107.48374,105.54003,221.25254,25.76477,89.39923,242.42408,41.90168,16.49692,164.28166,52.75825,229.91524,243.81797,547.29894,460.70458,1008.00352,60.23783,133.74113,893.31406,322.3119,42.16722,146.84525,32.76957,16.51175,45.58936,11.23303,62.26364,97.21898,19.84202,114.24604,111.29235,9.32105,29.51961,571.93281,514.0606,22.02555,247.02727,37.99251,14.87374,76.49966,147.78618,50.11749,147.2324,50.82337,16.09211,220.6177,79.77996,6.94725,150.5678,95.77504,110.13182,395.02606,510.93713,32.47421,96.95911,139.15799,21.0843,7.40434,6.41709
"2012",540.59955,325.71073,64.34319,33.20503,197.77938,100.89729,387.49709,137.43348,536.66361,78.80271,297.69588,156.50916,32.85893,53.60486,141.62843,43.56768,100.99621,150.72467,157.6663,144.87355,231.13989,203.34918,305.06416,227.27572,20.73081,63.6833,31.27153,96.15588,54.89379,31.17047,198.92351,183.14245,445.40265,262.46739,353.19316,445.9038,757.94651,104.38353,194.34349,88.42719,115.66847,430.60701,316.44391,377.57916,161.82854,394.30486,642.80369,154.31627,38.63688,166.19491,358.07653,382.19909,766.53401,415.05196,459.10878,96.8209,390.16914,260.75926,193.27915,278.34002,293.20434,825.38807,521.76476,556.0606,530.28193,240.73464,362.71568,386.45498,213.60517,220.47723,232.51096,540.53067,464.03342,1004.56409,206.54841,1266.99915,144.02116,168.60682,394.12737,588.22841,543.15604,378.9235,416.36745,320.43855,363.59955,1045.07821,140.14178,29.85462,12.29053,963.85851,1893.2786,228.09221,828.9683,735.68906,25786.7927,297.90578,827.46861,262.46739,1944.19768,115.66847,2477.88342,562.90833,382.19909,2127.68479,732.37842,2726.6997,1203.51047,3075.121,562.73419,2610.7135,1185.21999,29.85462,12.29053,179.45711,206.88118,11.56746,63.09724,49.5452,19.13222,10.91915,26.38894,74.01879,36.16489,127.67033,61.46777,51.04462,13.29858,14.74379,8.12911,4.38642,5.94571,85.82539,111.95399,100.89729,290.3791,14.25855,16.72705,23.44851,42.68388,137.43348,123.14697,112.89867,134.68289,165.93508,78.80271,19.44692,177.99458,22.01856,78.23581,48.86627,107.6429,32.85893,53.60486,119.04554,10.43822,12.14467,43.56768,25.99255,75.00367,101.54221,12.84638,36.33608,157.6663,121.16567,23.70789,123.97825,39.00524,68.1564,51.99772,95.04395,28.00237,2.99437,25.31077,17.01369,78.55814,77.77543,65.35253,8.11088,38.56347,19.69002,153.60071,73.67501,20.73081,27.93629,35.74701,31.27153,21.50606,74.64982,8.57899,46.31481,31.17047,91.23101,36.96632,14.33711,56.38908,34.58415,148.5583,276.34994,152.88006,16.17266,131.29945,51.10486,80.06309,353.19316,361.04515,84.85865,106.59124,100.70353,212.38664,312.2589,26.0062,19.35671,6.16244,78.86438,27.83962,58.05565,40.78108,67.66714,31.34379,13.90493,43.17847,54.11059,61.55788,430.60701,316.44391,80.2758,297.30336,161.82854,257.61091,136.69395,503.94812,36.1732,102.68237,136.96599,17.35027,38.63688,74.16888,92.02603,318.08995,21.00816,18.97842,296.23609,85.96301,31.19857,579.18118,156.15426,42.29208,351.99427,20.76561,386.72858,35.33124,37.04897,84.98027,11.84063,296.72715,16.90771,76.53428,260.75926,88.806,104.47315,179.07301,99.267,98.36246,194.84188,168.15522,103.25033,246.54199,46.76681,207.41189,53.26183,425.72677,96.038,433.66868,42.78316,79.60876,237.64296,156.85726,63.68088,72.10083,37.07645,76.75897,16.52129,110.37793,108.78625,224.15611,29.77332,89.51628,237.50334,41.57207,17.86328,162.8895,50.71566,220.47723,232.51096,540.53067,464.03342,1004.56409,63.53197,143.01644,887.75026,336.22761,43.02128,144.02116,36.35817,15.67818,45.3314,10.12478,61.1143,104.72118,18.84467,114.42704,113.88788,10.56732,31.67927,588.22841,519.35021,23.80583,248.47113,36.91986,15.86901,77.66349,157.84909,54.93978,151.98646,51.59211,14.1534,217.65726,88.62789,9.52234,151.42968,94.84274,107.80479,385.27675,514.32712,34.96878,110.50555,140.14178,22.57837,7.27625,12.29053
"2013",534.5447,326.2035,67.50283,31.76137,186.22011,92.86832,375.3841,136.69928,530.01684,78.9467,299.59141,163.65354,31.48888,48.86095,143.03057,41.19188,103.13503,150.85551,149.82327,141.07546,233.02155,186.2697,300.50689,238.08965,20.92998,65.60194,29.65846,94.74702,56.26738,31.09155,193.23641,180.41843,465.76074,273.97344,356.53871,459.58702,773.31834,111.90304,197.16106,86.91061,106.89711,430.72571,315.50945,371.02832,159.36483,396.06453,636.48009,151.80831,35.74921,164.37543,354.94711,383.3189,762.57707,409.73868,448.09995,89.94514,380.30369,252.51576,191.86265,263.24375,294.29229,838.82825,523.32601,547.10282,532.73131,240.4882,363.85652,371.26832,212.94214,209.81263,222.95888,536.83408,467.68035,1004.51444,219.89159,1285.03917,144.23783,157.47932,392.20733,597.23244,567.20306,382.01472,428.50089,322.90326,376.08902,1061.11288,146.22954,29.91516,36.61198,960.0124,1863.38031,223.3804,819.1027,724.86624,25801.1919,298.29633,839.41558,273.97344,1985.41878,106.89711,2460.98124,555.07174,383.3189,2090.66454,707.62216,2736.28067,1188.55518,3086.45453,549.68665,2673.94338,1207.34242,29.91516,36.61198,180.3327,197.90506,11.59047,67.21365,46.51606,21.5508,9.43597,28.79288,71.33139,33.34485,132.63468,60.0997,55.24372,12.25911,13.21624,7.35112,3.43305,7.76096,88.16742,98.05269,92.86832,276.76339,15.81871,16.62743,21.73689,44.43769,136.69928,121.87195,105.98947,135.07577,167.07965,78.9467,21.23414,182.25019,18.24084,77.86623,51.56515,112.08839,31.48888,48.86095,120.68923,10.523,11.81833,41.19188,27.12095,76.01408,101.99583,13.02445,35.83524,149.82327,119.67176,21.4037,124.05996,38.5689,70.39269,47.74688,85.50931,28.00106,2.19166,22.82079,16.85579,76.93147,79.55791,63.00013,7.34078,43.99444,12.82637,161.48148,76.60817,20.92998,26.859,38.74294,29.65846,22.28137,72.46565,8.75898,47.5084,31.09155,87.79729,35.01611,12.53473,57.88828,36.67779,143.74064,277.0391,169.72708,18.99456,131.21856,50.62981,92.12508,356.53871,370.49045,89.09657,107.08662,105.15023,216.36251,317.60775,27.11123,18.95883,6.41556,86.52865,27.30125,60.74474,40.8164,68.29866,29.87527,15.29999,41.73535,47.47014,59.42697,430.72571,315.50945,79.73432,291.294,159.36483,258.62856,137.43597,504.04358,34.27089,98.16561,129.69181,22.1165,35.74921,73.6052,90.77023,317.53527,18.84776,18.56408,292.85082,90.46808,27.76133,571.50608,163.30967,40.55665,352.20824,16.97379,385.73834,28.38777,33.97384,79.15694,10.78819,292.90885,18.53211,68.86274,252.51576,89.08826,102.77439,166.01855,97.22521,99.82082,194.47147,163.25652,103.18678,245.91631,51.69155,220.58909,54.18799,425.79272,97.53329,431.08463,39.34899,76.6692,240.98477,156.6186,64.19574,70.93221,37.83854,79.49674,15.54609,107.60683,106.14184,226.00976,31.70492,87.22394,230.6601,36.02181,17.36247,164.43356,48.50857,209.81263,222.95888,536.83408,467.68035,1004.51444,63.97045,155.92114,903.6532,337.87409,43.51189,144.23783,38.9843,14.98559,40.41874,9.75851,53.33218,108.73817,19.76458,106.60587,114.56186,11.42378,31.11307,597.23244,542.73393,24.46913,249.08465,33.69066,16.83416,82.40524,163.09998,57.80152,155.4772,52.1222,12.27935,216.41759,94.20632,11.02176,155.52687,94.30245,115.23794,383.72293,518.54227,36.97184,121.87584,146.22954,21.66209,8.25307,36.61198
"2014",521.35746,320.77201,67.7407,28.81353,171.31596,88.01507,366.22813,131.17103,512.37986,76.24717,295.8048,163.20373,28.0118,47.64288,137.07983,41.15254,102.63367,146.1523,147.81829,137.98045,239.87325,182.22728,294.77523,234.90717,22.91182,64.57028,26.05883,92.98338,59.97979,32.52836,198.09439,172.5482,474.97641,285.77928,364.20612,472.23971,795.92146,118.41139,190.50306,85.96918,103.7997,430.13664,311.96609,363.08831,157.67422,402.3043,629.01747,155.78584,36.72037,160.79822,350.56337,388.26398,744.04803,409.32573,446.7833,84.4078,377.45032,265.2962,188.90302,252.93225,306.01051,844.81976,523.11877,537.86895,557.59095,247.7353,365.17192,363.35354,215.23038,204.1896,201.50235,537.98042,459.93069,997.91112,231.25941,1286.80086,148.8671,155.24215,388.97409,607.90033,589.95993,375.85174,434.48354,325.13106,404.65686,1061.5063,146.17416,31.7717,61.10272,938.6837,1804.36577,212.73451,815.61051,711.90968,25814.4361,299.03246,845.619,285.77928,2027.25092,103.7997,2449.97287,548.08196,388.26398,2062.01519,707.13147,2769.40894,1191.49114,3070.53044,544.21624,2737.98344,1207.68046,31.7717,61.10272,175.91482,195.94423,11.46632,67.48342,40.10801,21.85971,8.58097,28.94116,64.3847,34.54651,134.30994,58.5897,56.21396,11.52674,11.71536,6.34358,3.47964,7.27495,86.46592,84.85004,88.01507,266.64129,18.12452,16.41069,18.05869,46.99293,131.17103,120.37034,94.9113,137.18197,159.91625,76.24717,21.29407,179.46537,17.40849,77.63688,54.00262,109.20112,28.0118,47.64288,115.77833,9.47756,11.82394,41.15254,25.99753,76.63614,99.53768,12.65243,33.96219,147.81829,119.82002,18.16043,126.49533,37.28845,76.08948,45.92802,84.39702,28.00308,2.47741,21.42176,15.96922,77.16077,79.18172,59.46727,6.95613,48.61768,7.42245,153.72786,81.17931,22.91182,25.18682,39.38346,26.05883,22.23741,70.74598,8.99734,50.98245,32.52836,87.46072,32.97284,11.13118,66.52966,36.72609,135.8221,273.32203,181.29304,20.36133,131.40404,49.28534,105.0899,364.20612,375.94665,96.29306,112.55518,113.72422,216.29632,322.99999,30.34577,17.70104,12.16284,88.54751,28.056,60.26786,36.7873,65.3919,30.46628,14.75468,40.74822,43.00166,60.79804,430.13664,311.96609,79.29577,283.79254,157.67422,270.38496,131.91934,500.0858,32.59841,96.33326,130.89612,24.88972,36.72037,73.35942,87.4388,313.4249,20.66332,16.47515,293.47963,94.78434,25.12316,550.25732,168.66755,40.73065,351.63556,16.95952,391.58391,23.91678,31.28261,75.11831,9.28949,295.13298,19.83297,62.48437,265.2962,87.31458,101.58844,157.71343,95.21882,99.73099,206.27952,161.9435,103.63047,248.2547,52.52441,224.54999,53.91669,429.09659,94.02218,422.31562,38.34284,77.21049,260.70854,158.24371,62.58685,76.05185,40.75888,85.15145,15.48353,106.34145,106.68676,225.58143,32.90374,86.72784,228.48731,31.97206,16.16633,164.48988,50.74049,204.1896,201.50235,537.98042,459.93069,997.91112,62.35311,168.90629,913.21789,329.15362,44.42935,148.8671,42.0698,15.31189,39.1525,8.52436,50.18359,108.60903,19.62298,101.36777,113.14699,13.80773,32.41959,607.90033,567.49681,22.46312,246.05149,30.98273,16.14267,82.67484,166.77314,60.76185,156.65849,50.29005,11.73803,218.56044,94.8326,11.65546,163.88165,100.09955,129.0202,387.924,514.05403,35.48372,124.04455,146.17416,22.83772,8.93398,61.10272
"2015",501.18928,323.45504,68.0755,26.94824,165.32334,86.38541,349.94343,123.85737,506.65149,72.83636,284.28182,160.73168,24.36273,46.15239,122.92258,44.23883,104.49656,143.47461,157.89262,134.16482,250.99036,185.88769,296.48126,229.02835,22.09391,62.19406,24.43492,83.76898,58.90911,30.54878,198.57728,175.85648,480.02376,291.10522,365.16313,476.88524,823.00811,117.03717,186.50114,85.42953,100.67299,417.83324,300.3297,352.79722,155.1957,406.40522,655.55778,171.32389,36.14401,160.26251,352.91366,391.98749,728.23708,415.07909,449.20693,87.37035,370.7571,262.34495,184.4711,247.18308,304.64785,840.01638,521.95077,550.20226,579.81551,256.06039,357.359,378.35881,211.99674,207.06958,185.53229,543.7971,445.71142,989.50852,230.39517,1282.55002,166.00864,157.11612,394.68743,621.77014,608.59271,379.07618,428.0252,321.12377,430.44392,1075.92182,151.67057,36.49993,83.9154,919.66806,1750.01089,193.4377,835.25779,711.3973,25887.6968,281.94975,854.45752,291.10522,2054.02433,100.67299,2459.44276,549.32018,391.98749,2050.65056,693.99913,2796.63277,1203.77494,3061.06421,551.80355,2789.03192,1227.59239,36.49993,83.9154,166.10001,192.92571,12.59863,62.91956,36.67808,20.3394,9.62789,29.49372,58.49347,36.60801,137.91579,60.94405,56.24522,11.83028,10.67012,5.94102,3.65443,6.68267,83.55703,81.76631,86.38541,249.46303,18.91135,14.73082,19.33079,47.50743,123.85737,120.18474,90.09073,137.42796,158.94806,72.83636,18.62543,170.00208,17.37938,78.27493,56.14184,104.58984,24.36273,46.15239,104.18022,8.36172,10.38065,44.23883,25.80737,78.68918,96.42113,12.94866,34.10481,157.89262,116.71945,17.44537,134.59301,32.63845,83.7589,44.9557,91.41109,26.09623,2.9176,20.50707,18.55147,77.87076,77.92167,60.23902,5.58226,48.53416,7.78192,143.63251,85.39584,22.09391,24.87659,37.31746,24.43492,19.08798,64.68099,7.82832,51.08079,30.54878,84.33331,30.55943,12.74201,70.94253,37.48719,138.36929,275.64118,185.20095,19.18164,129.81298,52.75489,108.53736,365.16313,374.86643,102.01881,123.0982,119.71152,215.00588,332.28302,32.90949,17.71486,14.97218,84.35014,26.31591,60.5811,33.00822,66.5959,28.49185,14.88254,42.05515,43.84298,56.83001,417.83324,300.3297,76.07886,276.71837,155.1957,276.41475,129.99047,517.50426,36.1609,101.89262,145.46688,25.85702,36.14401,73.04323,87.21928,314.64006,22.60196,15.67164,300.44276,91.54473,25.36101,535.57367,167.30239,40.23356,356.56697,18.27857,398.80702,23.5841,26.81581,78.28238,9.08797,293.17333,20.49967,57.0841,262.34495,81.38871,103.08239,154.8832,92.29987,93.18565,211.4622,158.23942,104.56185,247.57736,54.25418,221.88673,53.49683,433.50304,88.44773,431.15414,40.45972,78.58841,270.27788,164.38058,60.92322,84.23384,42.35403,93.78738,13.11968,106.7993,105.74283,219.10859,32.50758,89.41055,238.36659,34.59124,15.99044,157.48103,54.51571,207.06958,185.53229,543.7971,445.71142,989.50852,55.59328,174.80189,922.81607,316.28058,43.45337,166.00864,44.9645,16.77122,42.81741,8.08208,44.4809,109.42737,21.99931,106.96501,109.77284,12.48557,34.03733,621.77014,589.39968,19.19302,248.5966,32.2448,13.89464,84.34013,158.66225,57.69233,161.37819,50.29244,11.24988,220.04852,89.82537,11.59518,180.20502,107.382,131.26172,402.49609,515.86827,35.53813,122.01934,151.67057,26.61968,9.88025,83.9154
"2016",482.98805,322.80724,67.53495,26.65446,167.90534,89.30002,342.18953,122.79214,507.42053,70.02433,275.13544,162.42671,23.77144,44.85655,117.29345,45.46029,109.74289,136.5505,168.7868,130.47982,261.5383,193.88164,297.81637,215.87274,20.70118,63.37053,23.077,80.04485,56.74494,28.61083,199.36126,179.65653,481.02422,293.29931,379.00443,487.20258,831.94147,112.67016,186.30806,86.23722,98.14955,403.66359,290.57212,354.85812,149.31866,417.89169,673.12986,177.46971,39.33894,161.05006,375.13034,399.52669,696.93408,423.46288,457.14939,95.64648,354.26439,256.68919,180.97844,254.01122,305.37745,842.75933,531.25062,553.53489,607.11338,254.71086,360.00604,402.46106,208.66583,214.79727,172.24147,559.0952,429.4188,988.514,225.3103,1286.93818,178.7111,170.6147,406.95044,639.25124,622.23748,369.85409,421.94373,327.08277,434.23833,1078.24347,154.40521,40.63006,84.21618,899.9847,1737.19403,185.92144,852.5586,707.57075,26033.779,272.54932,860.04202,293.29931,2083.36392,98.14955,2466.90375,575.51935,399.52669,2027.45721,691.67885,2840.03567,1225.8438,3066.51233,577.56513,2814.60765,1232.64868,40.63006,84.21618,159.05864,183.1939,13.04839,59.91669,40.06843,17.25665,10.44535,26.10914,57.80829,40.16007,137.90465,60.82508,54.10118,13.43377,9.03034,8.12775,3.75814,5.73823,83.05221,84.85312,89.30002,243.9089,18.57287,13.0893,22.94254,43.67592,122.79214,120.07768,90.75637,135.37833,161.20814,70.02433,18.07098,160.21837,18.01323,78.83286,57.15336,105.27334,23.77144,44.85655,100.2758,8.154,8.86365,45.46029,26.82742,82.91547,90.82714,12.42182,33.30154,168.7868,112.46285,18.01697,146.36651,29.28718,85.88461,48.15804,98.81932,23.3723,3.33392,20.19807,24.34012,74.53438,76.80276,59.20181,6.42845,47.11839,9.39046,133.89295,81.97979,20.70118,25.26102,38.10951,23.077,17.66692,62.37793,6.97349,49.77144,28.61083,83.3418,29.67654,14.00651,72.33641,39.49414,140.16239,274.02514,188.33401,18.66506,125.78149,60.20771,107.31011,379.00443,383.06844,104.13414,124.53944,124.4014,214.4262,335.41207,33.16236,17.6076,14.78877,80.27379,24.54654,56.85396,28.94858,75.95898,26.33402,15.72431,44.17889,43.16918,54.98037,403.66359,290.57212,77.77673,277.08138,149.31866,282.02748,135.86421,529.88268,35.70581,107.54138,153.23448,24.23523,39.33894,72.69545,88.35462,333.10678,23.92615,18.09741,310.06228,89.46441,23.77757,511.06459,162.09193,42.4103,360.79873,20.25385,409.37094,23.77371,24.00474,84.9917,10.65478,281.20248,19.76006,53.30186,256.68919,77.30735,103.67109,164.56232,89.4489,95.38161,209.99584,170.9288,104.8122,255.93086,51.26784,205.41463,54.40499,445.22255,86.02807,422.11898,43.83575,87.58016,278.85942,173.92629,64.11742,90.21026,42.1681,94.88154,12.91936,104.74186,110.47992,217.33949,32.18664,97.65405,244.45145,42.40881,17.94675,154.97432,53.69151,214.79727,172.24147,559.0952,429.4188,988.514,49.25422,176.05609,924.83416,314.32419,47.77983,178.7111,45.84215,20.05544,49.22834,8.29594,47.19284,113.13216,20.94514,110.9837,109.84042,12.38699,39.66203,639.25124,604.05316,18.18433,239.99652,36.35337,11.69834,81.80586,155.83754,55.4521,157.93159,52.7225,9.26181,228.25832,89.56264,10.95128,189.79594,109.83188,123.65922,413.30746,508.86876,36.23385,119.8334,154.40521,30.19644,10.43362,84.21618
"2017",466.83724,322.40375,67.68128,24.55922,175.43969,87.90693,342.51856,119.70638,510.83709,72.27166,288.85182,172.36834,25.51847,44.37167,117.88148,46.08548,108.27304,138.13636,168.32649,128.01917,268.63268,191.6101,301.24236,213.89337,16.88557,66.5759,24.59923,75.17484,53.50725,26.78158,199.61913,184.17725,490.85301,301.35915,381.59355,496.10305,841.86169,106.89729,181.78048,87.71932,98.2765,389.61076,280.42762,353.92229,139.80089,435.36029,684.90639,181.77881,42.44756,168.14487,398.84784,391.50341,668.16537,416.13688,457.12117,100.58234,353.95458,239.96434,179.2791,263.6826,305.42026,851.81266,536.14657,566.65777,622.95283,246.55741,371.26431,412.12042,199.68174,222.37115,174.79222,562.6118,423.4275,986.0393,221.74189,1286.52954,192.23283,184.54273,422.85605,682.42694,631.94653,376.25517,423.47521,343.32476,430.90369,1071.9589,157.91234,42.59904,95.43577,881.4815,1769.90047,187.77162,857.47322,706.74583,26242.7326,263.52437,874.64938,301.35915,2095.95539,98.2765,2465.80705,609.44027,391.50341,1995.96034,682.92604,2882.99009,1229.62388,3083.70692,607.39878,2888.3323,1229.87124,42.59904,95.43577,151.42057,172.75203,11.75332,57.88465,43.79351,16.36028,12.87287,22.52283,60.6633,36.9283,138.34341,63.94591,53.29439,14.38689,7.44066,8.69273,3.56006,4.86577,87.14818,88.29151,87.90693,244.85606,16.72322,12.13141,26.38302,42.42485,119.70638,123.30951,93.71092,130.11004,163.70662,72.27166,17.42816,166.71898,19.28627,85.41842,59.25281,113.11553,25.51847,44.37167,99.63908,8.87561,9.3668,46.08548,25.31798,82.95507,87.79191,12.02805,38.3164,168.32649,108.8798,19.13938,149.53353,31.93727,87.16188,47.67106,99.15009,20.93102,3.0781,20.77983,30.82797,69.56832,78.65439,57.09452,6.242,48.27595,10.57922,133.57907,80.3143,16.88557,25.67046,40.90544,24.59923,16.94756,58.22728,7.55205,45.95519,26.78158,85.3958,30.6009,14.05728,69.56515,41.25574,142.92151,274.3848,196.60942,19.85878,129.33312,68.35855,103.66749,381.59355,393.72725,102.3758,127.54274,126.61756,213.95456,343.23327,30.51356,18.58363,8.27773,80.03593,25.75949,52.44911,27.12758,76.4443,26.19048,15.10898,46.41986,43.10068,55.17582,389.61076,280.42762,75.35587,278.56641,139.80089,287.27062,148.08967,539.46598,36.62778,108.81263,157.74552,24.03329,42.44756,75.18905,92.95582,350.27662,23.20016,25.37106,305.48937,86.01405,24.30555,498.33739,145.52243,43.99759,353.37849,18.7608,409.20881,23.44687,24.4655,90.29961,10.28273,279.00037,22.92416,52.03004,239.96434,76.36331,102.91579,171.17328,92.50932,101.9286,203.49166,181.69499,113.15493,256.89984,49.62631,190.73167,59.70492,448.14239,88.00419,425.77442,45.26896,95.61439,288.66423,176.88382,66.31366,91.09111,40.7479,94.79948,12.57134,98.43869,115.271,223.55352,32.43979,97.70146,247.74776,46.69641,19.9748,149.09141,50.59033,222.37115,174.79222,562.6118,423.4275,986.0393,46.61621,175.12568,920.22742,311.10311,55.19901,192.23283,48.13248,21.4635,56.27921,7.67233,50.99521,117.86544,22.37215,116.15453,112.93432,10.25533,43.27427,682.42694,610.88686,21.05967,245.59764,38.4556,13.13302,79.06891,152.78064,54.44723,157.3106,58.93674,7.40638,241.26315,94.65523,10.17071,195.95192,109.56585,115.2152,408.51701,502.69557,37.41011,123.33622,157.91234,29.95312,12.64592,95.43577
"2018",447.48633,320.67283,65.44006,24.2298,179.85772,91.47212,349.83839,119.26412,510.97221,72.77213,301.38135,189.72099,28.58108,48.17462,123.92835,43.14773,104.22724,146.06539,162.1334,121.93896,267.61907,190.75449,303.4705,220.84105,17.4613,69.14318,26.52702,78.77479,49.7388,27.43034,204.01381,179.69603,489.90727,314.15682,375.62951,496.20694,832.01945,104.92052,179.42289,96.66807,102.99574,380.96045,284.13828,349.99089,136.74925,452.41946,685.11644,182.86411,43.67945,175.77281,435.94771,392.11177,654.11223,399.13114,465.14286,102.35882,351.29594,232.05908,178.43936,284.36342,305.21787,865.47123,541.58986,564.05151,631.81256,238.1637,372.43317,414.57337,201.31348,226.32097,167.03947,557.61707,421.81406,979.43112,217.12782,1279.51542,198.60864,204.00079,430.21143,726.95154,643.52019,387.21266,431.17018,359.47584,420.1026,1062.23455,158.42609,41.75395,104.91581,857.82903,1815.27904,200.68405,845.13179,715.06605,26438.0017,269.07542,873.6171,314.15682,2084.86738,102.99574,2472.23888,655.39998,392.11177,1972.04099,694.86186,2908.14303,1226.48373,3068.04344,634.21222,2968.43301,1220.66064,41.75395,104.91581,144.1009,163.64573,8.77437,58.08346,45.02662,15.20399,12.65125,20.90023,58.28386,33.94459,143.30146,64.24269,51.52712,13.91294,5.98929,10.3274,3.65189,4.26123,92.76209,87.09563,91.47212,250.10035,16.71047,12.77145,25.78599,44.47014,119.26412,127.25264,95.21996,127.98598,160.51364,72.77213,13.97546,173.20917,20.00172,94.195,62.4868,127.23419,28.58108,48.17462,104.92356,8.82307,10.18172,43.14773,22.86544,81.3618,92.50439,11.05767,42.50333,162.1334,103.37278,18.56618,146.63418,35.72453,85.26036,45.52157,97.923,23.18597,2.90748,21.21647,34.25521,63.9613,82.12477,55.71918,6.04517,49.81187,11.553,140.98817,79.85288,17.4613,24.0347,45.10848,26.52702,20.92971,57.84508,6.74164,42.99716,27.43034,90.25579,33.48871,13.03978,67.22954,40.68776,139.00826,275.86361,192.62987,21.41379,135.12923,69.52918,109.49841,375.62951,396.83623,99.37071,129.26242,123.43532,205.50281,344.9565,28.8624,17.31332,5.8876,81.71959,30.63588,46.08788,28.88793,73.8112,29.21793,18.21565,49.2345,44.36162,58.63411,380.96045,284.13828,76.09767,273.89322,136.74925,298.85948,153.55998,541.7029,36.76323,106.65031,159.38697,23.47713,43.67945,79.55507,96.21775,382.87851,22.87666,30.19255,301.00533,91.10643,23.8013,498.80891,131.50202,44.88887,337.44443,16.79784,416.77261,21.13764,27.23262,93.04855,9.31027,271.91343,25.42735,53.95516,232.05908,75.49142,102.94794,186.13846,98.22496,111.29485,193.92301,193.21684,120.87653,255.72835,50.69125,179.83717,65.12109,443.80656,97.7833,415.84408,46.46751,101.73993,294.48226,175.81935,68.28035,93.23059,40.02582,91.48142,13.05804,93.59842,114.66346,222.92195,34.84776,93.17129,249.41226,50.87205,21.11777,147.86921,53.44427,226.32097,167.03947,557.61707,421.81406,979.43112,47.23176,169.89606,904.60707,315.23892,59.66942,198.60864,48.00602,21.66172,64.90066,7.72493,61.70746,119.15331,22.07338,115.41274,119.33546,10.22408,44.01246,726.95154,618.70181,24.81838,260.22547,39.08768,16.92513,70.97439,152.10481,55.99262,155.68999,67.38276,7.79257,257.01623,94.66704,9.77817,188.4702,110.20456,111.64967,395.56939,500.71142,41.78961,124.16413,158.42609,28.59807,13.15588,104.91581
