code_reg;fap_3;emp_fap;emp_region;variable;var_classe
11;A0Z;4841;4169666;0.116100426;0,1 - 0,25
24;A0Z;8705;869129;1.001577441;1,0 - 1,5
27;A0Z;6974;879600;0.792860391;0,75 - 1,0
28;A0Z;8807;1137000;0.774582234;0,75 - 1,0
32;A0Z;13806;2320760;0.594891329;0,5 - 0,75
44;A0Z;10818;1852977;0.583817284;0,5 - 0,75
52;A0Z;10957;1312839;0.834603481;0,75 - 1,0
53;A0Z;10301;1082628;0.951481026;0,75 - 1,0
75;A0Z;26365;2059120;1.280401336;1,0 - 1,5
76;A0Z;32932;2377731;1.385017902;1,0 - 1,5
84;A0Z;19927;2669893;0.746359498;0,5 - 0,75
93;A0Z;17680;2013910;0.877894246;0,75 - 1,0
94;A0Z;1132;90704;1.248015523;1,0 - 1,5
11;A1Z;28270;4169666;0.677991954;0,5 - 0,75
24;A1Z;31469;869129;3.62075135;3,5 - 4,0
27;A1Z;26965;879600;3.065597999;3,0 - 3,5
28;A1Z;30896;1137000;2.717326297;2,5 - 3,0
32;A1Z;70721;2320760;3.047320705;3,0 - 3,5
44;A1Z;55158;1852977;2.976723402;2,5 - 3,0
52;A1Z;55003;1312839;4.189622642;4,0 - 4,5
53;A1Z;36802;1082628;3.399320912;3,0 - 3,5
75;A1Z;102244;2059120;4.965422122;4,5 - 5,0
76;A1Z;92961;2377731;3.909651681;3,5 - 4,0
84;A1Z;60760;2669893;2.275746631;2,0 - 2,5
93;A1Z;54089;2013910;2.685770466;2,5 - 3,0
94;A1Z;2052;90704;2.262303757;2,0 - 2,5
11;A2Z;3357;4169666;0.080510046;0,0 - 0,1
24;A2Z;1544;869129;0.177649118;0,1 - 0,25
27;A2Z;1703;879600;0.193610732;0,1 - 0,25
28;A2Z;1761;1137000;0.154881266;0,1 - 0,25
32;A2Z;2032;2320760;0.087557524;0,0 - 0,1
44;A2Z;2540;1852977;0.137076715;0,1 - 0,25
52;A2Z;2980;1312839;0.226988991;0,1 - 0,25
53;A2Z;3403;1082628;0.314327728;0,25 - 0,5
75;A2Z;4921;2059120;0.238985586;0,1 - 0,25
76;A2Z;6232;2377731;0.262098614;0,25 - 0,5
84;A2Z;5706;2669893;0.21371643;0,1 - 0,25
93;A2Z;2829;2013910;0.14047301;0,1 - 0,25
94;A2Z;298;90704;0.328541189;0,25 - 0,5
11;A3Z;805;4169666;0.0193061;0,0 - 0,1
24;A3Z;206;869129;0.0237019;0,0 - 0,1
27;A3Z;344;879600;0.0391087;0,0 - 0,1
28;A3Z;2377;1137000;0.209058927;0,1 - 0,25
32;A3Z;1310;2320760;0.056447;0,0 - 0,1
44;A3Z;348;1852977;0.0187806;0,0 - 0,1
52;A3Z;1777;1312839;0.135355516;0,1 - 0,25
53;A3Z;5669;1082628;0.523633233;0,5 - 0,75
75;A3Z;3682;2059120;0.178814251;0,1 - 0,25
76;A3Z;2603;2377731;0.109474116;0,1 - 0,25
84;A3Z;826;2669893;0.0309376;0,0 - 0,1
93;A3Z;5117;2013910;0.254082854;0,25 - 0,5
94;A3Z;857;90704;0.94483154;0,75 - 1,0
11;B0Z;46263;4169666;1.109513328;1,0 - 1,5
24;B0Z;12009;869129;1.381728144;1,0 - 1,5
27;B0Z;13551;879600;1.54058663;1,5 - 2,0
28;B0Z;18603;1137000;1.636147757;1,5 - 2,0
32;B0Z;43451;2320760;1.8722746;1,5 - 2,0
44;B0Z;33159;1852977;1.789498736;1,5 - 2,0
52;B0Z;14325;1312839;1.091146744;1,0 - 1,5
53;B0Z;10406;1082628;0.961179648;0,75 - 1,0
75;B0Z;26576;2059120;1.290648432;1,0 - 1,5
76;B0Z;38841;2377731;1.633532136;1,5 - 2,0
84;B0Z;36128;2669893;1.353162842;1,0 - 1,5
93;B0Z;38896;2013910;1.93136734;1,5 - 2,0
94;B0Z;1315;90704;1.449770683;1,0 - 1,5
11;B1Z;13512;4169666;0.324054732;0,25 - 0,5
24;B1Z;1812;869129;0.208484586;0,1 - 0,25
27;B1Z;1721;879600;0.195657117;0,1 - 0,25
28;B1Z;4051;1137000;0.356288478;0,25 - 0,5
32;B1Z;6964;2320760;0.300074114;0,25 - 0,5
44;B1Z;4355;1852977;0.235027202;0,1 - 0,25
52;B1Z;3094;1312839;0.235672463;0,1 - 0,25
53;B1Z;3024;1082628;0.279320321;0,25 - 0,5
75;B1Z;5319;2059120;0.258314231;0,25 - 0,5
76;B1Z;8222;2377731;0.345791849;0,25 - 0,5
84;B1Z;5568;2669893;0.208547683;0,1 - 0,25
93;B1Z;9896;2013910;0.491382435;0,25 - 0,5
94;B1Z;136;90704;0.149938261;0,1 - 0,25
11;B2Z;33079;4169666;0.793324933;0,75 - 1,0
24;B2Z;9680;869129;1.113758717;1,0 - 1,5
27;B2Z;10488;879600;1.192360164;1,0 - 1,5
28;B2Z;14539;1137000;1.278715919;1,0 - 1,5
32;B2Z;24732;2320760;1.065685379;1,0 - 1,5
44;B2Z;22794;1852977;1.230128598;1,0 - 1,5
52;B2Z;13951;1312839;1.062658864;1,0 - 1,5
53;B2Z;13529;1082628;1.249644384;1,0 - 1,5
75;B2Z;24064;2059120;1.168654571;1,0 - 1,5
76;B2Z;33512;2377731;1.409410905;1,0 - 1,5
84;B2Z;34949;2669893;1.309003769;1,0 - 1,5
93;B2Z;30586;2013910;1.518737183;1,5 - 2,0
94;B2Z;874;90704;0.963573823;0,75 - 1,0
11;B3Z;25708;4169666;0.616548184;0,5 - 0,75
24;B3Z;7357;869129;0.846479637;0,75 - 1,0
27;B3Z;8070;879600;0.917462483;0,75 - 1,0
28;B3Z;11106;1137000;0.976781003;0,75 - 1,0
32;B3Z;27652;2320760;1.191506231;1,0 - 1,5
44;B3Z;18617;1852977;1.00470756;1,0 - 1,5
52;B3Z;10808;1312839;0.823254032;0,75 - 1,0
53;B3Z;7251;1082628;0.669759142;0,5 - 0,75
75;B3Z;15281;2059120;0.742113136;0,5 - 0,75
76;B3Z;18193;2377731;0.765141221;0,75 - 1,0
84;B3Z;21416;2669893;0.802129524;0,75 - 1,0
93;B3Z;14931;2013910;0.741393607;0,5 - 0,75
94;B3Z;560;90704;0.617392838;0,5 - 0,75
11;B4Z;90679;4169666;2.174730542;2,0 - 2,5
24;B4Z;19833;869129;2.281939735;2,0 - 2,5
27;B4Z;20643;879600;2.34686221;2,0 - 2,5
28;B4Z;28316;1137000;2.490413369;2,0 - 2,5
32;B4Z;54145;2320760;2.333071925;2,0 - 2,5
44;B4Z;47145;1852977;2.544284144;2,5 - 3,0
52;B4Z;32871;1312839;2.503810444;2,5 - 3,0
53;B4Z;29652;1082628;2.738890921;2,5 - 3,0
75;B4Z;49668;2059120;2.412098372;2,0 - 2,5
76;B4Z;54285;2377731;2.283058933;2,0 - 2,5
84;B4Z;63539;2669893;2.379833199;2,0 - 2,5
93;B4Z;46183;2013910;2.293200789;2,0 - 2,5
94;B4Z;1533;90704;1.690112895;1,5 - 2,0
11;B5Z;11849;4169666;0.284171442;0,25 - 0,5
24;B5Z;4138;869129;0.47610884;0,25 - 0,5
27;B5Z;5322;879600;0.605047749;0,5 - 0,75
28;B5Z;5760;1137000;0.506596306;0,5 - 0,75
32;B5Z;11343;2320760;0.488762302;0,25 - 0,5
44;B5Z;11674;1852977;0.630013217;0,5 - 0,75
52;B5Z;5265;1312839;0.401039274;0,25 - 0,5
53;B5Z;4130;1082628;0.381479141;0,25 - 0,5
75;B5Z;11168;2059120;0.542367613;0,5 - 0,75
76;B5Z;13302;2377731;0.559440912;0,5 - 0,75
84;B5Z;13886;2669893;0.520095749;0,5 - 0,75
93;B5Z;11387;2013910;0.565417521;0,5 - 0,75
94;B5Z;410;90704;0.452019757;0,25 - 0,5
11;B6Z;20797;4169666;0.498768966;0,25 - 0,5
24;B6Z;4015;869129;0.461956741;0,25 - 0,5
27;B6Z;3911;879600;0.444633925;0,25 - 0,5
28;B6Z;5319;1137000;0.467810026;0,25 - 0,5
32;B6Z;8432;2320760;0.363329254;0,25 - 0,5
44;B6Z;9029;1852977;0.487269945;0,25 - 0,5
52;B6Z;7180;1312839;0.546906361;0,5 - 0,75
53;B6Z;5973;1082628;0.551713054;0,5 - 0,75
75;B6Z;11806;2059120;0.573351723;0,5 - 0,75
76;B6Z;13785;2377731;0.579754396;0,5 - 0,75
84;B6Z;15807;2669893;0.592046198;0,5 - 0,75
93;B6Z;11253;2013910;0.558763798;0,5 - 0,75
94;B6Z;505;90704;0.556756042;0,5 - 0,75
11;B7Z;27565;4169666;0.661084125;0,5 - 0,75
24;B7Z;2708;869129;0.311576302;0,25 - 0,5
27;B7Z;2392;879600;0.271941792;0,25 - 0,5
28;B7Z;3130;1137000;0.27528584;0,25 - 0,5
32;B7Z;5843;2320760;0.251770972;0,25 - 0,5
44;B7Z;5778;1852977;0.311822543;0,25 - 0,5
52;B7Z;5281;1312839;0.402258007;0,25 - 0,5
53;B7Z;4232;1082628;0.39090066;0,25 - 0,5
75;B7Z;8032;2059120;0.390069544;0,25 - 0,5
76;B7Z;9178;2377731;0.385998248;0,25 - 0,5
84;B7Z;11558;2669893;0.432901244;0,25 - 0,5
93;B7Z;8464;2013910;0.420276974;0,25 - 0,5
94;B7Z;346;90704;0.381460575;0,25 - 0,5
11;C0Z;796;4169666;0.0190903;0,0 - 0,1
24;C0Z;718;869129;0.082611442;0,0 - 0,1
27;C0Z;650;879600;0.073897226;0,0 - 0,1
28;C0Z;1020;1137000;0.089709763;0,0 - 0,1
32;C0Z;1295;2320760;0.0558007;0,0 - 0,1
44;C0Z;1520;1852977;0.08203016;0,0 - 0,1
52;C0Z;1483;1312839;0.1129613;0,1 - 0,25
53;C0Z;1035;1082628;0.095600705;0,0 - 0,1
75;C0Z;1285;2059120;0.0624053;0,0 - 0,1
76;C0Z;1746;2377731;0.073431351;0,0 - 0,1
84;C0Z;2523;2669893;0.094498169;0,0 - 0,1
93;C0Z;616;2013910;0.0305873;0,0 - 0,1
94;C0Z;4;90704;0.00440995;0,0 - 0,1
11;C1Z;3896;4169666;0.09343674;0,0 - 0,1
24;C1Z;1928;869129;0.221831282;0,1 - 0,25
27;C1Z;2089;879600;0.237494316;0,1 - 0,25
28;C1Z;2469;1137000;0.217150396;0,1 - 0,25
32;C1Z;3834;2320760;0.165204502;0,1 - 0,25
44;C1Z;3841;1852977;0.207288056;0,1 - 0,25
52;C1Z;3863;1312839;0.29424781;0,25 - 0,5
53;C1Z;2526;1082628;0.233321141;0,1 - 0,25
75;C1Z;3801;2059120;0.184593419;0,1 - 0,25
76;C1Z;6206;2377731;0.261005135;0,25 - 0,5
84;C1Z;6961;2669893;0.260722059;0,25 - 0,5
93;C1Z;2937;2013910;0.145835713;0,1 - 0,25
94;C1Z;41;90704;0.045202;0,0 - 0,1
11;C2Z;2358;4169666;0.0565513;0,0 - 0,1
24;C2Z;499;869129;0.0574138;0,0 - 0,1
27;C2Z;458;879600;0.0520691;0,0 - 0,1
28;C2Z;572;1137000;0.0503078;0,0 - 0,1
32;C2Z;730;2320760;0.0314552;0,0 - 0,1
44;C2Z;1125;1852977;0.0607131;0,0 - 0,1
52;C2Z;803;1312839;0.0611652;0,0 - 0,1
53;C2Z;579;1082628;0.053481;0,0 - 0,1
75;C2Z;1028;2059120;0.0499242;0,0 - 0,1
76;C2Z;1659;2377731;0.069772401;0,0 - 0,1
84;C2Z;1755;2669893;0.065732971;0,0 - 0,1
93;C2Z;1028;2013910;0.051045;0,0 - 0,1
94;C2Z;15;90704;0.0165373;0,0 - 0,1
11;D0Z;1841;4169666;0.0441522;0,0 - 0,1
24;D0Z;2593;869129;0.298344665;0,25 - 0,5
27;D0Z;4000;879600;0.45475216;0,25 - 0,5
28;D0Z;3903;1137000;0.343271768;0,25 - 0,5
32;D0Z;7044;2320760;0.30352126;0,25 - 0,5
44;D0Z;7316;1852977;0.394824113;0,25 - 0,5
52;D0Z;3286;1312839;0.250297257;0,25 - 0,5
53;D0Z;1435;1082628;0.132547837;0,1 - 0,25
75;D0Z;3692;2059120;0.179299895;0,1 - 0,25
76;D0Z;2554;2377731;0.107413328;0,1 - 0,25
84;D0Z;7634;2669893;0.285929062;0,25 - 0,5
93;D0Z;1562;2013910;0.077560566;0,0 - 0,1
94;D0Z;6;90704;0.00661492;0,0 - 0,1
11;D1Z;4235;4169666;0.101566888;0,1 - 0,25
24;D1Z;5151;869129;0.592662309;0,5 - 0,75
27;D1Z;7324;879600;0.832651205;0,75 - 1,0
28;D1Z;4988;1137000;0.438698329;0,25 - 0,5
32;D1Z;7725;2320760;0.332865096;0,25 - 0,5
44;D1Z;11366;1852977;0.613391316;0,5 - 0,75
52;D1Z;6155;1312839;0.468831289;0,25 - 0,5
53;D1Z;2370;1082628;0.218911759;0,1 - 0,25
75;D1Z;6787;2059120;0.329606822;0,25 - 0,5
76;D1Z;5174;2377731;0.217602412;0,1 - 0,25
84;D1Z;14130;2669893;0.529234692;0,5 - 0,75
93;D1Z;1923;2013910;0.095485896;0,0 - 0,1
94;D1Z;63;90704;0.069456694;0,0 - 0,1
11;D2Z;6658;4169666;0.159677058;0,1 - 0,25
24;D2Z;4309;869129;0.49578371;0,25 - 0,5
27;D2Z;7037;879600;0.800022738;0,75 - 1,0
28;D2Z;10589;1137000;0.931310466;0,75 - 1,0
32;D2Z;15233;2320760;0.656379807;0,5 - 0,75
44;D2Z;16156;1852977;0.871894254;0,75 - 1,0
52;D2Z;10095;1312839;0.76894425;0,75 - 1,0
53;D2Z;7406;1082628;0.684076155;0,5 - 0,75
75;D2Z;10191;2059120;0.49492016;0,25 - 0,5
76;D2Z;8421;2377731;0.354161173;0,25 - 0,5
84;D2Z;16158;2669893;0.605192792;0,5 - 0,75
93;D2Z;7933;2013910;0.393910353;0,25 - 0,5
94;D2Z;70;90704;0.077174105;0,0 - 0,1
11;D3Z;10682;4169666;0.256183589;0,25 - 0,5
24;D3Z;7481;869129;0.860746794;0,75 - 1,0
27;D3Z;16724;879600;1.901318781;1,5 - 2,0
28;D3Z;10395;1137000;0.914248021;0,75 - 1,0
32;D3Z;28495;2320760;1.227830538;1,0 - 1,5
44;D3Z;26032;1852977;1.404874426;1,0 - 1,5
52;D3Z;11529;1312839;0.87817318;0,75 - 1,0
53;D3Z;5701;1082628;0.526589004;0,5 - 0,75
75;D3Z;10556;2059120;0.512646179;0,5 - 0,75
76;D3Z;11341;2377731;0.476967327;0,25 - 0,5
84;D3Z;18160;2669893;0.680177071;0,5 - 0,75
93;D3Z;6618;2013910;0.328614486;0,25 - 0,5
94;D3Z;249;90704;0.274519316;0,25 - 0,5
11;D4Z;7634;4169666;0.183084209;0,1 - 0,25
24;D4Z;5463;869129;0.628560317;0,5 - 0,75
27;D4Z;12510;879600;1.422237381;1,0 - 1,5
28;D4Z;7158;1137000;0.629551451;0,5 - 0,75
32;D4Z;17414;2320760;0.750357641;0,75 - 1,0
44;D4Z;18523;1852977;0.999634642;0,75 - 1,0
52;D4Z;11217;1312839;0.85440789;0,75 - 1,0
53;D4Z;3503;1082628;0.323564512;0,25 - 0,5
75;D4Z;7583;2059120;0.368264113;0,25 - 0,5
76;D4Z;9129;2377731;0.38393746;0,25 - 0,5
84;D4Z;14296;2669893;0.53545217;0,5 - 0,75
93;D4Z;3238;2013910;0.160781763;0,1 - 0,25
94;D4Z;52;90704;0.0573293;0,0 - 0,1
11;D6Z;4371;4169666;0.10482854;0,1 - 0,25
24;D6Z;1614;869129;0.185703158;0,1 - 0,25
27;D6Z;2289;879600;0.260231924;0,25 - 0,5
28;D6Z;2149;1137000;0.189006157;0,1 - 0,25
32;D6Z;3245;2320760;0.139824885;0,1 - 0,25
44;D6Z;3475;1852977;0.187536057;0,1 - 0,25
52;D6Z;2599;1312839;0.197967915;0,1 - 0,25
53;D6Z;1539;1082628;0.142154092;0,1 - 0,25
75;D6Z;2829;2059120;0.137388787;0,1 - 0,25
76;D6Z;3593;2377731;0.151110449;0,1 - 0,25
84;D6Z;5508;2669893;0.206300402;0,1 - 0,25
93;D6Z;1800;2013910;0.089378373;0,0 - 0,1
94;D6Z;33;90704;0.0363821;0,0 - 0,1
11;E0Z;17411;4169666;0.417563421;0,25 - 0,5
24;E0Z;31575;869129;3.632947468;3,5 - 4,0
27;E0Z;31320;879600;3.560709413;3,5 - 4,0
28;E0Z;41945;1137000;3.689094107;3,5 - 4,0
32;E0Z;62923;2320760;2.711310088;2,5 - 3,0
44;E0Z;57637;1852977;3.110508117;3,0 - 3,5
52;E0Z;48889;1312839;3.723914357;3,5 - 4,0
53;E0Z;32859;1082628;3.035114555;3,0 - 3,5
75;E0Z;35779;2059120;1.73758693;1,5 - 2,0
76;E0Z;22221;2377731;0.934546423;0,75 - 1,0
84;E0Z;60192;2669893;2.25447237;2,0 - 2,5
93;E0Z;14801;2013910;0.734938503;0,5 - 0,75
94;E0Z;278;90704;0.306491445;0,25 - 0,5
11;E1Z;9256;4169666;0.221984207;0,1 - 0,25
24;E1Z;9806;869129;1.12825599;1,0 - 1,5
27;E1Z;9159;879600;1.041268759;1,0 - 1,5
28;E1Z;14594;1137000;1.28355321;1,0 - 1,5
32;E1Z;23191;2320760;0.999284717;0,75 - 1,0
44;E1Z;18332;1852977;0.989326905;0,75 - 1,0
52;E1Z;12865;1312839;0.979937372;0,75 - 1,0
53;E1Z;13434;1082628;1.24086944;1,0 - 1,5
75;E1Z;15706;2059120;0.762753021;0,75 - 1,0
76;E1Z;11835;2377731;0.497743437;0,25 - 0,5
84;E1Z;25104;2669893;0.9402624;0,75 - 1,0
93;E1Z;8427;2013910;0.418439752;0,25 - 0,5
94;E1Z;189;90704;0.208370083;0,1 - 0,25
11;E2Z;8100;4169666;0.194260164;0,1 - 0,25
24;E2Z;5116;869129;0.588635289;0,5 - 0,75
27;E2Z;5275;879600;0.599704411;0,5 - 0,75
28;E2Z;7826;1137000;0.688302551;0,5 - 0,75
32;E2Z;11649;2320760;0.501947638;0,5 - 0,75
44;E2Z;13170;1852977;0.710748164;0,5 - 0,75
52;E2Z;8154;1312839;0.621096722;0,5 - 0,75
53;E2Z;5162;1082628;0.476802743;0,25 - 0,5
75;E2Z;7522;2059120;0.365301682;0,25 - 0,5
76;E2Z;7254;2377731;0.305080768;0,25 - 0,5
84;E2Z;14219;2669893;0.532568159;0,5 - 0,75
93;E2Z;4497;2013910;0.22329697;0,1 - 0,25
94;E2Z;130;90704;0.143323337;0,1 - 0,25
11;F0Z;6518;4169666;0.156319475;0,1 - 0,25
24;F0Z;2111;869129;0.242886844;0,1 - 0,25
27;F0Z;1802;879600;0.204865848;0,1 - 0,25
28;F0Z;2034;1137000;0.178891821;0,1 - 0,25
32;F0Z;4576;2320760;0.197176787;0,1 - 0,25
44;F0Z;3695;1852977;0.199408843;0,1 - 0,25
52;F0Z;3059;1312839;0.233006484;0,1 - 0,25
53;F0Z;1502;1082628;0.138736482;0,1 - 0,25
75;F0Z;3079;2059120;0.149529896;0,1 - 0,25
76;F0Z;3263;2377731;0.137231672;0,1 - 0,25
84;F0Z;6128;2669893;0.229522307;0,1 - 0,25
93;F0Z;2270;2013910;0.11271606;0,1 - 0,25
94;F0Z;247;90704;0.272314341;0,25 - 0,5
11;F1Z;16425;4169666;0.393916443;0,25 - 0,5
24;F1Z;2865;869129;0.329640364;0,25 - 0,5
27;F1Z;2610;879600;0.296725784;0,25 - 0,5
28;F1Z;3013;1137000;0.264995602;0,25 - 0,5
32;F1Z;6417;2320760;0.276504249;0,25 - 0,5
44;F1Z;5336;1852977;0.287969036;0,25 - 0,5
52;F1Z;4990;1312839;0.380092304;0,25 - 0,5
53;F1Z;3218;1082628;0.29723968;0,25 - 0,5
75;F1Z;5771;2059120;0.280265356;0,25 - 0,5
76;F1Z;5864;2377731;0.246621674;0,1 - 0,25
84;F1Z;10018;2669893;0.375221029;0,25 - 0,5
93;F1Z;4522;2013910;0.224538336;0,1 - 0,25
94;F1Z;235;90704;0.259084495;0,25 - 0,5
11;F2Z;1008;4169666;0.0241746;0,0 - 0,1
24;F2Z;501;869129;0.0576439;0,0 - 0,1
27;F2Z;786;879600;0.089358799;0,0 - 0,1
28;F2Z;590;1137000;0.0518909;0,0 - 0,1
32;F2Z;1117;2320760;0.0481308;0,0 - 0,1
44;F2Z;1349;1852977;0.072801767;0,0 - 0,1
52;F2Z;1019;1312839;0.077618048;0,0 - 0,1
53;F2Z;583;1082628;0.0538504;0,0 - 0,1
75;F2Z;1522;2059120;0.073915071;0,0 - 0,1
76;F2Z;1491;2377731;0.062706841;0,0 - 0,1
84;F2Z;1613;2669893;0.0604144;0,0 - 0,1
93;F2Z;629;2013910;0.0312328;0,0 - 0,1
94;F2Z;29;90704;0.0319721;0,0 - 0,1
11;F3Z;3814;4169666;0.091470156;0,0 - 0,1
24;F3Z;1048;869129;0.120580489;0,1 - 0,25
27;F3Z;1321;879600;0.150181901;0,1 - 0,25
28;F3Z;1248;1137000;0.109762533;0,1 - 0,25
32;F3Z;1807;2320760;0.077862424;0,0 - 0,1
44;F3Z;2408;1852977;0.129953043;0,1 - 0,25
52;F3Z;2140;1312839;0.163005517;0,1 - 0,25
53;F3Z;1661;1082628;0.153422967;0,1 - 0,25
75;F3Z;3560;2059120;0.17288939;0,1 - 0,25
76;F3Z;3127;2377731;0.131511933;0,1 - 0,25
84;F3Z;3688;2669893;0.138132876;0,1 - 0,25
93;F3Z;1975;2013910;0.098067937;0,0 - 0,1
94;F3Z;45;90704;0.0496119;0,0 - 0,1
11;F4Z;10223;4169666;0.245175513;0,1 - 0,25
24;F4Z;1854;869129;0.21331701;0,1 - 0,25
27;F4Z;1394;879600;0.158481128;0,1 - 0,25
28;F4Z;1928;1137000;0.169569041;0,1 - 0,25
32;F4Z;4044;2320760;0.174253262;0,1 - 0,25
44;F4Z;2879;1852977;0.155371599;0,1 - 0,25
52;F4Z;2633;1312839;0.200557723;0,1 - 0,25
53;F4Z;2116;1082628;0.19545033;0,1 - 0,25
75;F4Z;3670;2059120;0.178231478;0,1 - 0,25
76;F4Z;3538;2377731;0.14879732;0,1 - 0,25
84;F4Z;4488;2669893;0.168096624;0,1 - 0,25
93;F4Z;2550;2013910;0.126619362;0,1 - 0,25
94;F4Z;93;90704;0.102531311;0,1 - 0,25
11;F5Z;6511;4169666;0.156151596;0,1 - 0,25
24;F5Z;622;869129;0.071565901;0,0 - 0,1
27;F5Z;597;879600;0.06787176;0,0 - 0,1
28;F5Z;728;1137000;0.064028144;0,0 - 0,1
32;F5Z;1479;2320760;0.063729123;0,0 - 0,1
44;F5Z;1195;1852977;0.064490817;0,0 - 0,1
52;F5Z;1368;1312839;0.104201658;0,1 - 0,25
53;F5Z;982;1082628;0.09070521;0,0 - 0,1
75;F5Z;1611;2059120;0.078237305;0,0 - 0,1
76;F5Z;1643;2377731;0.06909949;0,0 - 0,1
84;F5Z;2214;2669893;0.082924672;0,0 - 0,1
93;F5Z;1049;2013910;0.0520877;0,0 - 0,1
94;F5Z;23;90704;0.0253572;0,0 - 0,1
11;G0A;29731;4169666;0.713030732;0,5 - 0,75
24;G0A;8681;869129;0.998816056;0,75 - 1,0
27;G0A;14632;879600;1.663483402;1,5 - 2,0
28;G0A;15762;1137000;1.386279683;1,0 - 1,5
32;G0A;36869;2320760;1.588660611;1,5 - 2,0
44;G0A;25606;1852977;1.381884395;1,0 - 1,5
52;G0A;13975;1312839;1.064486963;1,0 - 1,5
53;G0A;12926;1082628;1.193946582;1,0 - 1,5
75;G0A;27726;2059120;1.346497533;1,0 - 1,5
76;G0A;31890;2377731;1.341194609;1,0 - 1,5
84;G0A;31793;2669893;1.190796785;1,0 - 1,5
93;G0A;26261;2013910;1.303980813;1,0 - 1,5
94;G0A;1409;90704;1.553404481;1,5 - 2,0
11;G0B;17329;4169666;0.415596837;0,25 - 0,5
24;G0B;5810;869129;0.668485346;0,5 - 0,75
27;G0B;6321;879600;0.718622101;0,5 - 0,75
28;G0B;7435;1137000;0.653913808;0,5 - 0,75
32;G0B;14111;2320760;0.608033575;0,5 - 0,75
44;G0B;12645;1852977;0.682415378;0,5 - 0,75
52;G0B;6955;1312839;0.52976793;0,5 - 0,75
53;G0B;5834;1082628;0.538873925;0,5 - 0,75
75;G0B;12372;2059120;0.600839193;0,5 - 0,75
76;G0B;15519;2377731;0.652681064;0,5 - 0,75
84;G0B;16049;2669893;0.601110232;0,5 - 0,75
93;G0B;12115;2013910;0.601566108;0,5 - 0,75
94;G0B;505;90704;0.556756042;0,5 - 0,75
11;G1Z;40292;4169666;0.96631241;0,75 - 1,0
24;G1Z;10006;869129;1.151267533;1,0 - 1,5
27;G1Z;10426;879600;1.185311505;1,0 - 1,5
28;G1Z;12834;1137000;1.128759894;1,0 - 1,5
32;G1Z;25349;2320760;1.092271497;1,0 - 1,5
44;G1Z;21997;1852977;1.187116732;1,0 - 1,5
52;G1Z;11810;1312839;0.899577176;0,75 - 1,0
53;G1Z;11286;1082628;1.042463339;1,0 - 1,5
75;G1Z;19843;2059120;0.96366409;0,75 - 1,0
76;G1Z;25462;2377731;1.070852842;1,0 - 1,5
84;G1Z;30819;2669893;1.154315922;1,0 - 1,5
93;G1Z;21849;2013910;1.084904489;1,0 - 1,5
94;G1Z;783;90704;0.863247486;0,75 - 1,0
11;H0Z;22119;4169666;0.530474143;0,5 - 0,75
24;H0Z;5197;869129;0.597954964;0,5 - 0,75
27;H0Z;6367;879600;0.723851751;0,5 - 0,75
28;H0Z;6284;1137000;0.552682498;0,5 - 0,75
32;H0Z;11200;2320760;0.482600527;0,25 - 0,5
44;H0Z;11404;1852977;0.61544207;0,5 - 0,75
52;H0Z;7797;1312839;0.593903746;0,5 - 0,75
53;H0Z;6219;1082628;0.57443554;0,5 - 0,75
75;H0Z;11137;2059120;0.540862116;0,5 - 0,75
76;H0Z;12921;2377731;0.543417233;0,5 - 0,75
84;H0Z;18206;2669893;0.681899986;0,5 - 0,75
93;H0Z;9184;2013910;0.456028323;0,25 - 0,5
94;H0Z;318;90704;0.350590933;0,25 - 0,5
11;J0Z;88474;4169666;2.121848608;2,0 - 2,5
24;J0Z;35452;869129;4.079026244;4,0 - 4,5
27;J0Z;24058;879600;2.735106867;2,5 - 3,0
28;J0Z;31320;1137000;2.754617414;2,5 - 3,0
32;J0Z;107252;2320760;4.621417122;4,5 - 5,0
44;J0Z;54750;1852977;2.95470478;2,5 - 3,0
52;J0Z;35067;1312839;2.671081526;2,5 - 3,0
53;J0Z;18700;1082628;1.727278437;1,5 - 2,0
75;J0Z;41248;2059120;2.003185827;2,0 - 2,5
76;J0Z;45594;2377731;1.917542397;1,5 - 2,0
84;J0Z;68014;2669893;2.547442913;2,5 - 3,0
93;J0Z;38375;2013910;1.905497267;1,5 - 2,0
94;J0Z;953;90704;1.050670312;1,0 - 1,5
11;J1Z;128058;4169666;3.071181241;3,0 - 3,5
24;J1Z;35531;869129;4.088115803;4,0 - 4,5
27;J1Z;26889;879600;3.056957708;3,0 - 3,5
28;J1Z;35797;1137000;3.148372911;3,0 - 3,5
32;J1Z;95839;2320760;4.129638567;4,0 - 4,5
44;J1Z;62361;1852977;3.36544922;3,0 - 3,5
52;J1Z;39278;1312839;2.991836775;2,5 - 3,0
53;J1Z;27653;1082628;2.554247627;2,5 - 3,0
75;J1Z;47985;2059120;2.330364428;2,0 - 2,5
76;J1Z;52665;2377731;2.214926752;2,0 - 2,5
84;J1Z;74860;2669893;2.803857683;2,5 - 3,0
93;J1Z;42821;2013910;2.126261849;2,0 - 2,5
94;J1Z;1038;90704;1.144381725;1,0 - 1,5
11;J3Z;175915;4169666;4.21892305;4,0 - 4,5
24;J3Z;30977;869129;3.564142952;3,5 - 4,0
27;J3Z;30644;879600;3.483856298;3,0 - 3,5
28;J3Z;38263;1137000;3.365259455;3,0 - 3,5
32;J3Z;85228;2320760;3.672417656;3,5 - 4,0
44;J3Z;70089;1852977;3.782507824;3,5 - 4,0
52;J3Z;41710;1312839;3.177084166;3,0 - 3,5
53;J3Z;38537;1082628;3.559579098;3,5 - 4,0
75;J3Z;72382;2059120;3.515190955;3,5 - 4,0
76;J3Z;89073;2377731;3.746134445;3,5 - 4,0
84;J3Z;101136;2669893;3.788016973;3,5 - 4,0
93;J3Z;83361;2013910;4.139261437;4,0 - 4,5
94;J3Z;3819;90704;4.210398659;4,0 - 4,5
11;J4Z;20230;4169666;0.485170755;0,25 - 0,5
24;J4Z;4364;869129;0.502111884;0,5 - 0,75
27;J4Z;3912;879600;0.444747613;0,25 - 0,5
28;J4Z;4817;1137000;0.423658751;0,25 - 0,5
32;J4Z;10107;2320760;0.435503887;0,25 - 0,5
44;J4Z;8228;1852977;0.444042209;0,25 - 0,5
52;J4Z;5581;1312839;0.425109248;0,25 - 0,5
53;J4Z;4752;1082628;0.438931932;0,25 - 0,5
75;J4Z;7881;2059120;0.382736315;0,25 - 0,5
76;J4Z;8596;2377731;0.361521131;0,25 - 0,5
84;J4Z;12678;2669893;0.47485049;0,25 - 0,5
93;J4Z;7762;2013910;0.385419408;0,25 - 0,5
94;J4Z;212;90704;0.233727289;0,1 - 0,25
11;J5Z;46760;4169666;1.121432748;1,0 - 1,5
24;J5Z;4466;869129;0.513847772;0,5 - 0,75
27;J5Z;3854;879600;0.438153706;0,25 - 0,5
28;J5Z;6285;1137000;0.552770449;0,5 - 0,75
32;J5Z;9908;2320760;0.426929109;0,25 - 0,5
44;J5Z;7586;1852977;0.40939526;0,25 - 0,5
52;J5Z;7857;1312839;0.598473994;0,5 - 0,75
53;J5Z;6864;1082628;0.634012791;0,5 - 0,75
75;J5Z;14387;2059120;0.698696531;0,5 - 0,75
76;J5Z;17799;2377731;0.748570801;0,5 - 0,75
84;J5Z;19050;2669893;0.71351174;0,5 - 0,75
93;J5Z;19064;2013910;0.946616284;0,75 - 1,0
94;J5Z;1801;90704;1.985579467;1,5 - 2,0
11;J6Z;10685;4169666;0.256255537;0,25 - 0,5
24;J6Z;1347;869129;0.154982747;0,1 - 0,25
27;J6Z;1116;879600;0.126875853;0,1 - 0,25
28;J6Z;1431;1137000;0.12585752;0,1 - 0,25
32;J6Z;3047;2320760;0.131293197;0,1 - 0,25
44;J6Z;2361;1852977;0.127416584;0,1 - 0,25
52;J6Z;1914;1312839;0.145790916;0,1 - 0,25
53;J6Z;1574;1082628;0.145386966;0,1 - 0,25
75;J6Z;2921;2059120;0.141856715;0,1 - 0,25
76;J6Z;3574;2377731;0.150311368;0,1 - 0,25
84;J6Z;3981;2669893;0.149107099;0,1 - 0,25
93;J6Z;3779;2013910;0.18764493;0,1 - 0,25
94;J6Z;106;90704;0.116863644;0,1 - 0,25
11;K0Z;7946;4169666;0.190566822;0,1 - 0,25
24;K0Z;1693;869129;0.194792718;0,1 - 0,25
27;K0Z;2103;879600;0.239085948;0,1 - 0,25
28;K0Z;2101;1137000;0.184784521;0,1 - 0,25
32;K0Z;3194;2320760;0.137627329;0,1 - 0,25
44;K0Z;3062;1852977;0.165247599;0,1 - 0,25
52;K0Z;2352;1312839;0.179153727;0,1 - 0,25
53;K0Z;2135;1082628;0.197205319;0,1 - 0,25
75;K0Z;4130;2059120;0.200571118;0,1 - 0,25
76;K0Z;4755;2377731;0.19998057;0,1 - 0,25
84;K0Z;5655;2669893;0.211806241;0,1 - 0,25
93;K0Z;5038;2013910;0.250160136;0,25 - 0,5
94;K0Z;259;90704;0.285544188;0,25 - 0,5
11;L0Z;127877;4169666;3.066840366;3,0 - 3,5
24;L0Z;34030;869129;3.915414168;3,5 - 4,0
27;L0Z;34474;879600;3.919281492;3,5 - 4,0
28;L0Z;43353;1137000;3.81292876;3,5 - 4,0
32;L0Z;81003;2320760;3.490365225;3,0 - 3,5
44;L0Z;70017;1852977;3.778622185;3,5 - 4,0
52;L0Z;49568;1312839;3.775634331;3,5 - 4,0
53;L0Z;41424;1082628;3.826245026;3,5 - 4,0
75;L0Z;83930;2059120;4.076013054;4,0 - 4,5
76;L0Z;96252;2377731;4.048060945;4,0 - 4,5
84;L0Z;104010;2669893;3.895661736;3,5 - 4,0
93;L0Z;81784;2013910;4.060956051;4,0 - 4,5
94;L0Z;4671;90704;5.149717763;5,0 - 7,5
11;L1Z;41725;4169666;1.000679671;1,0 - 1,5
24;L1Z;7479;869129;0.860516678;0,75 - 1,0
27;L1Z;5817;879600;0.661323329;0,5 - 0,75
28;L1Z;7703;1137000;0.677484609;0,5 - 0,75
32;L1Z;14482;2320760;0.624019718;0,5 - 0,75
44;L1Z;12965;1852977;0.699684885;0,5 - 0,75
52;L1Z;9639;1312839;0.734210364;0,5 - 0,75
53;L1Z;7855;1082628;0.725549311;0,5 - 0,75
75;L1Z;14841;2059120;0.720744784;0,5 - 0,75
76;L1Z;16271;2377731;0.684307855;0,5 - 0,75
84;L1Z;20689;2669893;0.774899968;0,75 - 1,0
93;L1Z;15264;2013910;0.757928607;0,75 - 1,0
94;L1Z;576;90704;0.635032634;0,5 - 0,75
11;L2Z;163172;4169666;3.913311042;3,5 - 4,0
24;L2Z;28928;869129;3.328389687;3,0 - 3,5
27;L2Z;25956;879600;2.950886767;2,5 - 3,0
28;L2Z;34664;1137000;3.048724714;3,0 - 3,5
32;L2Z;74593;2320760;3.214162602;3,0 - 3,5
44;L2Z;58143;1852977;3.137815526;3,0 - 3,5
52;L2Z;39005;1312839;2.971042146;2,5 - 3,0
53;L2Z;29683;1082628;2.741754324;2,5 - 3,0
75;L2Z;60376;2059120;2.932126345;2,5 - 3,0
76;L2Z;72449;2377731;3.046980504;3,0 - 3,5
84;L2Z;84236;2669893;3.155032805;3,0 - 3,5
93;L2Z;66083;2013910;3.281328361;3,0 - 3,5
94;L2Z;2712;90704;2.989945317;2,5 - 3,0
11;L3Z;51933;4169666;1.245495443;1,0 - 1,5
24;L3Z;8190;869129;0.942322716;0,75 - 1,0
27;L3Z;7795;879600;0.886198272;0,75 - 1,0
28;L3Z;9590;1137000;0.843447669;0,75 - 1,0
32;L3Z;16795;2320760;0.723685344;0,5 - 0,75
44;L3Z;15414;1852977;0.831850584;0,75 - 1,0
52;L3Z;11631;1312839;0.885942602;0,75 - 1,0
53;L3Z;9923;1082628;0.916565986;0,75 - 1,0
75;L3Z;20079;2059120;0.975125296;0,75 - 1,0
76;L3Z;22243;2377731;0.935471674;0,75 - 1,0
84;L3Z;27603;2669893;1.033861657;1,0 - 1,5
93;L3Z;21129;2013910;1.04915314;1,0 - 1,5
94;L3Z;1007;90704;1.110204622;1,0 - 1,5
11;L4Z;17984;4169666;0.431305529;0,25 - 0,5
24;L4Z;3634;869129;0.41811975;0,25 - 0,5
27;L4Z;3505;879600;0.39847658;0,25 - 0,5
28;L4Z;4135;1137000;0.363676341;0,25 - 0,5
32;L4Z;6877;2320760;0.296325342;0,25 - 0,5
44;L4Z;7171;1852977;0.386998867;0,25 - 0,5
52;L4Z;5552;1312839;0.422900295;0,25 - 0,5
53;L4Z;4705;1082628;0.434590644;0,25 - 0,5
75;L4Z;7736;2059120;0.375694471;0,25 - 0,5
76;L4Z;9747;2377731;0.409928625;0,25 - 0,5
84;L4Z;13224;2669893;0.495300748;0,25 - 0,5
93;L4Z;7323;2013910;0.363621016;0,25 - 0,5
94;L4Z;260;90704;0.286646675;0,25 - 0,5
11;L5Z;147036;4169666;3.52632561;3,5 - 4,0
24;L5Z;10061;869129;1.157595708;1,0 - 1,5
27;L5Z;8188;879600;0.930877672;0,75 - 1,0
28;L5Z;10566;1137000;0.929287599;0,75 - 1,0
32;L5Z;21305;2320760;0.918018235;0,75 - 1,0
44;L5Z;20720;1852977;1.118200604;1,0 - 1,5
52;L5Z;17298;1312839;1.317602539;1,0 - 1,5
53;L5Z;13445;1082628;1.241885486;1,0 - 1,5
75;L5Z;25474;2059120;1.237130425;1,0 - 1,5
76;L5Z;29673;2377731;1.247954457;1,0 - 1,5
84;L5Z;42308;2669893;1.584632792;1,5 - 2,0
93;L5Z;29665;2013910;1.473005248;1,0 - 1,5
94;L5Z;996;90704;1.098077262;1,0 - 1,5
11;L6Z;25381;4169666;0.608705829;0,5 - 0,75
24;L6Z;2705;869129;0.311231129;0,25 - 0,5
27;L6Z;2465;879600;0.280241019;0,25 - 0,5
28;L6Z;3137;1137000;0.275901495;0,25 - 0,5
32;L6Z;5824;2320760;0.250952274;0,25 - 0,5
44;L6Z;4685;1852977;0.252836382;0,25 - 0,5
52;L6Z;4566;1312839;0.347795884;0,25 - 0,5
53;L6Z;3567;1082628;0.329476053;0,25 - 0,5
75;L6Z;12005;2059120;0.583016046;0,5 - 0,75
76;L6Z;8197;2377731;0.344740427;0,25 - 0,5
84;L6Z;15244;2669893;0.570959211;0,5 - 0,75
93;L6Z;10742;2013910;0.533390271;0,5 - 0,75
94;L6Z;391;90704;0.4310725;0,25 - 0,5
11;M0Z;20043;4169666;0.480685983;0,25 - 0,5
24;M0Z;2511;869129;0.288909932;0,25 - 0,5
27;M0Z;1773;879600;0.201568895;0,1 - 0,25
28;M0Z;2593;1137000;0.228056288;0,1 - 0,25
32;M0Z;7274;2320760;0.313431807;0,25 - 0,5
44;M0Z;5041;1852977;0.272048709;0,25 - 0,5
52;M0Z;3341;1312839;0.254486651;0,25 - 0,5
53;M0Z;2857;1082628;0.263894893;0,25 - 0,5
75;M0Z;5175;2059120;0.251320953;0,25 - 0,5
76;M0Z;6900;2377731;0.290192625;0,25 - 0,5
84;M0Z;6942;2669893;0.26001042;0,25 - 0,5
93;M0Z;5113;2013910;0.253884235;0,25 - 0,5
94;M0Z;127;90704;0.140015876;0,1 - 0,25
11;M1Z;25491;4169666;0.61134393;0,5 - 0,75
24;M1Z;4605;869129;0.529840795;0,5 - 0,75
27;M1Z;4284;879600;0.487039563;0,25 - 0,5
28;M1Z;4864;1137000;0.427792436;0,25 - 0,5
32;M1Z;11879;2320760;0.511858184;0,5 - 0,75
44;M1Z;9283;1852977;0.500977616;0,5 - 0,75
52;M1Z;6634;1312839;0.505317103;0,5 - 0,75
53;M1Z;5698;1082628;0.5263119;0,5 - 0,75
75;M1Z;10042;2059120;0.487684059;0,25 - 0,5
76;M1Z;13123;2377731;0.551912727;0,5 - 0,75
84;M1Z;14925;2669893;0.559011166;0,5 - 0,75
93;M1Z;8948;2013910;0.444309825;0,25 - 0,5
94;M1Z;360;90704;0.396895396;0,25 - 0,5
11;M2Z;74396;4169666;1.784219647;1,5 - 2,0
24;M2Z;3726;869129;0.42870506;0,25 - 0,5
27;M2Z;2433;879600;0.276603001;0,25 - 0,5
28;M2Z;3434;1137000;0.302022867;0,25 - 0,5
32;M2Z;8294;2320760;0.357382926;0,25 - 0,5
44;M2Z;6701;1852977;0.361634278;0,25 - 0,5
52;M2Z;6434;1312839;0.490082942;0,25 - 0,5
53;M2Z;5709;1082628;0.527327946;0,5 - 0,75
75;M2Z;7888;2059120;0.383076266;0,25 - 0,5
76;M2Z;12143;2377731;0.510696963;0,5 - 0,75
84;M2Z;15089;2669893;0.565153735;0,5 - 0,75
93;M2Z;9894;2013910;0.491283126;0,25 - 0,5
94;M2Z;219;90704;0.241444699;0,1 - 0,25
11;N0Z;29300;4169666;0.702694173;0,5 - 0,75
24;N0Z;3468;869129;0.399020168;0,25 - 0,5
27;N0Z;3767;879600;0.428262847;0,25 - 0,5
28;N0Z;3761;1137000;0.330782762;0,25 - 0,5
32;N0Z;5802;2320760;0.250004309;0,25 - 0,5
44;N0Z;8324;1852977;0.449223061;0,25 - 0,5
52;N0Z;6000;1312839;0.457024814;0,25 - 0,5
53;N0Z;5961;1082628;0.55060464;0,5 - 0,75
75;N0Z;9205;2059120;0.447035627;0,25 - 0,5
76;N0Z;14577;2377731;0.613063463;0,5 - 0,75
84;N0Z;17974;2669893;0.673210499;0,5 - 0,75
93;N0Z;9430;2013910;0.468243367;0,25 - 0,5
94;N0Z;165;90704;0.18191039;0,1 - 0,25
11;P0Z;283;4169666;0.00678711;0,0 - 0,1
24;P0Z;31;869129;0.00356679;0,0 - 0,1
27;P0Z;21;879600;0.00238745;0,0 - 0,1
28;P0Z;34;1137000;0.00299033;0,0 - 0,1
32;P0Z;109;2320760;0.00469674;0,0 - 0,1
44;P0Z;49;1852977;0.00264439;0,0 - 0,1
52;P0Z;30;1312839;0.00228512;0,0 - 0,1
53;P0Z;33;1082628;0.00304814;0,0 - 0,1
75;P0Z;60;2059120;0.00291387;0,0 - 0,1
76;P0Z;101;2377731;0.00424775;0,0 - 0,1
84;P0Z;81;2669893;0.00303383;0,0 - 0,1
93;P0Z;61;2013910;0.00302893;0,0 - 0,1
94;P0Z;5;90704;0.00551244;0,0 - 0,1
11;P1Z;143;4169666;0.00342953;0,0 - 0,1
24;P1Z;19;869129;0.0021861;0,0 - 0,1
27;P1Z;20;879600;0.00227376;0,0 - 0,1
28;P1Z;10;1137000;0.000879507;0,0 - 0,1
32;P1Z;67;2320760;0.00288699;0,0 - 0,1
44;P1Z;19;1852977;0.00102538;0,0 - 0,1
52;P1Z;5;1312839;0.000380854;0,0 - 0,1
53;P1Z;12;1082628;0.00110841;0,0 - 0,1
75;P1Z;37;2059120;0.00179688;0,0 - 0,1
76;P1Z;71;2377731;0.00298604;0,0 - 0,1
84;P1Z;44;2669893;0.00164801;0,0 - 0,1
93;P1Z;32;2013910;0.00158895;0,0 - 0,1
11;P2Z;21020;4169666;0.504117116;0,5 - 0,75
24;P2Z;2876;869129;0.330905999;0,25 - 0,5
27;P2Z;2977;879600;0.338449295;0,25 - 0,5
28;P2Z;3701;1137000;0.325505717;0,25 - 0,5
32;P2Z;5971;2320760;0.257286406;0,25 - 0,5
44;P2Z;4957;1852977;0.267515463;0,25 - 0,5
52;P2Z;5994;1312839;0.456567789;0,25 - 0,5
53;P2Z;6282;1082628;0.580254714;0,5 - 0,75
75;P2Z;9227;2059120;0.448104044;0,25 - 0,5
76;P2Z;10375;2377731;0.43634036;0,25 - 0,5
84;P2Z;13159;2669893;0.492866194;0,25 - 0,5
93;P2Z;7946;2013910;0.394555864;0,25 - 0,5
94;P2Z;272;90704;0.299876521;0,25 - 0,5
11;P3Z;7052;4169666;0.169126256;0,1 - 0,25
24;P3Z;814;869129;0.093656983;0,0 - 0,1
27;P3Z;733;879600;0.083333333;0,0 - 0,1
28;P3Z;997;1137000;0.087686895;0,0 - 0,1
32;P3Z;1929;2320760;0.083119323;0,0 - 0,1
44;P3Z;1640;1852977;0.088506225;0,0 - 0,1
52;P3Z;1139;1312839;0.086758544;0,0 - 0,1
53;P3Z;1091;1082628;0.100773303;0,1 - 0,25
75;P3Z;2471;2059120;0.12000272;0,1 - 0,25
76;P3Z;2932;2377731;0.123310837;0,1 - 0,25
84;P3Z;3344;2669893;0.125248465;0,1 - 0,25
93;P3Z;2728;2013910;0.13545789;0,1 - 0,25
94;P3Z;109;90704;0.120171106;0,1 - 0,25
11;P4Z;4400;4169666;0.10552404;0,1 - 0,25
24;P4Z;1028;869129;0.118279335;0,1 - 0,25
27;P4Z;1019;879600;0.115848113;0,1 - 0,25
28;P4Z;1633;1137000;0.143623571;0,1 - 0,25
32;P4Z;3709;2320760;0.159818335;0,1 - 0,25
44;P4Z;2636;1852977;0.142257567;0,1 - 0,25
52;P4Z;1364;1312839;0.103896974;0,1 - 0,25
53;P4Z;1517;1082628;0.140121999;0,1 - 0,25
75;P4Z;2940;2059120;0.14277944;0,1 - 0,25
76;P4Z;3922;2377731;0.16494717;0,1 - 0,25
84;P4Z;4208;2669893;0.157609312;0,1 - 0,25
93;P4Z;3780;2013910;0.187694584;0,1 - 0,25
94;P4Z;198;90704;0.218292468;0,1 - 0,25
11;Q0Z;21369;4169666;0.512487091;0,5 - 0,75
24;Q0Z;4005;869129;0.460806163;0,25 - 0,5
27;Q0Z;2263;879600;0.257276035;0,25 - 0,5
28;Q0Z;3412;1137000;0.300087951;0,25 - 0,5
32;Q0Z;7323;2320760;0.315543184;0,25 - 0,5
44;Q0Z;6214;1852977;0.335352247;0,25 - 0,5
52;Q0Z;4496;1312839;0.342463927;0,25 - 0,5
53;Q0Z;3496;1082628;0.322917937;0,25 - 0,5
75;Q0Z;8195;2059120;0.397985547;0,25 - 0,5
76;Q0Z;7599;2377731;0.319590399;0,25 - 0,5
84;Q0Z;8860;2669893;0.331848505;0,25 - 0,5
93;Q0Z;7803;2013910;0.387455249;0,25 - 0,5
94;Q0Z;344;90704;0.379255601;0,25 - 0,5
11;Q1Z;12909;4169666;0.309593142;0,25 - 0,5
24;Q1Z;1596;869129;0.183632119;0,1 - 0,25
27;Q1Z;1317;879600;0.149727149;0,1 - 0,25
28;Q1Z;1612;1137000;0.141776605;0,1 - 0,25
32;Q1Z;2829;2320760;0.121899723;0,1 - 0,25
44;Q1Z;3532;1852977;0.190612188;0,1 - 0,25
52;Q1Z;2417;1312839;0.184104829;0,1 - 0,25
53;Q1Z;1798;1082628;0.16607736;0,1 - 0,25
75;Q1Z;4059;2059120;0.197123043;0,1 - 0,25
76;Q1Z;3961;2377731;0.166587389;0,1 - 0,25
84;Q1Z;5400;2669893;0.202255296;0,1 - 0,25
93;Q1Z;3765;2013910;0.186949764;0,1 - 0,25
94;Q1Z;131;90704;0.144425825;0,1 - 0,25
11;Q2Z;14626;4169666;0.350771501;0,25 - 0,5
24;Q2Z;826;869129;0.095037676;0,0 - 0,1
27;Q2Z;571;879600;0.064915871;0,0 - 0,1
28;Q2Z;752;1137000;0.066138962;0,0 - 0,1
32;Q2Z;1402;2320760;0.0604112;0,0 - 0,1
44;Q2Z;1694;1852977;0.091420455;0,0 - 0,1
52;Q2Z;1059;1312839;0.08066488;0,0 - 0,1
53;Q2Z;921;1082628;0.085070772;0,0 - 0,1
75;Q2Z;1939;2059120;0.09416644;0,0 - 0,1
76;Q2Z;2074;2377731;0.087226015;0,0 - 0,1
84;Q2Z;2685;2669893;0.100565828;0,1 - 0,25
93;Q2Z;2603;2013910;0.129251059;0,1 - 0,25
94;Q2Z;88;90704;0.097018875;0,0 - 0,1
11;R0Z;106464;4169666;2.553298034;2,5 - 3,0
24;R0Z;28216;869129;3.246468591;3,0 - 3,5
27;R0Z;30576;879600;3.476125512;3,0 - 3,5
28;R0Z;40788;1137000;3.587335092;3,5 - 4,0
32;R0Z;102733;2320760;4.426696427;4,0 - 4,5
44;R0Z;71877;1852977;3.879001196;3,5 - 4,0
52;R0Z;38465;1312839;2.929909913;2,5 - 3,0
53;R0Z;31855;1082628;2.942377252;2,5 - 3,0
75;R0Z;67076;2059120;3.257508062;3,0 - 3,5
76;R0Z;77289;2377731;3.25053591;3,0 - 3,5
84;R0Z;76424;2669893;2.862436809;2,5 - 3,0
93;R0Z;62523;2013910;3.1045578;3,0 - 3,5
94;R0Z;3672;90704;4.048333039;4,0 - 4,5
11;R1Z;174134;4169666;4.176209797;4,0 - 4,5
24;R1Z;44610;869129;5.132724831;5,0 - 7,5
27;R1Z;46007;879600;5.230445657;5,0 - 7,5
28;R1Z;63542;1137000;5.588566403;5,0 - 7,5
32;R1Z;130884;2320760;5.639704235;5,0 - 7,5
44;R1Z;110366;1852977;5.956145165;5,0 - 7,5
52;R1Z;63216;1312839;4.815213442;4,5 - 5,0
53;R1Z;54160;1082628;5.00264172;5,0 - 7,5
75;R1Z;113796;2059120;5.526438479;5,0 - 7,5
76;R1Z;134541;2377731;5.658377672;5,0 - 7,5
84;R1Z;134398;2669893;5.033834689;5,0 - 7,5
93;R1Z;120620;2013910;5.989344112;5,0 - 7,5
94;R1Z;6852;90704;7.554242371;7,5 - 10
11;R2Z;45509;4169666;1.091430345;1,0 - 1,5
24;R2Z;9770;869129;1.124113912;1,0 - 1,5
27;R2Z;8865;879600;1.007844475;1,0 - 1,5
28;R2Z;10902;1137000;0.95883905;0,75 - 1,0
32;R2Z;20967;2320760;0.903454041;0,75 - 1,0
44;R2Z;20681;1852977;1.116095882;1,0 - 1,5
52;R2Z;15092;1312839;1.149569749;1,0 - 1,5
53;R2Z;13279;1082628;1.226552426;1,0 - 1,5
75;R2Z;24211;2059120;1.175793543;1,0 - 1,5
76;R2Z;26886;2377731;1.130741871;1,0 - 1,5
84;R2Z;31006;2669893;1.161319948;1,0 - 1,5
93;R2Z;24448;2013910;1.21395693;1,0 - 1,5
94;R2Z;1261;90704;1.390236373;1,0 - 1,5
11;R3Z;11320;4169666;0.271484575;0,25 - 0,5
24;R3Z;2109;869129;0.242656729;0,1 - 0,25
27;R3Z;2348;879600;0.266939518;0,25 - 0,5
28;R3Z;2721;1137000;0.239313984;0,1 - 0,25
32;R3Z;5308;2320760;0.228718179;0,1 - 0,25
44;R3Z;4913;1852977;0.265140906;0,25 - 0,5
52;R3Z;2949;1312839;0.224627696;0,1 - 0,25
53;R3Z;2803;1082628;0.25890703;0,25 - 0,5
75;R3Z;5863;2059120;0.284733284;0,25 - 0,5
76;R3Z;7272;2377731;0.305837792;0,25 - 0,5
84;R3Z;7425;2669893;0.278101033;0,25 - 0,5
93;R3Z;6439;2013910;0.319726304;0,25 - 0,5
94;R3Z;285;90704;0.314208855;0,25 - 0,5
11;R4Z;190062;4169666;4.55820682;4,5 - 5,0
24;R4Z;18462;869129;2.124195603;2,0 - 2,5
27;R4Z;17479;879600;1.987153251;1,5 - 2,0
28;R4Z;21353;1137000;1.878012313;1,5 - 2,0
32;R4Z;42377;2320760;1.825996656;1,5 - 2,0
44;R4Z;39451;1852977;2.129060425;2,0 - 2,5
52;R4Z;30961;1312839;2.358324212;2,0 - 2,5
53;R4Z;25588;1082628;2.363508056;2,0 - 2,5
75;R4Z;56013;2059120;2.720239714;2,5 - 3,0
76;R4Z;61292;2377731;2.577751646;2,5 - 3,0
84;R4Z;76582;2669893;2.868354649;2,5 - 3,0
93;R4Z;63283;2013910;3.142295336;3,0 - 3,5
94;R4Z;2309;90704;2.545642971;2,5 - 3,0
11;S0Z;25640;4169666;0.614917358;0,5 - 0,75
24;S0Z;6385;869129;0.734643534;0,5 - 0,75
27;S0Z;7602;879600;0.86425648;0,75 - 1,0
28;S0Z;8852;1137000;0.778540018;0,75 - 1,0
32;S0Z;17217;2320760;0.741869043;0,5 - 0,75
44;S0Z;14787;1852977;0.798013143;0,75 - 1,0
52;S0Z;9638;1312839;0.734134193;0,5 - 0,75
53;S0Z;10404;1082628;0.960994912;0,75 - 1,0
75;S0Z;15031;2059120;0.729972027;0,5 - 0,75
76;S0Z;17853;2377731;0.750841874;0,75 - 1,0
84;S0Z;19428;2669893;0.727669611;0,5 - 0,75
93;S0Z;16635;2013910;0.826005134;0,75 - 1,0
94;S0Z;1035;90704;1.141074264;1,0 - 1,5
11;S1Z;168416;4169666;4.039076511;4,0 - 4,5
24;S1Z;27073;869129;3.114957618;3,0 - 3,5
27;S1Z;26235;879600;2.98260573;2,5 - 3,0
28;S1Z;39161;1137000;3.444239226;3,0 - 3,5
32;S1Z;68209;2320760;2.939080301;2,5 - 3,0
44;S1Z;60196;1852977;3.248610209;3,0 - 3,5
52;S1Z;43896;1312839;3.34359354;3,0 - 3,5
53;S1Z;40313;1082628;3.723624366;3,5 - 4,0
75;S1Z;70532;2059120;3.42534675;3,0 - 3,5
76;S1Z;86964;2377731;3.657436438;3,5 - 4,0
84;S1Z;92498;2669893;3.464483408;3,0 - 3,5
93;S1Z;87143;2013910;4.32705533;4,0 - 4,5
94;S1Z;5311;90704;5.855309578;5,0 - 7,5
11;S2Z;111237;4169666;2.667767634;2,5 - 3,0
24;S2Z;18375;869129;2.114185581;2,0 - 2,5
27;S2Z;18177;879600;2.066507503;2,0 - 2,5
28;S2Z;30405;1137000;2.67414248;2,5 - 3,0
32;S2Z;37337;2320760;1.608826419;1,5 - 2,0
44;S2Z;38247;1852977;2.064083904;2,0 - 2,5
52;S2Z;31583;1312839;2.405702451;2,0 - 2,5
53;S2Z;33658;1082628;3.108916451;3,0 - 3,5
75;S2Z;62593;2059120;3.039793698;3,0 - 3,5
76;S2Z;79432;2377731;3.340663851;3,0 - 3,5
84;S2Z;72738;2669893;2.724378842;2,5 - 3,0
93;S2Z;99998;2013910;4.96536588;4,5 - 5,0
94;S2Z;10677;90704;11.771255953;11.771256
11;S3Z;25512;4169666;0.611847568;0,5 - 0,75
24;S3Z;3576;869129;0.411446402;0,25 - 0,5
27;S3Z;3013;879600;0.342542065;0,25 - 0,5
28;S3Z;4055;1137000;0.356640281;0,25 - 0,5
32;S3Z;6070;2320760;0.26155225;0,25 - 0,5
44;S3Z;6019;1852977;0.324828641;0,25 - 0,5
52;S3Z;5038;1312839;0.383748502;0,25 - 0,5
53;S3Z;5135;1082628;0.474308812;0,25 - 0,5
75;S3Z;11352;2059120;0.551303469;0,5 - 0,75
76;S3Z;14107;2377731;0.593296719;0,5 - 0,75
84;S3Z;14203;2669893;0.531968884;0,5 - 0,75
93;S3Z;13950;2013910;0.692682394;0,5 - 0,75
94;S3Z;1025;90704;1.130049391;1,0 - 1,5
11;T0Z;41564;4169666;0.99681845;0,75 - 1,0
24;T0Z;7509;869129;0.86396841;0,75 - 1,0
27;T0Z;7996;879600;0.909049568;0,75 - 1,0
28;T0Z;10275;1137000;0.903693931;0,75 - 1,0
32;T0Z;21365;2320760;0.920603595;0,75 - 1,0
44;T0Z;18814;1852977;1.0153391;1,0 - 1,5
52;T0Z;10641;1312839;0.810533508;0,75 - 1,0
53;T0Z;9117;1082628;0.842117514;0,75 - 1,0
75;T0Z;22769;2059120;1.105763627;1,0 - 1,5
76;T0Z;28698;2377731;1.206948978;1,0 - 1,5
84;T0Z;29114;2669893;1.090455685;1,0 - 1,5
93;T0Z;26723;2013910;1.326921263;1,0 - 1,5
94;T0Z;1092;90704;1.203916035;1,0 - 1,5
11;T1Z;71400;4169666;1.712367369;1,5 - 2,0
24;T1Z;24343;869129;2.800850046;2,5 - 3,0
27;T1Z;22762;879600;2.587767167;2,5 - 3,0
28;T1Z;33458;1137000;2.942656113;2,5 - 3,0
32;T1Z;66523;2320760;2.866431686;2,5 - 3,0
44;T1Z;46295;1852977;2.498412015;2,0 - 2,5
52;T1Z;35023;1312839;2.667730011;2,5 - 3,0
53;T1Z;25217;1082628;2.329239591;2,0 - 2,5
75;T1Z;65863;2059120;3.198599402;3,0 - 3,5
76;T1Z;74217;2377731;3.121337107;3,0 - 3,5
84;T1Z;58315;2669893;2.184169927;2,0 - 2,5
93;T1Z;56330;2013910;2.797046541;2,5 - 3,0
94;T1Z;2492;90704;2.74739813;2,5 - 3,0
11;T2A;68700;4169666;1.647613982;1,5 - 2,0
24;T2A;15334;869129;1.764295059;1,5 - 2,0
27;T2A;14940;879600;1.698499318;1,5 - 2,0
28;T2A;23310;1137000;2.050131926;2,0 - 2,5
32;T2A;49132;2320760;2.117065099;2,0 - 2,5
44;T2A;28994;1852977;1.564725304;1,5 - 2,0
52;T2A;17751;1312839;1.352107913;1,0 - 1,5
53;T2A;17914;1082628;1.654677322;1,5 - 2,0
75;T2A;37845;2059120;1.837921054;1,5 - 2,0
76;T2A;40495;2377731;1.703094252;1,5 - 2,0
84;T2A;39556;2669893;1.481557501;1,0 - 1,5
93;T2A;32043;2013910;1.591084011;1,5 - 2,0
94;T2A;997;90704;1.09917975;1,0 - 1,5
11;T2B;171582;4169666;4.115005854;4,0 - 4,5
24;T2B;44045;869129;5.06771722;5,0 - 7,5
27;T2B;43813;879600;4.981014097;4,5 - 5,0
28;T2B;61845;1137000;5.439313984;5,0 - 7,5
32;T2B;115457;2320760;4.974965098;4,5 - 5,0
44;T2B;82541;1852977;4.45450753;4,0 - 4,5
52;T2B;73473;1312839;5.596497362;5,0 - 7,5
53;T2B;59051;1082628;5.454412781;5,0 - 7,5
75;T2B;94618;2059120;4.595069739;4,5 - 5,0
76;T2B;92877;2377731;3.906118901;3,5 - 4,0
84;T2B;129697;2669893;4.857760217;4,5 - 5,0
93;T2B;62644;2013910;3.110566013;3,0 - 3,5
94;T2B;2123;90704;2.340580349;2,0 - 2,5
11;T3Z;87031;4169666;2.08724152;2,0 - 2,5
24;T3Z;9657;869129;1.11111239;1,0 - 1,5
27;T3Z;10259;879600;1.166325603;1,0 - 1,5
28;T3Z;13332;1137000;1.172559367;1,0 - 1,5
32;T3Z;32321;2320760;1.392690326;1,0 - 1,5
44;T3Z;25575;1852977;1.380211411;1,0 - 1,5
52;T3Z;11680;1312839;0.889674972;0,75 - 1,0
53;T3Z;9230;1082628;0.852555079;0,75 - 1,0
75;T3Z;22178;2059120;1.077062046;1,0 - 1,5
76;T3Z;31552;2377731;1.326979377;1,0 - 1,5
84;T3Z;33159;2669893;1.241959884;1,0 - 1,5
93;T3Z;38782;2013910;1.92570671;1,5 - 2,0
94;T3Z;1469;90704;1.619553713;1,5 - 2,0
11;T4Z;162392;4169666;3.894604508;3,5 - 4,0
24;T4Z;43416;869129;4.995345915;4,5 - 5,0
27;T4Z;45970;879600;5.2262392;5,0 - 7,5
28;T4Z;66382;1137000;5.838346526;5,0 - 7,5
32;T4Z;157674;2320760;6.794067461;5,0 - 7,5
44;T4Z;113524;1852977;6.126573616;5,0 - 7,5
52;T4Z;63545;1312839;4.840273636;4,5 - 5,0
53;T4Z;45840;1082628;4.234141367;4,0 - 4,5
75;T4Z;95729;2059120;4.649024826;4,5 - 5,0
76;T4Z;114494;2377731;4.815262954;4,5 - 5,0
84;T4Z;131860;2669893;4.9387747;4,5 - 5,0
93;T4Z;96620;2013910;4.797632466;4,5 - 5,0
94;T4Z;2397;90704;2.642661845;2,5 - 3,0
11;T6Z;11694;4169666;0.280454118;0,25 - 0,5
24;T6Z;2442;869129;0.280970949;0,25 - 0,5
27;T6Z;2531;879600;0.287744429;0,25 - 0,5
28;T6Z;2985;1137000;0.262532982;0,25 - 0,5
32;T6Z;5691;2320760;0.245221393;0,1 - 0,25
44;T6Z;4841;1852977;0.261255267;0,25 - 0,5
52;T6Z;4385;1312839;0.334008968;0,25 - 0,5
53;T6Z;4017;1082628;0.371041577;0,25 - 0,5
75;T6Z;8332;2059120;0.404638875;0,25 - 0,5
76;T6Z;9368;2377731;0.393989059;0,25 - 0,5
84;T6Z;9499;2669893;0.355782048;0,25 - 0,5
93;T6Z;7258;2013910;0.360393463;0,25 - 0,5
94;T6Z;266;90704;0.293261598;0,25 - 0,5
11;U0Z;121147;4169666;2.905436551;2,5 - 3,0
24;U0Z;8239;869129;0.947960544;0,75 - 1,0
27;U0Z;7106;879600;0.807867212;0,75 - 1,0
28;U0Z;9883;1137000;0.869217238;0,75 - 1,0
32;U0Z;16993;2320760;0.732217032;0,5 - 0,75
44;U0Z;15657;1852977;0.844964616;0,75 - 1,0
52;U0Z;15814;1312839;1.204565069;1,0 - 1,5
53;U0Z;14322;1082628;1.322892074;1,0 - 1,5
75;U0Z;24451;2059120;1.187449007;1,0 - 1,5
76;U0Z;27027;2377731;1.136671894;1,0 - 1,5
84;U0Z;34285;2669893;1.284133859;1,0 - 1,5
93;U0Z;24481;2013910;1.215595533;1,0 - 1,5
94;U0Z;855;90704;0.942626566;0,75 - 1,0
11;U1Z;370154;4169666;8.87730576;7,5 - 10
24;U1Z;22513;869129;2.590294421;2,5 - 3,0
27;U1Z;19087;879600;2.16996362;2,0 - 2,5
28;U1Z;23571;1137000;2.073087071;2,0 - 2,5
32;U1Z;42421;2320760;1.827892587;1,5 - 2,0
44;U1Z;37842;1852977;2.042227184;2,0 - 2,5
52;U1Z;44413;1312839;3.382973845;3,0 - 3,5
53;U1Z;39609;1082628;3.658597413;3,5 - 4,0
75;U1Z;70779;2059120;3.437342166;3,0 - 3,5
76;U1Z;96742;2377731;4.068668828;4,0 - 4,5
84;U1Z;96650;2669893;3.619995258;3,5 - 4,0
93;U1Z;76930;2013910;3.81993237;3,5 - 4,0
94;U1Z;2645;90704;2.916078673;2,5 - 3,0
11;V0Z;55780;4169666;1.337757029;1,0 - 1,5
24;V0Z;13620;869129;1.567086129;1,5 - 2,0
27;V0Z;13837;879600;1.57310141;1,5 - 2,0
28;V0Z;18236;1137000;1.603869833;1,5 - 2,0
32;V0Z;34924;2320760;1.504851859;1,5 - 2,0
44;V0Z;25128;1852977;1.356088068;1,0 - 1,5
52;V0Z;22879;1312839;1.742711787;1,5 - 2,0
53;V0Z;22106;1082628;2.041883269;2,0 - 2,5
75;V0Z;36261;2059120;1.760994988;1,5 - 2,0
76;V0Z;40909;2377731;1.72050581;1,5 - 2,0
84;V0Z;45757;2669893;1.713813999;1,5 - 2,0
93;V0Z;35795;2013910;1.777388265;1,5 - 2,0
94;V0Z;1069;90704;1.178558829;1,0 - 1,5
11;V1Z;13703;4169666;0.328635435;0,25 - 0,5
24;V1Z;2992;869129;0.344252694;0,25 - 0,5
27;V1Z;3595;879600;0.408708504;0,25 - 0,5
28;V1Z;4194;1137000;0.368865435;0,25 - 0,5
32;V1Z;8831;2320760;0.380521898;0,25 - 0,5
44;V1Z;5808;1852977;0.313441559;0,25 - 0,5
52;V1Z;6530;1312839;0.497395339;0,25 - 0,5
53;V1Z;8599;1082628;0.794270978;0,75 - 1,0
75;V1Z;9198;2059120;0.446695676;0,25 - 0,5
76;V1Z;11476;2377731;0.482645009;0,25 - 0,5
84;V1Z;14594;2669893;0.546613666;0,5 - 0,75
93;V1Z;9722;2013910;0.482742526;0,25 - 0,5
94;V1Z;364;90704;0.401305345;0,25 - 0,5
11;V2Z;8131;4169666;0.195003629;0,1 - 0,25
24;V2Z;1137;869129;0.130820626;0,1 - 0,25
27;V2Z;1197;879600;0.136084584;0,1 - 0,25
28;V2Z;1528;1137000;0.134388742;0,1 - 0,25
32;V2Z;2961;2320760;0.127587514;0,1 - 0,25
44;V2Z;2776;1852977;0.149812977;0,1 - 0,25
52;V2Z;2209;1312839;0.168261302;0,1 - 0,25
53;V2Z;1951;1082628;0.180209638;0,1 - 0,25
75;V2Z;3819;2059120;0.185467578;0,1 - 0,25
76;V2Z;4243;2377731;0.178447436;0,1 - 0,25
84;V2Z;4587;2669893;0.171804638;0,1 - 0,25
93;V2Z;3804;2013910;0.188886296;0,1 - 0,25
94;V2Z;176;90704;0.194037749;0,1 - 0,25
11;V3Z;23464;4169666;0.562730924;0,5 - 0,75
24;V3Z;3860;869129;0.444122794;0,25 - 0,5
27;V3Z;4247;879600;0.482833106;0,25 - 0,5
28;V3Z;4555;1137000;0.400615655;0,25 - 0,5
32;V3Z;8144;2320760;0.350919526;0,25 - 0,5
44;V3Z;8166;1852977;0.440696242;0,25 - 0,5
52;V3Z;7169;1312839;0.546068482;0,5 - 0,75
53;V3Z;7580;1082628;0.700148158;0,5 - 0,75
75;V3Z;12719;2059120;0.617691052;0,5 - 0,75
76;V3Z;16569;2377731;0.696840812;0,5 - 0,75
84;V3Z;18037;2669893;0.675570145;0,5 - 0,75
93;V3Z;14334;2013910;0.71174978;0,5 - 0,75
94;V3Z;490;90704;0.540218733;0,5 - 0,75
11;V4Z;37239;4169666;0.893093116;0,75 - 1,0
24;V4Z;9659;869129;1.111342505;1,0 - 1,5
27;V4Z;10044;879600;1.141882674;1,0 - 1,5
28;V4Z;13632;1137000;1.198944591;1,0 - 1,5
32;V4Z;29394;2320760;1.266567848;1,0 - 1,5
44;V4Z;18493;1852977;0.998015626;0,75 - 1,0
52;V4Z;18245;1312839;1.389736289;1,0 - 1,5
53;V4Z;16778;1082628;1.549747466;1,5 - 2,0
75;V4Z;26413;2059120;1.282732429;1,0 - 1,5
76;V4Z;33958;2377731;1.428168283;1,0 - 1,5
84;V4Z;34577;2669893;1.295070626;1,0 - 1,5
93;V4Z;21092;2013910;1.047315918;1,0 - 1,5
94;V4Z;625;90704;0.689054507;0,5 - 0,75
11;V5Z;95758;4169666;2.296538859;2,0 - 2,5
24;V5Z;22924;869129;2.637583144;2,5 - 3,0
27;V5Z;26579;879600;3.021714416;3,0 - 3,5
28;V5Z;36042;1137000;3.169920844;3,0 - 3,5
32;V5Z;67428;2320760;2.905427532;2,5 - 3,0
44;V5Z;48184;1852977;2.600356076;2,5 - 3,0
52;V5Z;41023;1312839;3.124754825;3,0 - 3,5
53;V5Z;36124;1082628;3.336695522;3,0 - 3,5
75;V5Z;65552;2059120;3.183495862;3,0 - 3,5
76;V5Z;82375;2377731;3.464437314;3,0 - 3,5
84;V5Z;80817;2669893;3.026975238;3,0 - 3,5
93;V5Z;60094;2013910;2.983946651;2,5 - 3,0
94;V5Z;2375;90704;2.618407126;2,5 - 3,0
11;W0Z;41293;4169666;0.990319129;0,75 - 1,0
24;W0Z;6060;869129;0.697249775;0,5 - 0,75
27;W0Z;6247;879600;0.710209186;0,5 - 0,75
28;W0Z;7776;1137000;0.683905013;0,5 - 0,75
32;W0Z;14374;2320760;0.61936607;0,5 - 0,75
44;W0Z;12601;1852977;0.680040821;0,5 - 0,75
52;W0Z;11513;1312839;0.876954448;0,75 - 1,0
53;W0Z;11945;1082628;1.10333374;1,0 - 1,5
75;W0Z;17884;2059120;0.868526361;0,75 - 1,0
76;W0Z;21457;2377731;0.902414949;0,75 - 1,0
84;W0Z;25308;2669893;0.947903156;0,75 - 1,0
93;W0Z;16476;2013910;0.818110045;0,75 - 1,0
94;W0Z;614;90704;0.676927148;0,5 - 0,75
11;W1Z;22840;4169666;0.547765696;0,5 - 0,75
24;W1Z;5996;869129;0.689886081;0,5 - 0,75
27;W1Z;5389;879600;0.612664848;0,5 - 0,75
28;W1Z;6271;1137000;0.551539138;0,5 - 0,75
32;W1Z;13316;2320760;0.573777556;0,5 - 0,75
44;W1Z;10115;1852977;0.545878335;0,5 - 0,75
52;W1Z;9038;1312839;0.688431712;0,5 - 0,75
53;W1Z;8567;1082628;0.791315207;0,75 - 1,0
75;W1Z;14442;2059120;0.701367574;0,5 - 0,75
76;W1Z;18054;2377731;0.759295311;0,75 - 1,0
84;W1Z;17326;2669893;0.648939864;0,5 - 0,75
93;W1Z;13412;2013910;0.665968191;0,5 - 0,75
94;W1Z;448;90704;0.493914271;0,25 - 0,5
11;ZZZ;85359;4169666;2.047142385;2,0 - 2,5
24;ZZZ;14021;869129;1.613224274;1,5 - 2,0
27;ZZZ;24570;879600;2.793315143;2,5 - 3,0
28;ZZZ;23852;1137000;2.097801231;2,0 - 2,5
32;ZZZ;50489;2320760;2.175537324;2,0 - 2,5
44;ZZZ;45022;1852977;2.429711756;2,0 - 2,5
52;ZZZ;26563;1312839;2.023325023;2,0 - 2,5
53;ZZZ;23026;1082628;2.126861674;2,0 - 2,5
75;ZZZ;41012;2059120;1.99172462;1,5 - 2,0
76;ZZZ;53021;2377731;2.229899009;2,0 - 2,5
84;ZZZ;54928;2669893;2.057310911;2,0 - 2,5
93;ZZZ;38943;2013910;1.933701109;1,5 - 2,0
94;ZZZ;2126;90704;2.343887811;2,0 - 2,5
