"Fap3","rep_sousempl","annee","effectif","pourcentage","part"
"A0Z",1,"2003-2005",24.5,0.0361261022147513,3.61261022147513
"A1Z",1,"2003-2005",23.09,0.0711665896131916,7.11665896131916
"A2Z",1,"2003-2005",1.03,0.0199689802248934,1.99689802248934
"A3Z",1,"2003-2005",1.48,0.0536426241391809,5.36426241391809
"B0Z",1,"2003-2005",8.7,0.0475435816164818,4.75435816164818
"B1Z",1,"2003-2005",2.08,0.0193614446616401,1.93614446616401
"B2Z",1,"2003-2005",8.68,0.0235096557514694,2.35096557514694
"B3Z",1,"2003-2005",6.53,0.0431307793923382,4.31307793923382
"B4Z",1,"2003-2005",7.05,0.0134104354111582,1.34104354111582
"B5Z",1,"2003-2005",1.27,0.0175827218607227,1.75827218607227
"B6Z",1,"2003-2005",3.25,0.012952335405707,1.2952335405707
"B7Z",1,"2003-2005",1.51,0.0148286359618973,1.48286359618973
"C0Z",1,"2003-2005",0.91,0.0208763477861895,2.08763477861895
"C1Z",1,"2003-2005",0.74,0.0111244738424534,1.11244738424534
"C2Z",1,"2003-2005",0.3,0.00218134225259943,0.218134225259943
"D0Z",1,"2003-2005",0.59,0.0108197322574729,1.08197322574729
"D1Z",1,"2003-2005",0.86,0.00611881892564923,0.611881892564923
"D2Z",1,"2003-2005",0.58,0.00357318876293741,0.357318876293741
"D3Z",1,"2003-2005",5.18,0.0230468054814024,2.30468054814024
"D4Z",1,"2003-2005",1.42,0.00810733656865544,0.810733656865544
"D6Z",1,"2003-2005",1.63,0.00685305865040992,0.685305865040992
"E0Z",1,"2003-2005",5.97,0.0231565881850976,2.31565881850976
"E1Z",1,"2003-2005",5.19,0.0154358623561253,1.54358623561253
"E2Z",1,"2003-2005",0.37,0.00169189263340802,0.169189263340802
"ENS",1,"2003-2005",1274.4,0.0513159166317688,5.13159166317688
"F0Z",1,"2003-2005",1.5,0.0343485230135104,3.43485230135104
"F1Z",1,"2003-2005",3.86,0.039207719654647,3.9207719654647
"F2Z",1,"2003-2005",0.9,0.026650873556411,2.6650873556411
"F3Z",1,"2003-2005",1.36,0.0168275179411037,1.68275179411037
"F4Z",1,"2003-2005",1.43,0.0151724137931034,1.51724137931034
"F5Z",1,"2003-2005",0.28,0.00630488628687233,0.630488628687233
"G0A",1,"2003-2005",2.67,0.0103268226648617,1.03268226648617
"G0B",1,"2003-2005",1.35,0.00623182384711259,0.623182384711259
"G1Z",1,"2003-2005",1.42,0.00369022869022869,0.369022869022869
"H0Z",1,"2003-2005",2.3,0.0107461570807831,1.07461570807831
"J0Z",1,"2003-2005",20.68,0.0517737776331272,5.17737776331272
"J1Z",1,"2003-2005",6.08,0.0132594757273084,1.32594757273084
"J3Z",1,"2003-2005",30.81,0.0419172267421295,4.19172267421295
"J4Z",1,"2003-2005",0.59,0.00629467619758882,0.629467619758882
"J5Z",1,"2003-2005",4.31,0.0249305876908838,2.49305876908838
"J6Z",1,"2003-2005",0.18,0.00285442435775452,0.285442435775452
"K0Z",1,"2003-2005",4.94,0.0387846431655806,3.87846431655806
"L0Z",1,"2003-2005",34.59,0.0664412900251628,6.64412900251628
"L1Z",1,"2003-2005",19.55,0.0501166397498013,5.01166397498013
"L2Z",1,"2003-2005",24.71,0.0569486056695091,5.69486056695091
"L3Z",1,"2003-2005",4.36,0.0274110398591726,2.74110398591726
"L4Z",1,"2003-2005",6.57,0.0218642883290625,2.18642883290625
"L5Z",1,"2003-2005",6.11,0.0117094672288233,1.17094672288233
"L6Z",1,"2003-2005",1.22,0.00824881676808654,0.824881676808654
"M0Z",1,"2003-2005",1.22,0.031721268850754,3.1721268850754
"M1Z",1,"2003-2005",1.24,0.00727272727272727,0.727272727272727
"M2Z",1,"2003-2005",0.61,0.00209040128850965,0.209040128850965
"N0Z",1,"2003-2005",2.67,0.00973990442490789,0.973990442490789
"P0Z",1,"2003-2005",50.92,0.0562018498487892,5.62018498487892
"P1Z",1,"2003-2005",5.21,0.0128746880173969,1.28746880173969
"P2Z",1,"2003-2005",3.14,0.0080940351600763,0.80940351600763
"P3Z",1,"2003-2005",1.15,0.020368402408785,2.0368402408785
"P4Z",1,"2003-2005",0.74,0.00175517658499561,0.175517658499561
"Q0Z",1,"2003-2005",5.07,0.0171451760170437,1.71451760170437
"Q1Z",1,"2003-2005",2.24,0.0123715895283332,1.23715895283332
"Q2Z",1,"2003-2005",0.15,0.000717566016073479,0.0717566016073479
"R0Z",1,"2003-2005",64.12,0.200864607480734,20.0864607480734
"R1Z",1,"2003-2005",81.84,0.105119839699951,10.5119839699951
"R2Z",1,"2003-2005",15.08,0.030404451792411,3.0404451792411
"R3Z",1,"2003-2005",13.14,0.0242337058758438,2.42337058758438
"R4Z",1,"2003-2005",2.88,0.00638425217796103,0.638425217796103
"S0Z",1,"2003-2005",3.27,0.012941781770689,1.2941781770689
"S1Z",1,"2003-2005",28.26,0.0915837573322099,9.15837573322099
"S2Z",1,"2003-2005",47.79,0.145227459203209,14.5227459203209
"S3Z",1,"2003-2005",2.14,0.0103371654912569,1.03371654912569
"T0Z",1,"2003-2005",10.12,0.0505116046917894,5.05116046917894
"T1Z",1,"2003-2005",68.3,0.262530750307503,26.2530750307503
"T2A",1,"2003-2005",110.35,0.283413807273474,28.3413807273474
"T2B",1,"2003-2005",43.09,0.104341719737511,10.4341719737511
"T2Z",1,"2003-2005",153.44,0.19124300474867,19.1243004748669
"T3Z",1,"2003-2005",9.96,0.0507050857811943,5.07050857811943
"T4Z",1,"2003-2005",194.34,0.160765692730221,16.0765692730221
"T6Z",1,"2003-2005",5.26,0.051889119068758,5.1889119068758
"U0Z",1,"2003-2005",7.12,0.0471117580890624,4.71117580890624
"U1Z",1,"2003-2005",47.7,0.158208955223881,15.8208955223881
"V0Z",1,"2003-2005",20.82,0.0444027383821365,4.44027383821365
"V1Z",1,"2003-2005",6.29,0.0136605494624824,1.36605494624824
"V2Z",1,"2003-2005",7.88,0.0242655662991932,2.42655662991932
"V3Z",1,"2003-2005",13.13,0.0409314795186732,4.09314795186732
"V4Z",1,"2003-2005",10.63,0.0394170869178285,3.94170869178285
"V5Z",1,"2003-2005",49.68,0.166131621187801,16.6131621187801
"W0Z",1,"2003-2005",25.21,0.0230457715899846,2.30457715899845
"W1Z",1,"2003-2005",16.74,0.144372574385511,14.4372574385511
"X0Z",1,"2003-2005",0.23,0.0153435623749166,1.53435623749166
"ZZZ",1,"2003-2005",0,0,0
"A0Z",1,"2004-2006",23.6,0.036028884173244,3.6028884173244
"A1Z",1,"2004-2006",22.48,0.0713922764227642,7.13922764227642
"A2Z",1,"2004-2006",1.27,0.0225497159090909,2.25497159090909
"A3Z",1,"2004-2006",2.05,0.0740874593422479,7.40874593422479
"B0Z",1,"2004-2006",9.35,0.0467616904226057,4.67616904226057
"B1Z",1,"2004-2006",1.79,0.0169813110710559,1.69813110710559
"B2Z",1,"2004-2006",8.47,0.0230438567852868,2.30438567852868
"B3Z",1,"2004-2006",7.17,0.0439742410303588,4.39742410303588
"B4Z",1,"2004-2006",6.74,0.012353598856284,1.2353598856284
"B5Z",1,"2004-2006",1.07,0.0150513433675622,1.50513433675622
"B6Z",1,"2004-2006",3.81,0.0152962903484824,1.52962903484824
"B7Z",1,"2004-2006",1.26,0.0128322639780018,1.28322639780018
"C0Z",1,"2004-2006",0.91,0.0200396388460692,2.00396388460691
"C1Z",1,"2004-2006",0.44,0.00660165041260315,0.660165041260315
"C2Z",1,"2004-2006",0.35,0.00270709258256632,0.270709258256632
"D0Z",1,"2004-2006",0.44,0.00793507664562669,0.793507664562669
"D1Z",1,"2004-2006",0.55,0.00392100948171384,0.392100948171384
"D2Z",1,"2004-2006",0.88,0.00569763677565555,0.569763677565555
"D3Z",1,"2004-2006",5.18,0.0241886528134485,2.41886528134485
"D4Z",1,"2004-2006",1.34,0.00767117013968399,0.767117013968399
"D6Z",1,"2004-2006",1.87,0.00763483444249377,0.763483444249377
"E0Z",1,"2004-2006",5.82,0.0231927950904599,2.31927950904599
"E1Z",1,"2004-2006",4.13,0.0127108211252,1.27108211252
"E2Z",1,"2004-2006",0.66,0.00305980528511822,0.305980528511822
"ENS",1,"2004-2006",1310.7,0.0524664054087592,5.24664054087592
"F0Z",1,"2004-2006",1.07,0.027734577501296,2.7734577501296
"F1Z",1,"2004-2006",3.03,0.0337905654064905,3.37905654064905
"F2Z",1,"2004-2006",0.85,0.0230852797392721,2.30852797392721
"F3Z",1,"2004-2006",2.07,0.0262423935091278,2.62423935091278
"F4Z",1,"2004-2006",1.72,0.0191472781921407,1.91472781921407
"F5Z",1,"2004-2006",0.52,0.012770137524558,1.2770137524558
"G0A",1,"2004-2006",2.37,0.00921211178917091,0.921211178917091
"G0B",1,"2004-2006",0.93,0.00420738327904452,0.420738327904452
"G1Z",1,"2004-2006",1.1,0.00285654928845954,0.285654928845954
"H0Z",1,"2004-2006",1.96,0.00876369327073552,0.876369327073552
"J0Z",1,"2004-2006",20.95,0.0534057306005914,5.34057306005914
"J1Z",1,"2004-2006",6.02,0.0133221209170576,1.33221209170576
"J3Z",1,"2004-2006",31.43,0.0422315681980033,4.22315681980033
"J4Z",1,"2004-2006",0.5,0.00505919255286856,0.505919255286856
"J5Z",1,"2004-2006",4.76,0.0289168337282061,2.89168337282061
"J6Z",1,"2004-2006",0.18,0.00286396181384248,0.286396181384248
"K0Z",1,"2004-2006",5.39,0.0438675022381379,4.38675022381379
"L0Z",1,"2004-2006",32.18,0.0650298070122259,6.50298070122259
"L1Z",1,"2004-2006",19.98,0.0537645982455196,5.37645982455196
"L2Z",1,"2004-2006",24.39,0.0575588804455562,5.75588804455562
"L3Z",1,"2004-2006",4.24,0.0259295499021526,2.59295499021526
"L4Z",1,"2004-2006",8.62,0.0278459749321618,2.78459749321618
"L5Z",1,"2004-2006",6.87,0.0131242119741719,1.31242119741719
"L6Z",1,"2004-2006",0.85,0.00560796991489081,0.560796991489081
"M0Z",1,"2004-2006",1.13,0.0305901461829995,3.05901461829994
"M1Z",1,"2004-2006",1.25,0.00775145727396751,0.775145727396751
"M2Z",1,"2004-2006",0.96,0.00300572967218761,0.300572967218761
"N0Z",1,"2004-2006",2.39,0.0083283966965188,0.83283966965188
"P0Z",1,"2004-2006",49.36,0.054862732021785,5.4862732021785
"P1Z",1,"2004-2006",4.62,0.0114237673705554,1.14237673705554
"P2Z",1,"2004-2006",2.73,0.00691244239631336,0.691244239631336
"P3Z",1,"2004-2006",1.31,0.0205522434891748,2.05522434891748
"P4Z",1,"2004-2006",0.72,0.00169803311164568,0.169803311164568
"Q0Z",1,"2004-2006",4.27,0.0142723444080487,1.42723444080487
"Q1Z",1,"2004-2006",2.41,0.0129765237992677,1.29765237992677
"Q2Z",1,"2004-2006",0.29,0.0012731024188946,0.12731024188946
"R0Z",1,"2004-2006",66.42,0.204381808111268,20.4381808111268
"R1Z",1,"2004-2006",84.58,0.107223447681347,10.7223447681347
"R2Z",1,"2004-2006",14.59,0.0296937010277806,2.96937010277806
"R3Z",1,"2004-2006",12.04,0.0220339293230606,2.20339293230606
"R4Z",1,"2004-2006",3.62,0.007710987091552,0.7710987091552
"S0Z",1,"2004-2006",3.71,0.0146611341632089,1.46611341632089
"S1Z",1,"2004-2006",30.62,0.0964318332126098,9.64318332126098
"S2Z",1,"2004-2006",53.18,0.155093470209105,15.5093470209105
"S3Z",1,"2004-2006",1.82,0.00857479387514723,0.857479387514723
"T0Z",1,"2004-2006",12.12,0.0592607079992177,5.92607079992177
"T1Z",1,"2004-2006",65.72,0.258252121974222,25.8252121974222
"T2A",1,"2004-2006",123.8,0.294951516451052,29.4951516451052
"T2B",1,"2004-2006",47.57,0.113329362715902,11.3329362715902
"T2Z",1,"2004-2006",171.37,0.204138276075666,20.4138276075666
"T3Z",1,"2004-2006",9.44,0.0479212142748363,4.79212142748363
"T4Z",1,"2004-2006",191.13,0.155867985614444,15.5867985614444
"T6Z",1,"2004-2006",5.53,0.0536632702571567,5.36632702571567
"U0Z",1,"2004-2006",7.91,0.0506207602713426,5.06207602713426
"U1Z",1,"2004-2006",47.05,0.14644546812749,14.644546812749
"V0Z",1,"2004-2006",24.37,0.0509331828536794,5.09331828536794
"V1Z",1,"2004-2006",7.07,0.0152124798278644,1.52124798278644
"V2Z",1,"2004-2006",7.82,0.0245718774548311,2.45718774548311
"V3Z",1,"2004-2006",14.14,0.0420470427309762,4.20470427309762
"V4Z",1,"2004-2006",11.84,0.0411453989435641,4.11453989435641
"V5Z",1,"2004-2006",56.65,0.190228341168569,19.0228341168569
"W0Z",1,"2004-2006",25.19,0.0232854805461319,2.32854805461319
"W1Z",1,"2004-2006",17.55,0.149158592554819,14.9158592554819
"X0Z",1,"2004-2006",0.19,0.0104052573932092,1.04052573932092
"ZZZ",1,"2004-2006",0,0,0
"A0Z",1,"2005-2007",24.67,0.0396585538372504,3.96585538372504
"A1Z",1,"2005-2007",22.81,0.0725093775828088,7.25093775828088
"A2Z",1,"2005-2007",1.1,0.0192948605507806,1.92948605507806
"A3Z",1,"2005-2007",1.69,0.0623846437799926,6.23846437799926
"B0Z",1,"2005-2007",8.46,0.0400814895532288,4.00814895532288
"B1Z",1,"2005-2007",1.77,0.0168764302059497,1.68764302059497
"B2Z",1,"2005-2007",7.76,0.0211271440239586,2.11271440239586
"B3Z",1,"2005-2007",6.83,0.0423881338050022,4.23881338050022
"B4Z",1,"2005-2007",6.65,0.0118129818453121,1.18129818453121
"B5Z",1,"2005-2007",1.4,0.0193156732891832,1.93156732891832
"B6Z",1,"2005-2007",3.47,0.013878334599848,1.3878334599848
"B7Z",1,"2005-2007",0.67,0.0065359477124183,0.65359477124183
"C0Z",1,"2005-2007",1.32,0.0273688575575368,2.73688575575368
"C1Z",1,"2005-2007",0.4,0.00560302563384227,0.560302563384227
"C2Z",1,"2005-2007",0.26,0.00213254593175853,0.213254593175853
"D0Z",1,"2005-2007",0.5,0.00860585197934595,0.860585197934595
"D1Z",1,"2005-2007",0.41,0.00293066476054325,0.293066476054325
"D2Z",1,"2005-2007",0.99,0.00633397312859885,0.633397312859885
"D3Z",1,"2005-2007",5.51,0.0268243999805268,2.68243999805268
"D4Z",1,"2005-2007",1.73,0.0101039598177783,1.01039598177783
"D6Z",1,"2005-2007",1.93,0.00755381604696673,0.755381604696673
"E0Z",1,"2005-2007",5.47,0.0223886705959398,2.23886705959398
"E1Z",1,"2005-2007",3.69,0.0115391831884421,1.15391831884421
"E2Z",1,"2005-2007",0.86,0.00411916850273015,0.411916850273015
"ENS",1,"2005-2007",1350.6,0.0535069092292089,5.35069092292089
"F0Z",1,"2005-2007",0.74,0.0206935123042506,2.06935123042506
"F1Z",1,"2005-2007",3.33,0.0420507639853517,4.20507639853517
"F2Z",1,"2005-2007",0.36,0.010115200899129,1.0115200899129
"F3Z",1,"2005-2007",1.97,0.0269088922278377,2.69088922278377
"F4Z",1,"2005-2007",1.63,0.018778801843318,1.8778801843318
"F5Z",1,"2005-2007",0.6,0.0143061516452074,1.43061516452074
"G0A",1,"2005-2007",3.2,0.0123700181684642,1.23700181684642
"G0B",1,"2005-2007",0.88,0.00392034570321201,0.392034570321201
"G1Z",1,"2005-2007",2.03,0.00529210876195938,0.529210876195938
"H0Z",1,"2005-2007",1.57,0.00711792174819785,0.711792174819785
"J0Z",1,"2005-2007",20.93,0.0548020527859238,5.48020527859238
"J1Z",1,"2005-2007",6.75,0.0150716741838968,1.50716741838968
"J3Z",1,"2005-2007",30.42,0.0398966516715412,3.98966516715412
"J4Z",1,"2005-2007",0.42,0.00450498766491473,0.450498766491473
"J5Z",1,"2005-2007",6.07,0.0357479387514723,3.57479387514723
"J6Z",1,"2005-2007",0.17,0.00254262638348789,0.254262638348789
"K0Z",1,"2005-2007",5.24,0.0462244177840508,4.62244177840508
"L0Z",1,"2005-2007",35.06,0.0715130746950598,7.15130746950598
"L1Z",1,"2005-2007",18.52,0.0511955770559779,5.11955770559779
"L2Z",1,"2005-2007",26.35,0.0625,6.25
"L3Z",1,"2005-2007",4.5,0.0271657108361002,2.71657108361002
"L4Z",1,"2005-2007",8.42,0.0264123717807961,2.64123717807961
"L5Z",1,"2005-2007",6.81,0.012856091068698,1.2856091068698
"L6Z",1,"2005-2007",0.75,0.00483372003093581,0.483372003093581
"M0Z",1,"2005-2007",0.82,0.0245435498353786,2.45435498353786
"M1Z",1,"2005-2007",1.59,0.010709234188725,1.0709234188725
"M2Z",1,"2005-2007",1.16,0.00350368490999154,0.350368490999154
"N0Z",1,"2005-2007",1.31,0.00431332521155049,0.431332521155049
"P0Z",1,"2005-2007",47.66,0.0521586867305062,5.21586867305061
"P1Z",1,"2005-2007",5.34,0.012965885637975,1.2965885637975
"P2Z",1,"2005-2007",2.45,0.00595643294758339,0.595643294758339
"P3Z",1,"2005-2007",1.12,0.0170057698147586,1.70057698147586
"P4Z",1,"2005-2007",1.08,0.00247213129764003,0.247213129764003
"Q0Z",1,"2005-2007",3.09,0.0101361325241922,1.01361325241922
"Q1Z",1,"2005-2007",3.13,0.0164546314793397,1.64546314793397
"Q2Z",1,"2005-2007",0.9,0.00361184685769323,0.361184685769323
"R0Z",1,"2005-2007",69.67,0.212888834565789,21.2888834565789
"R1Z",1,"2005-2007",86.98,0.106406664790869,10.6406664790869
"R2Z",1,"2005-2007",14.1,0.0290320588053617,2.90320588053617
"R3Z",1,"2005-2007",11.87,0.0209850788487377,2.09850788487377
"R4Z",1,"2005-2007",3.47,0.00709785632466045,0.709785632466045
"S0Z",1,"2005-2007",4.35,0.0163300548089196,1.63300548089196
"S1Z",1,"2005-2007",33.88,0.103295832190006,10.3295832190006
"S2Z",1,"2005-2007",56.84,0.162753407398923,16.2753407398923
"S3Z",1,"2005-2007",1.69,0.00799507995079951,0.799507995079951
"T0Z",1,"2005-2007",15.19,0.072474831814495,7.2474831814495
"T1Z",1,"2005-2007",62.64,0.256921373200443,25.6921373200443
"T2A",1,"2005-2007",130.51,0.293544759334233,29.3544759334233
"T2B",1,"2005-2007",51.43,0.12407121489916,12.407121489916
"T2Z",1,"2005-2007",181.94,0.211774839370519,21.1774839370519
"T3Z",1,"2005-2007",9.89,0.049713481451694,4.9713481451694
"T4Z",1,"2005-2007",197.38,0.157365181618139,15.7365181618139
"T6Z",1,"2005-2007",6.52,0.0578424414478353,5.78424414478353
"U0Z",1,"2005-2007",7.08,0.0448101265822785,4.48101265822785
"U1Z",1,"2005-2007",44.25,0.133058696175126,13.3058696175126
"V0Z",1,"2005-2007",26.12,0.0543193445077569,5.43193445077569
"V1Z",1,"2005-2007",9.01,0.0190100430416069,1.90100430416069
"V2Z",1,"2005-2007",7.58,0.0231259724807029,2.31259724807029
"V3Z",1,"2005-2007",15.74,0.0447782424397599,4.47782424397599
"V4Z",1,"2005-2007",13.01,0.0438978304146843,4.38978304146843
"V5Z",1,"2005-2007",61.79,0.207453416149068,20.7453416149068
"W0Z",1,"2005-2007",24.74,0.0232139170904723,2.32139170904723
"W1Z",1,"2005-2007",18.11,0.147619823932181,14.7619823932181
"X0Z",1,"2005-2007",0.03,0.00130718954248366,0.130718954248366
"ZZZ",1,"2005-2007",0,0,0
"A0Z",1,"2006-2008",25.66,0.0445935143025964,4.45935143025964
"A1Z",1,"2006-2008",22.44,0.071835584864588,7.1835584864588
"A2Z",1,"2006-2008",1.27,0.0219078833879593,2.19078833879593
"A3Z",1,"2006-2008",2.2,0.0804387568555759,8.04387568555759
"B0Z",1,"2006-2008",6.56,0.0298249602182314,2.98249602182314
"B1Z",1,"2006-2008",1.22,0.0112994350282486,1.12994350282486
"B2Z",1,"2006-2008",6.85,0.0176774193548387,1.76774193548387
"B3Z",1,"2006-2008",6.1,0.0397912589693412,3.97912589693412
"B4Z",1,"2006-2008",6.13,0.0106603133749543,1.06603133749543
"B5Z",1,"2006-2008",1.28,0.0164799794000258,1.64799794000258
"B6Z",1,"2006-2008",3.95,0.0151404806623481,1.51404806623481
"B7Z",1,"2006-2008",0.33,0.00306292927417858,0.306292927417858
"C0Z",1,"2006-2008",0.91,0.0196927072062324,1.96927072062324
"C1Z",1,"2006-2008",0.53,0.00683782737711263,0.683782737711263
"C2Z",1,"2006-2008",0.33,0.00255932992089344,0.255932992089344
"D0Z",1,"2006-2008",0.54,0.00940602682459502,0.940602682459502
"D1Z",1,"2006-2008",0.84,0.00599614533514169,0.599614533514169
"D2Z",1,"2006-2008",1.29,0.0077120822622108,0.77120822622108
"D3Z",1,"2006-2008",4.73,0.0242925376200503,2.42925376200503
"D4Z",1,"2006-2008",2.4,0.0145498635950288,1.45498635950288
"D6Z",1,"2006-2008",1.21,0.00462396820544176,0.462396820544176
"E0Z",1,"2006-2008",5.7,0.0233539558323432,2.33539558323432
"E1Z",1,"2006-2008",3.09,0.00985205968626451,0.985205968626451
"E2Z",1,"2006-2008",1.08,0.00529256101146722,0.529256101146722
"ENS",1,"2006-2008",1403.2,0.054908590032557,5.4908590032557
"F0Z",1,"2006-2008",0.8,0.023788284269997,2.3788284269997
"F1Z",1,"2006-2008",2.7,0.0358565737051793,3.58565737051793
"F2Z",1,"2006-2008",0.22,0.00680061823802164,0.680061823802164
"F3Z",1,"2006-2008",1.26,0.0178091872791519,1.78091872791519
"F4Z",1,"2006-2008",1.59,0.0181486131720123,1.81486131720123
"F5Z",1,"2006-2008",0.56,0.0130994152046784,1.30994152046784
"G0A",1,"2006-2008",3.86,0.0149629801914951,1.49629801914951
"G0B",1,"2006-2008",1.28,0.00583515681983953,0.583515681983953
"G1Z",1,"2006-2008",2.67,0.00682899381042508,0.682899381042508
"H0Z",1,"2006-2008",1.16,0.00517325959951835,0.517325959951835
"J0Z",1,"2006-2008",19.77,0.0542937961716969,5.42937961716969
"J1Z",1,"2006-2008",8.29,0.0181989813839129,1.81989813839129
"J3Z",1,"2006-2008",30.35,0.0391007472300953,3.91007472300953
"J4Z",1,"2006-2008",0.53,0.00562393887945671,0.562393887945671
"J5Z",1,"2006-2008",5.44,0.0306185625035178,3.06185625035178
"J6Z",1,"2006-2008",0.14,0.00192228477275848,0.192228477275848
"K0Z",1,"2006-2008",5.13,0.0453901964254114,4.53901964254114
"L0Z",1,"2006-2008",37.38,0.0771103226338807,7.71103226338807
"L1Z",1,"2006-2008",15.83,0.0440627957468129,4.40627957468129
"L2Z",1,"2006-2008",27.95,0.0662071252605647,6.62071252605647
"L3Z",1,"2006-2008",5.55,0.0339055531797911,3.39055531797911
"L4Z",1,"2006-2008",10.48,0.0313032049941755,3.13032049941755
"L5Z",1,"2006-2008",6.48,0.0118613973751167,1.18613973751167
"L6Z",1,"2006-2008",0.88,0.00525467247865289,0.525467247865289
"M0Z",1,"2006-2008",0.84,0.0264234035860333,2.64234035860333
"M1Z",1,"2006-2008",1.71,0.0112315270935961,1.12315270935961
"M2Z",1,"2006-2008",1.13,0.0035165245534325,0.35165245534325
"N0Z",1,"2006-2008",1.4,0.0042074893310092,0.42074893310092
"P0Z",1,"2006-2008",50.13,0.0539664768384451,5.39664768384451
"P1Z",1,"2006-2008",5.97,0.0142983737695495,1.42983737695495
"P2Z",1,"2006-2008",2.23,0.00544845952747441,0.544845952747441
"P3Z",1,"2006-2008",0.91,0.0126143609647907,1.26143609647907
"P4Z",1,"2006-2008",1.19,0.00274307316398506,0.274307316398506
"Q0Z",1,"2006-2008",3.02,0.00990488684814693,0.990488684814693
"Q1Z",1,"2006-2008",2.7,0.0136157337367625,1.36157337367625
"Q2Z",1,"2006-2008",1.21,0.00471734892787524,0.471734892787524
"R0Z",1,"2006-2008",67.29,0.207154511590678,20.7154511590678
"R1Z",1,"2006-2008",91.14,0.109296301626133,10.9296301626133
"R2Z",1,"2006-2008",13.59,0.0267820191947658,2.67820191947658
"R3Z",1,"2006-2008",11.58,0.0206863288018721,2.06863288018721
"R4Z",1,"2006-2008",3.1,0.00604158952271443,0.604158952271443
"S0Z",1,"2006-2008",4.33,0.0166468032755373,1.66468032755373
"S1Z",1,"2006-2008",35.72,0.109268889568675,10.9268889568675
"S2Z",1,"2006-2008",63.54,0.179496595949038,17.9496595949038
"S3Z",1,"2006-2008",1.69,0.00807878005640805,0.807878005640805
"T0Z",1,"2006-2008",16.64,0.0793363211595308,7.93363211595308
"T1Z",1,"2006-2008",64.87,0.266658445348789,26.6658445348789
"T2A",1,"2006-2008",137.17,0.288226765564918,28.8226765564918
"T2B",1,"2006-2008",54.73,0.131904945531669,13.1904945531669
"T2Z",1,"2006-2008",191.89,0.21540827552143,21.540827552143
"T3Z",1,"2006-2008",12.06,0.0582074424441334,5.82074424441334
"T4Z",1,"2006-2008",214.11,0.168377096751362,16.8377096751362
"T6Z",1,"2006-2008",7.62,0.0604857913954596,6.04857913954596
"U0Z",1,"2006-2008",7.79,0.0495610128515078,4.95610128515078
"U1Z",1,"2006-2008",42.92,0.125574182977852,12.5574182977852
"V0Z",1,"2006-2008",24.13,0.0482522796352584,4.82522796352584
"V1Z",1,"2006-2008",9.32,0.0190858453473132,1.90858453473132
"V2Z",1,"2006-2008",8.61,0.0248155406963339,2.48155406963339
"V3Z",1,"2006-2008",17.74,0.050088940339385,5.0088940339385
"V4Z",1,"2006-2008",12.75,0.0429698031814505,4.29698031814505
"V5Z",1,"2006-2008",67.53,0.220232853928187,22.0232853928187
"W0Z",1,"2006-2008",25.45,0.0240605057905932,2.40605057905932
"W1Z",1,"2006-2008",18.35,0.136817775126752,13.6817775126752
"X0Z",1,"2006-2008",0.03,0.00118203309692671,0.118203309692671
"ZZZ",1,"2006-2008",0,0,0
"A0Z",1,"2007-2009",24.02,0.0446551403606618,4.46551403606618
"A1Z",1,"2007-2009",23.26,0.0730940858525548,7.30940858525549
"A2Z",1,"2007-2009",1.52,0.0257321821567632,2.57321821567632
"A3Z",1,"2007-2009",2.02,0.0710267229254571,7.10267229254571
"B0Z",1,"2007-2009",6.54,0.029812645302457,2.9812645302457
"B1Z",1,"2007-2009",1.95,0.017379679144385,1.7379679144385
"B2Z",1,"2007-2009",9.58,0.0243406677168555,2.43406677168555
"B3Z",1,"2007-2009",4.92,0.0351052443810203,3.51052443810203
"B4Z",1,"2007-2009",7.15,0.0128433115984983,1.28433115984983
"B5Z",1,"2007-2009",1.69,0.0205271468480505,2.05271468480505
"B6Z",1,"2007-2009",5,0.0184788232685343,1.84788232685343
"B7Z",1,"2007-2009",0.48,0.00390434358223524,0.390434358223524
"C0Z",1,"2007-2009",1.4,0.0325581395348837,3.25581395348837
"C1Z",1,"2007-2009",1.73,0.0230451578526708,2.30451578526708
"C2Z",1,"2007-2009",1.23,0.00894480401425351,0.894480401425351
"D0Z",1,"2007-2009",1.7,0.0325545767905017,3.25545767905017
"D1Z",1,"2007-2009",3.69,0.0278238576383653,2.78238576383653
"D2Z",1,"2007-2009",3.05,0.0178948603614175,1.78948603614175
"D3Z",1,"2007-2009",5.98,0.0328950987403048,3.28950987403048
"D4Z",1,"2007-2009",6.47,0.0403693766768578,4.03693766768578
"D6Z",1,"2007-2009",2.99,0.0118013893274392,1.18013893274392
"E0Z",1,"2007-2009",7.04,0.0293639207507821,2.93639207507821
"E1Z",1,"2007-2009",5.24,0.0167578112507595,1.67578112507595
"E2Z",1,"2007-2009",2.12,0.0101962293189688,1.01962293189688
"ENS",1,"2007-2009",1510.3,0.058697333493974,5.8697333493974
"F0Z",1,"2007-2009",1.8,0.0562675836198812,5.62675836198812
"F1Z",1,"2007-2009",3.57,0.047848813831926,4.7848813831926
"F2Z",1,"2007-2009",0.56,0.0175054704595186,1.75054704595186
"F3Z",1,"2007-2009",1.27,0.0154859163516644,1.54859163516644
"F4Z",1,"2007-2009",1.47,0.0178484701311316,1.78484701311316
"F5Z",1,"2007-2009",0.29,0.00680911011974642,0.680911011974642
"G0A",1,"2007-2009",5.69,0.0230392355346803,2.30392355346803
"G0B",1,"2007-2009",1.36,0.0065824500266202,0.65824500266202
"G1Z",1,"2007-2009",4.42,0.0110370314880016,1.10370314880016
"H0Z",1,"2007-2009",1.12,0.00494612259318142,0.494612259318142
"J0Z",1,"2007-2009",22.15,0.0631144037612195,6.31144037612195
"J1Z",1,"2007-2009",10.6,0.0230600213196424,2.30600213196423
"J3Z",1,"2007-2009",35.01,0.0451648691882966,4.51648691882966
"J4Z",1,"2007-2009",1.26,0.0136986301369863,1.36986301369863
"J5Z",1,"2007-2009",5.22,0.0277718663545435,2.77718663545435
"J6Z",1,"2007-2009",0.41,0.00514945993468978,0.514945993468978
"K0Z",1,"2007-2009",6.98,0.058655462184874,5.8655462184874
"L0Z",1,"2007-2009",42.77,0.08848660391021,8.848660391021
"L1Z",1,"2007-2009",16.33,0.0440958064429023,4.40958064429023
"L2Z",1,"2007-2009",32.26,0.0760096131190802,7.60096131190801
"L3Z",1,"2007-2009",6.7,0.0408561497652296,4.08561497652296
"L4Z",1,"2007-2009",9.39,0.0273179530445408,2.73179530445408
"L5Z",1,"2007-2009",7.99,0.0140802875973637,1.40802875973637
"L6Z",1,"2007-2009",1.02,0.00594197832925551,0.594197832925551
"M0Z",1,"2007-2009",0.91,0.027803238619004,2.7803238619004
"M1Z",1,"2007-2009",2.01,0.0121825565185769,1.21825565185769
"M2Z",1,"2007-2009",1.48,0.00470139771283355,0.470139771283354
"N0Z",1,"2007-2009",2.65,0.00753054845126456,0.753054845126456
"P0Z",1,"2007-2009",51.05,0.0551426904880209,5.51426904880209
"P1Z",1,"2007-2009",6.84,0.0163292589763178,1.63292589763178
"P2Z",1,"2007-2009",2.59,0.0062089466366208,0.62089466366208
"P3Z",1,"2007-2009",0.89,0.0120465619924201,1.20465619924201
"P4Z",1,"2007-2009",1.52,0.00359363548242192,0.359363548242192
"Q0Z",1,"2007-2009",3.34,0.0112959956709957,1.12959956709957
"Q1Z",1,"2007-2009",1.91,0.00923865725065299,0.923865725065299
"Q2Z",1,"2007-2009",1.06,0.00403886454562774,0.403886454562774
"R0Z",1,"2007-2009",62.44,0.200829822135023,20.0829822135023
"R1Z",1,"2007-2009",99.98,0.1169685057794,11.69685057794
"R2Z",1,"2007-2009",15.11,0.0288182789136405,2.88182789136405
"R3Z",1,"2007-2009",12.47,0.0218561037595303,2.18561037595303
"R4Z",1,"2007-2009",2.99,0.00577588038711921,0.577588038711921
"S0Z",1,"2007-2009",4.07,0.0155735823065738,1.55735823065738
"S1Z",1,"2007-2009",34.53,0.105088562907055,10.5088562907055
"S2Z",1,"2007-2009",64.75,0.184688667674492,18.4688667674492
"S3Z",1,"2007-2009",1.99,0.00969407638347623,0.969407638347623
"T0Z",1,"2007-2009",18.48,0.0861699151356897,8.61699151356897
"T1Z",1,"2007-2009",69.86,0.282948562170919,28.2948562170919
"T2A",1,"2007-2009",145.53,0.285649792922056,28.5649792922056
"T2B",1,"2007-2009",55.25,0.131679298345965,13.1679298345965
"T2Z",1,"2007-2009",200.78,0.21611556014811,21.611556014811
"T3Z",1,"2007-2009",13.13,0.0626520971513098,6.26520971513098
"T4Z",1,"2007-2009",225,0.176304654442877,17.6304654442877
"T6Z",1,"2007-2009",8.76,0.0663988478738725,6.63988478738725
"U0Z",1,"2007-2009",8.77,0.0587525959670396,5.87525959670396
"U1Z",1,"2007-2009",46.61,0.133144799611506,13.3144799611506
"V0Z",1,"2007-2009",24.51,0.0481144853850533,4.81144853850533
"V1Z",1,"2007-2009",9.93,0.0195537876848552,1.95537876848552
"V2Z",1,"2007-2009",8.66,0.024041531328947,2.4041531328947
"V3Z",1,"2007-2009",19.97,0.0560231161981709,5.60231161981709
"V4Z",1,"2007-2009",16.27,0.0550294256916729,5.50294256916729
"V5Z",1,"2007-2009",67.91,0.211445651835477,21.1445651835477
"W0Z",1,"2007-2009",26.86,0.0254800030355923,2.54800030355923
"W1Z",1,"2007-2009",19.68,0.139941690962099,13.9941690962099
"X0Z",1,"2007-2009",0.13,0.00530179445350734,0.530179445350734
"ZZZ",1,"2007-2009",0,0,0
"A0Z",1,"2008-2010",23.23,0.0442391925347553,4.42391925347553
"A1Z",1,"2008-2010",25.82,0.0823657011611586,8.23657011611586
"A2Z",1,"2008-2010",1.25,0.0203053931124107,2.03053931124107
"A3Z",1,"2008-2010",2.61,0.0810810810810811,8.10810810810811
"B0Z",1,"2008-2010",9.43,0.0425196140319235,4.25196140319235
"B1Z",1,"2008-2010",2.89,0.0253153468815697,2.53153468815697
"B2Z",1,"2008-2010",14.12,0.0353486043309551,3.53486043309551
"B3Z",1,"2008-2010",6.13,0.0444653996808356,4.44653996808356
"B4Z",1,"2008-2010",10.54,0.0197326543602801,1.97326543602801
"B5Z",1,"2008-2010",2.12,0.0269445856634469,2.69445856634469
"B6Z",1,"2008-2010",6.42,0.0225619399051133,2.25619399051133
"B7Z",1,"2008-2010",0.99,0.00723261250730567,0.723261250730567
"C0Z",1,"2008-2010",0.94,0.0241087458322647,2.41087458322647
"C1Z",1,"2008-2010",2.15,0.0308022922636103,3.08022922636103
"C2Z",1,"2008-2010",1.57,0.0110252808988764,1.10252808988764
"D0Z",1,"2008-2010",1.79,0.0401165396683102,4.01165396683102
"D1Z",1,"2008-2010",4.24,0.0356992506525217,3.56992506525217
"D2Z",1,"2008-2010",3.8,0.023298589822195,2.3298589822195
"D3Z",1,"2008-2010",5.97,0.0356014073588169,3.56014073588169
"D4Z",1,"2008-2010",8.21,0.052273016681523,5.2273016681523
"D6Z",1,"2008-2010",3.93,0.0168293936279548,1.68293936279548
"E0Z",1,"2008-2010",7.9,0.0338924878802179,3.38924878802179
"E1Z",1,"2008-2010",7.91,0.0255029662109879,2.55029662109879
"E2Z",1,"2008-2010",2.06,0.00951720951720952,0.951720951720952
"ENS",1,"2008-2010",1618.2,0.0627739718056342,6.27739718056342
"F0Z",1,"2008-2010",2.14,0.0793474230626622,7.93474230626622
"F1Z",1,"2008-2010",4.33,0.0568316051975325,5.68316051975325
"F2Z",1,"2008-2010",0.56,0.0161012075905693,1.61012075905693
"F3Z",1,"2008-2010",1.42,0.0148426884080694,1.48426884080694
"F4Z",1,"2008-2010",1.61,0.0207047325102881,2.07047325102881
"F5Z",1,"2008-2010",0.19,0.00511027434104357,0.511027434104357
"G0A",1,"2008-2010",6.31,0.0266830175913396,2.66830175913396
"G0B",1,"2008-2010",2.06,0.0106537029375259,1.06537029375259
"G1Z",1,"2008-2010",4.53,0.0108847133451872,1.08847133451872
"H0Z",1,"2008-2010",1.29,0.00549052989997872,0.549052989997872
"J0Z",1,"2008-2010",24.82,0.0730128846266988,7.30128846266988
"J1Z",1,"2008-2010",10.75,0.0238459661498192,2.38459661498192
"J3Z",1,"2008-2010",42.02,0.0546296055539666,5.46296055539666
"J4Z",1,"2008-2010",1.49,0.0157040472175379,1.57040472175379
"J5Z",1,"2008-2010",4.91,0.0272990103413766,2.72990103413766
"J6Z",1,"2008-2010",0.84,0.0098314606741573,0.98314606741573
"K0Z",1,"2008-2010",8.33,0.0671016594167875,6.71016594167875
"L0Z",1,"2008-2010",40.85,0.0868945565931378,8.68945565931378
"L1Z",1,"2008-2010",17.13,0.0465716926757653,4.65716926757653
"L2Z",1,"2008-2010",35.68,0.0842761650565699,8.42761650565699
"L3Z",1,"2008-2010",7.12,0.0431986409416333,4.31986409416333
"L4Z",1,"2008-2010",9.11,0.0257337363351318,2.57337363351318
"L5Z",1,"2008-2010",9.11,0.0156505007816661,1.56505007816661
"L6Z",1,"2008-2010",1.08,0.00619905866146252,0.619905866146252
"M0Z",1,"2008-2010",1.18,0.0324175824175824,3.24175824175824
"M1Z",1,"2008-2010",2.22,0.0130243473159284,1.30243473159284
"M2Z",1,"2008-2010",1.52,0.00469831849653808,0.469831849653808
"N0Z",1,"2008-2010",3.61,0.0100736689362652,1.00736689362652
"P0Z",1,"2008-2010",52.04,0.0579619749841284,5.79619749841284
"P1Z",1,"2008-2010",7.32,0.0177359953479356,1.77359953479356
"P2Z",1,"2008-2010",3.44,0.00807928977406172,0.807928977406172
"P3Z",1,"2008-2010",1.35,0.0171974522292994,1.71974522292994
"P4Z",1,"2008-2010",1.35,0.00343905235001911,0.343905235001911
"Q0Z",1,"2008-2010",3.47,0.0120498663055179,1.20498663055179
"Q1Z",1,"2008-2010",2.05,0.00976748618258052,0.976748618258052
"Q2Z",1,"2008-2010",0.66,0.00243084969246068,0.243084969246068
"R0Z",1,"2008-2010",59.32,0.19588548030248,19.588548030248
"R1Z",1,"2008-2010",103.09,0.120629534285046,12.0629534285046
"R2Z",1,"2008-2010",17.21,0.0318055812234337,3.18055812234337
"R3Z",1,"2008-2010",15.73,0.027333229074354,2.7333229074354
"R4Z",1,"2008-2010",3.01,0.005820474146266,0.5820474146266
"S0Z",1,"2008-2010",4.1,0.0163868904876099,1.63868904876099
"S1Z",1,"2008-2010",36.2,0.108878729547642,10.8878729547642
"S2Z",1,"2008-2010",67.08,0.186302282952841,18.6302282952841
"S3Z",1,"2008-2010",3.32,0.0155831964327623,1.55831964327623
"T0Z",1,"2008-2010",22.05,0.0983584619502186,9.83584619502186
"T1Z",1,"2008-2010",76.59,0.302607664954563,30.2607664954563
"T2A",1,"2008-2010",155.16,0.288685880142147,28.8685880142147
"T2B",1,"2008-2010",58.49,0.134496872700515,13.4496872700515
"T2Z",1,"2008-2010",213.64,0.219717382808483,21.9717382808483
"T3Z",1,"2008-2010",13.8,0.0669123351435221,6.69123351435221
"T4Z",1,"2008-2010",230.81,0.182500336045418,18.2500336045418
"T6Z",1,"2008-2010",9.91,0.0728034087569791,7.28034087569791
"U0Z",1,"2008-2010",11.1,0.0740493662441628,7.40493662441628
"U1Z",1,"2008-2010",49.73,0.138798180245053,13.8798180245053
"V0Z",1,"2008-2010",26.76,0.0505334718156926,5.05334718156926
"V1Z",1,"2008-2010",9.37,0.0177294228949858,1.77294228949858
"V2Z",1,"2008-2010",8.14,0.022515420573673,2.2515420573673
"V3Z",1,"2008-2010",22.72,0.0629554711962094,6.29554711962094
"V4Z",1,"2008-2010",17.12,0.0571352289413963,5.71352289413963
"V5Z",1,"2008-2010",74.53,0.217256959626877,21.7256959626877
"W0Z",1,"2008-2010",29.05,0.0276285130058491,2.76285130058491
"W1Z",1,"2008-2010",19.54,0.139253135689852,13.9253135689852
"X0Z",1,"2008-2010",0.31,0.0130801687763713,1.30801687763713
"ZZZ",1,"2008-2010",0.05,0.00307125307125307,0.307125307125307
"A0Z",1,"2009-2011",21.67,0.0403846512234667,4.03846512234667
"A1Z",1,"2009-2011",28.51,0.0894066733567486,8.94066733567486
"A2Z",1,"2009-2011",0.95,0.0156843321776457,1.56843321776457
"A3Z",1,"2009-2011",2.36,0.0698638247483718,6.98638247483718
"B0Z",1,"2009-2011",10.27,0.0477829991159913,4.77829991159912
"B1Z",1,"2009-2011",3.05,0.0278869891195026,2.78869891195026
"B2Z",1,"2009-2011",14.57,0.0370003555284677,3.70003555284677
"B3Z",1,"2009-2011",6.41,0.0484431680773882,4.84431680773882
"B4Z",1,"2009-2011",12.89,0.0246434443467289,2.46434443467289
"B5Z",1,"2009-2011",2.27,0.0289651652418017,2.89651652418017
"B6Z",1,"2009-2011",6.55,0.022882096069869,2.2882096069869
"B7Z",1,"2009-2011",1.07,0.00724834033328817,0.724834033328817
"C0Z",1,"2009-2011",1.06,0.0309128025663459,3.09128025663459
"C1Z",1,"2009-2011",2.16,0.0346431435445068,3.46431435445068
"C2Z",1,"2009-2011",1.66,0.0119056157211504,1.19056157211504
"D0Z",1,"2009-2011",1.74,0.0411834319526627,4.11834319526627
"D1Z",1,"2009-2011",4.02,0.0383661004008398,3.83661004008398
"D2Z",1,"2009-2011",3.82,0.0251630327382913,2.51630327382913
"D3Z",1,"2009-2011",5.87,0.036461892042984,3.6461892042984
"D4Z",1,"2009-2011",7.91,0.0516757039263082,5.16757039263082
"D6Z",1,"2009-2011",3.87,0.0173472589537855,1.73472589537855
"E0Z",1,"2009-2011",8.08,0.0360939873134995,3.60939873134995
"E1Z",1,"2009-2011",10.01,0.031953267149743,3.1953267149743
"E2Z",1,"2009-2011",1.93,0.00877871275869911,0.877871275869911
"ENS",1,"2009-2011",1640.7,0.0637866081946372,6.37866081946372
"F0Z",1,"2009-2011",1.91,0.0820799312419424,8.20799312419424
"F1Z",1,"2009-2011",3.83,0.0549182678520218,5.49182678520218
"F2Z",1,"2009-2011",0.66,0.0182876142975894,1.82876142975894
"F3Z",1,"2009-2011",1.8,0.0176108012914588,1.76108012914588
"F4Z",1,"2009-2011",1.77,0.026568598018613,2.6568598018613
"F5Z",1,"2009-2011",0.22,0.00674432863274065,0.674432863274065
"G0A",1,"2009-2011",6.06,0.0272445263678461,2.72445263678461
"G0B",1,"2009-2011",1.81,0.00980126712514215,0.980126712514215
"G1Z",1,"2009-2011",4.16,0.00976571670031457,0.976571670031457
"H0Z",1,"2009-2011",1.41,0.00584480185707179,0.58448018570718
"J0Z",1,"2009-2011",25.56,0.0756727950972555,7.56727950972555
"J1Z",1,"2009-2011",9.88,0.0225257062082488,2.25257062082488
"J3Z",1,"2009-2011",44.97,0.0590700118218836,5.90700118218836
"J4Z",1,"2009-2011",1.31,0.0137952822240944,1.37952822240944
"J5Z",1,"2009-2011",5.83,0.0326080877006544,3.26080877006544
"J6Z",1,"2009-2011",0.72,0.00830162573503978,0.830162573503978
"K0Z",1,"2009-2011",9.7,0.0735461369322921,7.35461369322921
"L0Z",1,"2009-2011",38.24,0.0854735242182436,8.54735242182436
"L1Z",1,"2009-2011",17.74,0.0503848447840041,5.03848447840041
"L2Z",1,"2009-2011",36.49,0.0897508424133606,8.97508424133606
"L3Z",1,"2009-2011",6.69,0.0412453760789149,4.12453760789149
"L4Z",1,"2009-2011",7.69,0.021183989421779,2.1183989421779
"L5Z",1,"2009-2011",10.23,0.0167765423595395,1.67765423595395
"L6Z",1,"2009-2011",0.72,0.00419091967403958,0.419091967403958
"M0Z",1,"2009-2011",1.49,0.0382345393892738,3.82345393892738
"M1Z",1,"2009-2011",2.28,0.0138315942732347,1.38315942732347
"M2Z",1,"2009-2011",1.8,0.00523255813953488,0.523255813953488
"N0Z",1,"2009-2011",3.96,0.0111348554718254,1.11348554718254
"P0Z",1,"2009-2011",47.91,0.0567741476767749,5.67741476767749
"P1Z",1,"2009-2011",7.04,0.017202199144777,1.7202199144777
"P2Z",1,"2009-2011",3.61,0.00802471880140488,0.802471880140488
"P3Z",1,"2009-2011",1.43,0.0170319199618866,1.70319199618866
"P4Z",1,"2009-2011",1.05,0.00270534886117696,0.270534886117696
"Q0Z",1,"2009-2011",4.08,0.0144691112844883,1.44691112844883
"Q1Z",1,"2009-2011",2.37,0.0116404715127701,1.16404715127701
"Q2Z",1,"2009-2011",0.45,0.00160846409550702,0.160846409550702
"R0Z",1,"2009-2011",54.28,0.183279308481902,18.3279308481902
"R1Z",1,"2009-2011",99.72,0.117584633343946,11.7584633343946
"R2Z",1,"2009-2011",19.2,0.0359046283309958,3.59046283309958
"R3Z",1,"2009-2011",18.37,0.0312016985138004,3.12016985138004
"R4Z",1,"2009-2011",2.73,0.00524777978547538,0.524777978547538
"S0Z",1,"2009-2011",4.09,0.0161999445478671,1.61999445478671
"S1Z",1,"2009-2011",36.55,0.104679802955665,10.4679802955665
"S2Z",1,"2009-2011",63.48,0.169650970121332,16.9650970121332
"S3Z",1,"2009-2011",3.89,0.0181911709689488,1.81911709689488
"T0Z",1,"2009-2011",24.31,0.10504256146567,10.504256146567
"T1Z",1,"2009-2011",75.91,0.305141295172247,30.5141295172247
"T2A",1,"2009-2011",158.27,0.288798058500447,28.8798058500447
"T2B",1,"2009-2011",63.5,0.142610101736025,14.2610101736025
"T2Z",1,"2009-2011",221.76,0.223258061593291,22.3258061593291
"T3Z",1,"2009-2011",11.2,0.0570032573289902,5.70032573289902
"T4Z",1,"2009-2011",233.36,0.186888344305095,18.6888344305095
"T6Z",1,"2009-2011",10.57,0.0760158216468896,7.60158216468896
"U0Z",1,"2009-2011",10.64,0.0668257756563246,6.68257756563246
"U1Z",1,"2009-2011",50.33,0.135803135371415,13.5803135371415
"V0Z",1,"2009-2011",29.4,0.0534166681807446,5.34166681807446
"V1Z",1,"2009-2011",9.96,0.0185102586975914,1.85102586975914
"V2Z",1,"2009-2011",7.96,0.0218591239873678,2.18591239873678
"V3Z",1,"2009-2011",26.81,0.0705043917319729,7.05043917319729
"V4Z",1,"2009-2011",17.28,0.055695223361052,5.5695223361052
"V5Z",1,"2009-2011",78.52,0.219525833146947,21.9525833146947
"W0Z",1,"2009-2011",28.75,0.027981896929291,2.7981896929291
"W1Z",1,"2009-2011",21.51,0.158733672791676,15.8733672791676
"X0Z",1,"2009-2011",0.56,0.0213740458015267,2.13740458015267
"ZZZ",1,"2009-2011",0.05,0.00456204379562044,0.456204379562044
"A0Z",1,"2010-2012",22.51,0.0419939182508442,4.19939182508442
"A1Z",1,"2010-2012",28.84,0.0903905221588416,9.03905221588416
"A2Z",1,"2010-2012",0.98,0.0160209252901749,1.60209252901749
"A3Z",1,"2010-2012",1.87,0.0537665324899368,5.37665324899368
"B0Z",1,"2010-2012",10.54,0.0503150658774107,5.03150658774107
"B1Z",1,"2010-2012",2.87,0.0267998879447194,2.67998879447194
"B2Z",1,"2010-2012",13.58,0.0345564659779124,3.45564659779124
"B3Z",1,"2010-2012",7.71,0.0569297792217382,5.69297792217382
"B4Z",1,"2010-2012",15.11,0.0285865637474696,2.85865637474696
"B5Z",1,"2010-2012",2.33,0.0303741363577109,3.03741363577109
"B6Z",1,"2010-2012",5.6,0.0194505227327984,1.94505227327984
"B7Z",1,"2010-2012",0.88,0.00574562548968399,0.574562548968399
"C0Z",1,"2010-2012",0.51,0.0151470151470151,1.51470151470152
"C1Z",1,"2010-2012",1.15,0.0194027332545976,1.94027332545976
"C2Z",1,"2010-2012",1.01,0.0072892609699769,0.728926096997691
"D0Z",1,"2010-2012",0.8,0.0182523385808807,1.82523385808807
"D1Z",1,"2010-2012",1.38,0.0135267594589296,1.35267594589296
"D2Z",1,"2010-2012",2.46,0.0164339635246175,1.64339635246175
"D3Z",1,"2010-2012",3.88,0.023736693992414,2.3736693992414
"D4Z",1,"2010-2012",4.68,0.0317891590816465,3.17891590816465
"D6Z",1,"2010-2012",2.07,0.00924478585145817,0.924478585145817
"E0Z",1,"2010-2012",7.61,0.034829969334981,3.4829969334981
"E1Z",1,"2010-2012",10.36,0.0330188679245283,3.30188679245283
"E2Z",1,"2010-2012",0.76,0.00339528234453181,0.339528234453181
"ENS",1,"2010-2012",1618,0.0627886219876596,6.27886219876596
"F0Z",1,"2010-2012",0.96,0.0468978993649243,4.68978993649243
"F1Z",1,"2010-2012",3.17,0.0484413202933985,4.84413202933985
"F2Z",1,"2010-2012",0.55,0.0159051474840949,1.59051474840949
"F3Z",1,"2010-2012",1.23,0.0125856952829223,1.25856952829223
"F4Z",1,"2010-2012",1.49,0.0253789814341679,2.53789814341679
"F5Z",1,"2010-2012",0.3,0.0098135426889107,0.98135426889107
"G0A",1,"2010-2012",5.01,0.0240437682967798,2.40437682967798
"G0B",1,"2010-2012",2.06,0.0110497237569061,1.10497237569061
"G1Z",1,"2010-2012",3.22,0.00746095741229899,0.746095741229899
"H0Z",1,"2010-2012",1.13,0.00452072331573052,0.452072331573052
"J0Z",1,"2010-2012",22.5,0.0657375755982119,6.57375755982119
"J1Z",1,"2010-2012",7.91,0.0180717386337674,1.80717386337674
"J3Z",1,"2010-2012",43.53,0.0576182345232895,5.76182345232895
"J4Z",1,"2010-2012",1.13,0.0114685882472343,1.14685882472343
"J5Z",1,"2010-2012",5.85,0.0315704263356719,3.15704263356719
"J6Z",1,"2010-2012",0.62,0.00704385366962054,0.704385366962054
"K0Z",1,"2010-2012",8.13,0.0642789373814042,6.42789373814042
"L0Z",1,"2010-2012",32.23,0.0746444948816527,7.46444948816527
"L1Z",1,"2010-2012",16.81,0.0508069878498459,5.08069878498458
"L2Z",1,"2010-2012",35.15,0.0899022967926748,8.99022967926748
"L3Z",1,"2010-2012",6.09,0.0368220569562851,3.68220569562851
"L4Z",1,"2010-2012",7.35,0.0193187194448825,1.93187194448825
"L5Z",1,"2010-2012",9.52,0.0150547156682902,1.50547156682902
"L6Z",1,"2010-2012",0.67,0.00400502122063483,0.400502122063483
"M0Z",1,"2010-2012",1.56,0.040071923966093,4.0071923966093
"M1Z",1,"2010-2012",2.39,0.0148226246588936,1.48226246588936
"M2Z",1,"2010-2012",1.64,0.00462453825113499,0.462453825113499
"N0Z",1,"2010-2012",3.58,0.00973884657236126,0.973884657236126
"P0Z",1,"2010-2012",44.15,0.0546661218627342,5.46661218627342
"P1Z",1,"2010-2012",6,0.014720675188302,1.4720675188302
"P2Z",1,"2010-2012",3.3,0.0071360608943863,0.71360608943863
"P3Z",1,"2010-2012",1.41,0.0151450053705693,1.51450053705693
"P4Z",1,"2010-2012",1.11,0.00284659178335129,0.284659178335128
"Q0Z",1,"2010-2012",3.48,0.0130851663846588,1.30851663846588
"Q1Z",1,"2010-2012",2.53,0.0129002651437895,1.29002651437895
"Q2Z",1,"2010-2012",0.74,0.00259530740364044,0.259530740364044
"R0Z",1,"2010-2012",51.49,0.174406395014057,17.4406395014057
"R1Z",1,"2010-2012",94.33,0.114084949929853,11.4084949929853
"R2Z",1,"2010-2012",19.16,0.0361925990290712,3.61925990290712
"R3Z",1,"2010-2012",21.6,0.0371095763323369,3.71095763323369
"R4Z",1,"2010-2012",2.49,0.00474376071632692,0.474376071632692
"S0Z",1,"2010-2012",5.67,0.0232854209445585,2.32854209445585
"S1Z",1,"2010-2012",38.36,0.108804175175857,10.8804175175857
"S2Z",1,"2010-2012",63.71,0.1632668750961,16.32668750961
"S3Z",1,"2010-2012",4,0.0184297825285662,1.84297825285662
"T0Z",1,"2010-2012",25.67,0.111647529575505,11.1647529575505
"T1Z",1,"2010-2012",74.02,0.30358461159872,30.358461159872
"T2A",1,"2010-2012",161.22,0.294573360131555,29.4573360131555
"T2B",1,"2010-2012",69.99,0.151917692257602,15.1917692257602
"T2Z",1,"2010-2012",231.21,0.22937272447694,22.937272447694
"T3Z",1,"2010-2012",10.78,0.055572739457676,5.55727394576761
"T4Z",1,"2010-2012",236.49,0.188020257753679,18.8020257753679
"T6Z",1,"2010-2012",11.97,0.081511746680286,8.1511746680286
"U0Z",1,"2010-2012",9.43,0.0560076023044485,5.60076023044485
"U1Z",1,"2010-2012",51.34,0.134595218120805,13.4595218120805
"V0Z",1,"2010-2012",28.47,0.0497779487358814,4.97779487358814
"V1Z",1,"2010-2012",10.38,0.019362420489097,1.9362420489097
"V2Z",1,"2010-2012",8.65,0.02298087141339,2.298087141339
"V3Z",1,"2010-2012",28.65,0.0723557935144964,7.23557935144964
"V4Z",1,"2010-2012",15.95,0.0503965370153875,5.03965370153875
"V5Z",1,"2010-2012",84.25,0.2318254361345,23.18254361345
"W0Z",1,"2010-2012",28.41,0.027438406042051,2.7438406042051
"W1Z",1,"2010-2012",22.9,0.164558781258982,16.4558781258982
"X0Z",1,"2010-2012",0.55,0.0193050193050193,1.93050193050193
"ZZZ",1,"2010-2012",0.05,0.00778816199376947,0.778816199376947
"A0Z",1,"2011-2013",21.17,0.0391601923788383,3.91601923788383
"A1Z",1,"2011-2013",26.49,0.0813300175002303,8.13300175002303
"A2Z",1,"2011-2013",1.52,0.0236208236208236,2.36208236208236
"A3Z",1,"2011-2013",1.41,0.0424698795180723,4.24698795180723
"B0Z",1,"2011-2013",9.23,0.046668014966124,4.6668014966124
"B1Z",1,"2011-2013",2.55,0.0252750520368718,2.52750520368718
"B2Z",1,"2011-2013",12.23,0.0315621048285117,3.15621048285117
"B3Z",1,"2011-2013",7.6,0.0552968568102445,5.52968568102445
"B4Z",1,"2011-2013",15.13,0.0281928968061715,2.81928968061715
"B5Z",1,"2011-2013",2.29,0.0290609137055838,2.90609137055838
"B6Z",1,"2011-2013",5.77,0.0193825791931204,1.93825791931204
"B7Z",1,"2011-2013",0.9,0.00575043128234618,0.575043128234618
"C0Z",1,"2011-2013",0.62,0.0188679245283019,1.88679245283019
"C1Z",1,"2011-2013",0.89,0.0166044776119403,1.66044776119403
"C2Z",1,"2011-2013",0.81,0.00571912730353739,0.571912730353739
"D0Z",1,"2011-2013",0.65,0.0149185219187514,1.49185219187514
"D1Z",1,"2011-2013",1.23,0.0121794237053174,1.21794237053174
"D2Z",1,"2011-2013",2.6,0.0172505307855626,1.72505307855626
"D3Z",1,"2011-2013",3.75,0.0237838523498446,2.37838523498446
"D4Z",1,"2011-2013",3.84,0.0265065230896666,2.65065230896666
"D6Z",1,"2011-2013",1.66,0.00718179458336939,0.718179458336939
"E0Z",1,"2011-2013",7.88,0.0387528277761385,3.87528277761385
"E1Z",1,"2011-2013",10.46,0.0342883367206451,3.42883367206451
"E2Z",1,"2011-2013",0.94,0.00413604963259559,0.413604963259559
"ENS",1,"2011-2013",1600.4,0.0620637235131697,6.20637235131697
"F0Z",1,"2011-2013",0.54,0.0260492040520984,2.60492040520984
"F1Z",1,"2011-2013",2.9,0.0455330507143979,4.55330507143979
"F2Z",1,"2011-2013",0.99,0.0316597377678286,3.16597377678286
"F3Z",1,"2011-2013",1.59,0.0165349417637271,1.65349417637271
"F4Z",1,"2011-2013",1.62,0.0295135725997449,2.95135725997449
"F5Z",1,"2011-2013",0.57,0.0182868142444658,1.82868142444658
"G0A",1,"2011-2013",4.74,0.0238274770019605,2.38274770019605
"G0B",1,"2011-2013",1.87,0.0102107677186852,1.02107677186852
"G1Z",1,"2011-2013",5.68,0.0127525819488101,1.27525819488101
"H0Z",1,"2011-2013",1.33,0.00506724578047015,0.506724578047015
"J0Z",1,"2011-2013",21.51,0.0609003397508494,6.09003397508494
"J1Z",1,"2011-2013",7.44,0.0166853554608657,1.66853554608657
"J3Z",1,"2011-2013",43.58,0.0574971963849858,5.74971963849858
"J4Z",1,"2011-2013",0.98,0.0093887717953631,0.93887717953631
"J5Z",1,"2011-2013",6.46,0.0332390018008747,3.32390018008747
"J6Z",1,"2011-2013",0.54,0.00610652493497682,0.610652493497682
"K0Z",1,"2011-2013",7.27,0.0628566487982016,6.28566487982016
"L0Z",1,"2011-2013",31.36,0.07282861124013,7.282861124013
"L1Z",1,"2011-2013",15.85,0.0500884843888257,5.00884843888257
"L2Z",1,"2011-2013",34.34,0.0909476137507283,9.09476137507283
"L3Z",1,"2011-2013",5.68,0.0350985602175122,3.50985602175122
"L4Z",1,"2011-2013",10.07,0.0255382820623367,2.55382820623367
"L5Z",1,"2011-2013",9.42,0.0146546359676416,1.46546359676416
"L6Z",1,"2011-2013",0.74,0.00479554144255071,0.479554144255071
"M0Z",1,"2011-2013",1.6,0.041407867494824,4.1407867494824
"M1Z",1,"2011-2013",3.95,0.0237665463297232,2.37665463297232
"M2Z",1,"2011-2013",1.44,0.00402144772117962,0.402144772117962
"N0Z",1,"2011-2013",4.19,0.0109628466771324,1.09628466771324
"P0Z",1,"2011-2013",38.78,0.0505916272031101,5.05916272031101
"P1Z",1,"2011-2013",6.99,0.0168413444163354,1.68413444163354
"P2Z",1,"2011-2013",2.98,0.00649081919365729,0.649081919365729
"P3Z",1,"2011-2013",1.12,0.0115678578806032,1.15678578806032
"P4Z",1,"2011-2013",1.17,0.00299869287746367,0.299869287746367
"Q0Z",1,"2011-2013",3.7,0.0141892928363246,1.41892928363246
"Q1Z",1,"2011-2013",2.63,0.013607201986755,1.3607201986755
"Q2Z",1,"2011-2013",1.17,0.00420349213192498,0.420349213192498
"R0Z",1,"2011-2013",46.76,0.159476143378466,15.9476143378466
"R1Z",1,"2011-2013",93.62,0.113425168708126,11.3425168708126
"R2Z",1,"2011-2013",21.08,0.0404017172646427,4.04017172646427
"R3Z",1,"2011-2013",21.47,0.0386109412653311,3.86109412653311
"R4Z",1,"2011-2013",2.3,0.00433733122124161,0.433733122124161
"S0Z",1,"2011-2013",6.18,0.0256708482179945,2.56708482179945
"S1Z",1,"2011-2013",38.24,0.105425672695192,10.5425672695192
"S2Z",1,"2011-2013",62.7,0.162241887905605,16.2241887905605
"S3Z",1,"2011-2013",3.58,0.0167602996254682,1.67602996254682
"T0Z",1,"2011-2013",22.89,0.103823649476119,10.3823649476119
"T1Z",1,"2011-2013",70.05,0.301277364414434,30.1277364414434
"T2A",1,"2011-2013",157.42,0.291227291227291,29.1227291227291
"T2B",1,"2011-2013",71.65,0.154408120164645,15.4408120164645
"T2Z",1,"2011-2013",229.07,0.228027912440149,22.8027912440149
"T3Z",1,"2011-2013",10.91,0.0528201404018398,5.28201404018398
"T4Z",1,"2011-2013",235.21,0.185641786568378,18.5641786568378
"T6Z",1,"2011-2013",11.15,0.0774198028051659,7.74198028051659
"U0Z",1,"2011-2013",8.78,0.0520728307929541,5.20728307929542
"U1Z",1,"2011-2013",54.5,0.13827924796387,13.827924796387
"V0Z",1,"2011-2013",28.56,0.0485524369719328,4.85524369719328
"V1Z",1,"2011-2013",14.76,0.0271743132778555,2.71743132778555
"V2Z",1,"2011-2013",8.85,0.0233558534783068,2.33558534783068
"V3Z",1,"2011-2013",30.29,0.0727477964310589,7.27477964310589
"V4Z",1,"2011-2013",17.23,0.0537698165023093,5.37698165023093
"V5Z",1,"2011-2013",81.1,0.223047304730473,22.3047304730473
"W0Z",1,"2011-2013",27.22,0.0260448560930802,2.60448560930802
"W1Z",1,"2011-2013",23.91,0.170602925437032,17.0602925437032
"X0Z",1,"2011-2013",0.56,0.0187604690117253,1.87604690117253
"ZZZ",1,"2011-2013",1.01,0.0821806346623271,8.21806346623271
"A0Z",1,"2012-2014",21.56,0.0403337449021589,4.03337449021589
"A1Z",1,"2012-2014",25.04,0.0767627222562845,7.67627222562845
"A2Z",1,"2012-2014",1.62,0.024,2.4
"A3Z",1,"2012-2014",1.92,0.0604534005037783,6.04534005037783
"B0Z",1,"2012-2014",8.81,0.0473096337665127,4.73096337665127
"B1Z",1,"2012-2014",3.12,0.0335953483363842,3.35953483363842
"B2Z",1,"2012-2014",13.32,0.0354830975785183,3.54830975785183
"B3Z",1,"2012-2014",9.9,0.0724213606437454,7.24213606437454
"B4Z",1,"2012-2014",17.14,0.0323384023244406,3.23384023244406
"B5Z",1,"2012-2014",2.18,0.027615910818343,2.7615910818343
"B6Z",1,"2012-2014",6.75,0.0225300400534045,2.25300400534045
"B7Z",1,"2012-2014",1.63,0.00996028108768714,0.996028108768714
"C0Z",1,"2012-2014",0.51,0.0161956176563989,1.61956176563989
"C1Z",1,"2012-2014",0.77,0.0157593123209169,1.57593123209169
"C2Z",1,"2012-2014",0.7,0.00489407816541984,0.489407816541984
"D0Z",1,"2012-2014",0.61,0.0148094197620782,1.48094197620782
"D1Z",1,"2012-2014",1.27,0.0123145544458451,1.2314554445845
"D2Z",1,"2012-2014",2.55,0.0169042094796155,1.69042094796155
"D3Z",1,"2012-2014",3.76,0.0250967828060339,2.50967828060339
"D4Z",1,"2012-2014",3.71,0.0262990004962076,2.62990004962076
"D6Z",1,"2012-2014",2.28,0.00978456784825337,0.978456784825337
"E0Z",1,"2012-2014",7.08,0.0380093412787889,3.80093412787889
"E1Z",1,"2012-2014",10.61,0.0353066453695385,3.53066453695385
"E2Z",1,"2012-2014",1.01,0.00424209332605317,0.424209332605317
"ENS",1,"2012-2014",1638.6,0.0635076894456158,6.35076894456158
"F0Z",1,"2012-2014",0.32,0.0152890587673196,1.52890587673196
"F1Z",1,"2012-2014",3.87,0.0589939024390244,5.89939024390244
"F2Z",1,"2012-2014",1,0.0337154416722859,3.37154416722859
"F3Z",1,"2012-2014",1.96,0.0206860158311346,2.06860158311346
"F4Z",1,"2012-2014",1.53,0.027190332326284,2.7190332326284
"F5Z",1,"2012-2014",0.64,0.0205787781350482,2.05787781350482
"G0A",1,"2012-2014",4.64,0.024012834445997,2.4012834445997
"G0B",1,"2012-2014",2.19,0.0121383438643166,1.21383438643166
"G1Z",1,"2012-2014",6.81,0.0146209502544174,1.46209502544174
"H0Z",1,"2012-2014",1.82,0.00664306310909954,0.664306310909954
"J0Z",1,"2012-2014",22.05,0.0618443933359511,6.18443933359511
"J1Z",1,"2012-2014",7.58,0.0164929611175178,1.64929611175178
"J3Z",1,"2012-2014",45.78,0.0591992965395955,5.91992965395955
"J4Z",1,"2012-2014",1.17,0.010455764075067,1.0455764075067
"J5Z",1,"2012-2014",7.15,0.0362649624670319,3.62649624670319
"J6Z",1,"2012-2014",0.6,0.00690369347600967,0.690369347600967
"K0Z",1,"2012-2014",5.38,0.0503274087932647,5.03274087932647
"L0Z",1,"2012-2014",31.11,0.072227897473997,7.2227897473997
"L1Z",1,"2012-2014",15.87,0.0502995150708377,5.02995150708377
"L2Z",1,"2012-2014",32.6,0.0878635150796432,8.78635150796432
"L3Z",1,"2012-2014",5.21,0.0326932730923695,3.26932730923695
"L4Z",1,"2012-2014",11.47,0.0289595273562754,2.89595273562754
"L5Z",1,"2012-2014",9.41,0.0147844394167924,1.47844394167924
"L6Z",1,"2012-2014",1.41,0.00928792569659443,0.928792569659443
"M0Z",1,"2012-2014",1.31,0.0366433566433566,3.66433566433566
"M1Z",1,"2012-2014",3.78,0.0229968972440226,2.29968972440226
"M2Z",1,"2012-2014",1.14,0.00321171996055782,0.321171996055782
"N0Z",1,"2012-2014",4.36,0.011374308671606,1.1374308671606
"P0Z",1,"2012-2014",39.59,0.0519158645650292,5.19158645650292
"P1Z",1,"2012-2014",8.7,0.0212329770098111,2.12329770098111
"P2Z",1,"2012-2014",3.23,0.00720821245257755,0.720821245257755
"P3Z",1,"2012-2014",0.8,0.00889382990550306,0.889382990550306
"P4Z",1,"2012-2014",1.3,0.00341826404775052,0.341826404775052
"Q0Z",1,"2012-2014",2.36,0.0093461645083363,0.93461645083363
"Q1Z",1,"2012-2014",2.78,0.0144897320963202,1.44897320963202
"Q2Z",1,"2012-2014",2.14,0.00812946360735451,0.812946360735451
"R0Z",1,"2012-2014",47.77,0.162322878793027,16.2322878793027
"R1Z",1,"2012-2014",94.55,0.112716521822062,11.2716521822062
"R2Z",1,"2012-2014",21.16,0.0404333785565513,4.04333785565513
"R3Z",1,"2012-2014",23.11,0.0422409065984281,4.22409065984281
"R4Z",1,"2012-2014",3.62,0.00679518705535637,0.679518705535637
"S0Z",1,"2012-2014",5.52,0.0229540918163673,2.29540918163673
"S1Z",1,"2012-2014",36.79,0.10111031715495,10.111031715495
"S2Z",1,"2012-2014",64.32,0.173243192285937,17.3243192285937
"S3Z",1,"2012-2014",3.35,0.0157321311167465,1.57321311167465
"T0Z",1,"2012-2014",20.66,0.0984700443258186,9.84700443258186
"T1Z",1,"2012-2014",65.54,0.293954072479369,29.3954072479369
"T2A",1,"2012-2014",158.68,0.295581551300201,29.5581551300201
"T2B",1,"2012-2014",73.62,0.157415326719124,15.7415326719124
"T2Z",1,"2012-2014",232.3,0.231254728626608,23.1254728626608
"T3Z",1,"2012-2014",14.13,0.064259402428487,6.4259402428487
"T4Z",1,"2012-2014",241.47,0.187904160862832,18.7904160862832
"T6Z",1,"2012-2014",11.86,0.0822240709927898,8.22240709927898
"U0Z",1,"2012-2014",8.35,0.0530226060452121,5.30226060452121
"U1Z",1,"2012-2014",57.09,0.145559776650264,14.5559776650264
"V0Z",1,"2012-2014",28.33,0.0474348670551202,4.74348670551202
"V1Z",1,"2012-2014",18.2,0.0320874471086037,3.20874471086037
"V2Z",1,"2012-2014",10.29,0.0269357625255222,2.69357625255222
"V3Z",1,"2012-2014",30.93,0.0721820303383897,7.21820303383897
"V4Z",1,"2012-2014",18.73,0.0580055744812635,5.80055744812636
"V5Z",1,"2012-2014",83.51,0.222053818336524,22.2053818336524
"W0Z",1,"2012-2014",28.37,0.0267371615444787,2.67371615444787
"W1Z",1,"2012-2014",23.97,0.163919852287492,16.3919852287492
"X0Z",1,"2012-2014",0.39,0.0130347593582888,1.30347593582888
"ZZZ",1,"2012-2014",3.33,0.090958754438678,9.0958754438678
"A0Z",1,"2013-2015",18.28,0.0350621451588154,3.50621451588154
"A1Z",1,"2013-2015",24.13,0.0752252392680113,7.52252392680114
"A2Z",1,"2013-2015",1.59,0.0234720992028344,2.34720992028344
"A3Z",1,"2013-2015",2.02,0.0700902151283831,7.00902151283831
"B0Z",1,"2013-2015",9.7,0.0566224972272488,5.66224972272488
"B1Z",1,"2013-2015",2.84,0.0322653942285844,3.22653942285844
"B2Z",1,"2013-2015",12.91,0.0352510717308795,3.52510717308795
"B3Z",1,"2013-2015",10.93,0.0833269802546314,8.33269802546314
"B4Z",1,"2013-2015",18.71,0.0365158671298646,3.65158671298646
"B5Z",1,"2013-2015",1.77,0.0232131147540984,2.32131147540984
"B6Z",1,"2013-2015",7.86,0.0265711098340151,2.65711098340151
"B7Z",1,"2013-2015",1.95,0.0119477973163409,1.19477973163409
"C0Z",1,"2013-2015",0.25,0.00892538379150303,0.892538379150303
"C1Z",1,"2013-2015",0.57,0.0119647355163728,1.19647355163728
"C2Z",1,"2013-2015",0.39,0.00284505398307558,0.284505398307558
"D0Z",1,"2013-2015",0.61,0.014823815309842,1.4823815309842
"D1Z",1,"2013-2015",1.23,0.0119847997661502,1.19847997661502
"D2Z",1,"2013-2015",2.55,0.0174478275744099,1.74478275744099
"D3Z",1,"2013-2015",4.2,0.0284129346502503,2.84129346502503
"D4Z",1,"2013-2015",2.95,0.0213799101319032,2.13799101319032
"D6Z",1,"2013-2015",2.23,0.00929631482407871,0.929631482407871
"E0Z",1,"2013-2015",7.03,0.0385776216868792,3.85776216868792
"E1Z",1,"2013-2015",9.9,0.0335855073447094,3.35855073447094
"E2Z",1,"2013-2015",1.11,0.00472521391171087,0.472521391171087
"ENS",1,"2013-2015",1681,0.0651197024870225,6.51197024870226
"F0Z",1,"2013-2015",1.45,0.0632911392405063,6.32911392405063
"F1Z",1,"2013-2015",4.36,0.0675236177791544,6.75236177791544
"F2Z",1,"2013-2015",0.81,0.0310821181887951,3.10821181887951
"F3Z",1,"2013-2015",2.21,0.0237685523768552,2.37685523768552
"F4Z",1,"2013-2015",1.71,0.0285095031677226,2.85095031677226
"F5Z",1,"2013-2015",0.58,0.0178351783517835,1.78351783517835
"G0A",1,"2013-2015",4.42,0.0223130900095916,2.23130900095916
"G0B",1,"2013-2015",3.01,0.0174442190669371,1.74442190669371
"G1Z",1,"2013-2015",7.78,0.0163799818935933,1.63799818935933
"H0Z",1,"2013-2015",1.76,0.00615858352578907,0.615858352578907
"J0Z",1,"2013-2015",23.03,0.0632327503363444,6.32327503363444
"J1Z",1,"2013-2015",9.6,0.0203286464509571,2.03286464509571
"J3Z",1,"2013-2015",48.02,0.0603326967534426,6.03326967534426
"J4Z",1,"2013-2015",0.84,0.00709399543957436,0.709399543957436
"J5Z",1,"2013-2015",8.37,0.0439370078740157,4.39370078740157
"J6Z",1,"2013-2015",0.57,0.00663021984413167,0.663021984413167
"K0Z",1,"2013-2015",4.78,0.0460500963391137,4.60500963391137
"L0Z",1,"2013-2015",33.35,0.0775346988119871,7.75346988119871
"L1Z",1,"2013-2015",15.79,0.0506138410744623,5.06138410744623
"L2Z",1,"2013-2015",31.57,0.0869481395797185,8.69481395797185
"L3Z",1,"2013-2015",5.43,0.034439018202575,3.4439018202575
"L4Z",1,"2013-2015",14.61,0.0363152792622604,3.63152792622604
"L5Z",1,"2013-2015",10.85,0.0172493283095658,1.72493283095658
"L6Z",1,"2013-2015",1.73,0.0111054050584157,1.11054050584157
"M0Z",1,"2013-2015",1.4,0.0381263616557734,3.81263616557734
"M1Z",1,"2013-2015",3.62,0.0225124378109453,2.25124378109453
"M2Z",1,"2013-2015",0.82,0.00233911455956184,0.233911455956184
"N0Z",1,"2013-2015",5.34,0.0137536702209859,1.37536702209859
"P0Z",1,"2013-2015",38.39,0.0515966883500887,5.15966883500887
"P1Z",1,"2013-2015",9.85,0.0240643017687873,2.40643017687873
"P2Z",1,"2013-2015",3.96,0.00886342271363982,0.886342271363982
"P3Z",1,"2013-2015",1.15,0.0136239782016349,1.36239782016349
"P4Z",1,"2013-2015",1.52,0.00402702344681415,0.402702344681415
"Q0Z",1,"2013-2015",2.97,0.0111948737278553,1.11948737278553
"Q1Z",1,"2013-2015",2.84,0.0150344097406035,1.50344097406035
"Q2Z",1,"2013-2015",2.84,0.0112284031154865,1.12284031154865
"R0Z",1,"2013-2015",50.9,0.166334433515245,16.6334433515245
"R1Z",1,"2013-2015",96.5,0.114225515494425,11.4225515494425
"R2Z",1,"2013-2015",20.88,0.0399143599938829,3.99143599938829
"R3Z",1,"2013-2015",21.49,0.039953892204436,3.9953892204436
"R4Z",1,"2013-2015",4.45,0.00798077440413207,0.798077440413207
"S0Z",1,"2013-2015",4.14,0.0167110680552192,1.67110680552192
"S1Z",1,"2013-2015",36.26,0.0992962181997426,9.92962181997426
"S2Z",1,"2013-2015",66.26,0.18235860740333,18.235860740333
"S3Z",1,"2013-2015",3.62,0.0168192166519537,1.68192166519537
"T0Z",1,"2013-2015",19.3,0.0945198099809001,9.45198099809001
"T1Z",1,"2013-2015",57.72,0.286451612903226,28.6451612903226
"T2A",1,"2013-2015",157.74,0.293207925945202,29.3207925945202
"T2B",1,"2013-2015",73.67,0.160176548605223,16.0176548605223
"T2Z",1,"2013-2015",231.41,0.231894659839064,23.1894659839064
"T3Z",1,"2013-2015",15.05,0.0650782668857563,6.50782668857563
"T4Z",1,"2013-2015",245.53,0.190802203865312,19.0802203865312
"T6Z",1,"2013-2015",12.94,0.0869214751125143,8.69214751125143
"U0Z",1,"2013-2015",8.51,0.0548183457871683,5.48183457871683
"U1Z",1,"2013-2015",60.23,0.154844846646271,15.4844846646271
"V0Z",1,"2013-2015",30.87,0.0507813785162033,5.07813785162033
"V1Z",1,"2013-2015",19.89,0.033714150111872,3.3714150111872
"V2Z",1,"2013-2015",10,0.0266063589197818,2.66063589197818
"V3Z",1,"2013-2015",30.91,0.0711408778107666,7.11408778107666
"V4Z",1,"2013-2015",20.71,0.0636975978839234,6.36975978839234
"V5Z",1,"2013-2015",95.16,0.235160381554886,23.5160381554886
"W0Z",1,"2013-2015",28.27,0.0266328770478676,2.66328770478676
"W1Z",1,"2013-2015",27,0.184716426079223,18.4716426079223
"X0Z",1,"2013-2015",0.39,0.0122718691000629,1.22718691000629
"ZZZ",1,"2013-2015",5.55,0.090834697217676,9.0834697217676
"A0Z",1,"2014-2016",16.28,0.032482691194956,3.2482691194956
"A1Z",1,"2014-2016",23.56,0.0728396970165404,7.28396970165404
"A2Z",1,"2014-2016",1.6,0.0235017626321974,2.35017626321974
"A3Z",1,"2014-2016",1.91,0.0708719851576994,7.08719851576994
"B0Z",1,"2014-2016",9.06,0.0548028066779579,5.48028066779579
"B1Z",1,"2014-2016",2.52,0.0291734197730956,2.91734197730956
"B2Z",1,"2014-2016",12.23,0.034948848374007,3.4948848374007
"B3Z",1,"2014-2016",11.32,0.0913935088002583,9.13935088002583
"B4Z",1,"2014-2016",20.5,0.0404610586981408,4.04610586981408
"B5Z",1,"2014-2016",1.1,0.0151036660716738,1.51036660716738
"B6Z",1,"2014-2016",7.14,0.0251151992683527,2.51151992683527
"B7Z",1,"2014-2016",1.97,0.0122565793566851,1.22565793566851
"C0Z",1,"2014-2016",0.15,0.0061576354679803,0.61576354679803
"C1Z",1,"2014-2016",0.69,0.014948006932409,1.4948006932409
"C2Z",1,"2014-2016",0.4,0.00325414904002603,0.325414904002603
"D0Z",1,"2014-2016",0.86,0.0194394213381555,1.94394213381555
"D1Z",1,"2014-2016",1.29,0.0123444976076555,1.23444976076555
"D2Z",1,"2014-2016",2.3,0.0160312260402872,1.60312260402872
"D3Z",1,"2014-2016",3.58,0.0226725775807473,2.26725775807473
"D4Z",1,"2014-2016",1.87,0.0139385807990459,1.39385807990459
"D6Z",1,"2014-2016",2.01,0.00800828718275629,0.800828718275629
"E0Z",1,"2014-2016",6.02,0.0323864859048849,3.23864859048849
"E1Z",1,"2014-2016",8.74,0.0294792228818133,2.94792228818133
"E2Z",1,"2014-2016",0.99,0.00432257782823211,0.432257782823211
"ENS",1,"2014-2016",1671.7,0.0645750684688095,6.45750684688095
"F0Z",1,"2014-2016",1.62,0.0733031674208145,7.33031674208145
"F1Z",1,"2014-2016",3.24,0.0520984081041968,5.20984081041968
"F2Z",1,"2014-2016",0.28,0.0114613180515759,1.14613180515759
"F3Z",1,"2014-2016",2.21,0.0263817595798018,2.63817595798018
"F4Z",1,"2014-2016",1.57,0.026650823289764,2.6650823289764
"F5Z",1,"2014-2016",0.53,0.0173486088379705,1.73486088379705
"G0A",1,"2014-2016",4.27,0.0215037518255527,2.15037518255527
"G0B",1,"2014-2016",3.99,0.0226885022176731,2.26885022176731
"G1Z",1,"2014-2016",5.76,0.0119992500468721,1.19992500468721
"H0Z",1,"2014-2016",1.59,0.00546185290783553,0.546185290783553
"J0Z",1,"2014-2016",21.73,0.0595065312046444,5.95065312046444
"J1Z",1,"2014-2016",9.31,0.0195223217094089,1.95223217094089
"J3Z",1,"2014-2016",48.11,0.0584561548462352,5.84561548462352
"J4Z",1,"2014-2016",0.61,0.0052123387165684,0.52123387165684
"J5Z",1,"2014-2016",8.85,0.0474530831099196,4.74530831099196
"J6Z",1,"2014-2016",0.35,0.00409692145616294,0.409692145616294
"K0Z",1,"2014-2016",3.85,0.0382399682161303,3.82399682161303
"L0Z",1,"2014-2016",33.65,0.0805351458727234,8.05351458727234
"L1Z",1,"2014-2016",15.33,0.0510438517630606,5.10438517630606
"L2Z",1,"2014-2016",27.36,0.0775532186286459,7.75532186286459
"L3Z",1,"2014-2016",5.16,0.0332495650492944,3.32495650492944
"L4Z",1,"2014-2016",13.18,0.0324303043724318,3.24303043724318
"L5Z",1,"2014-2016",12.02,0.0183354689120752,1.83354689120752
"L6Z",1,"2014-2016",2.36,0.013775391081018,1.3775391081018
"M0Z",1,"2014-2016",1.34,0.0370780298837853,3.70780298837853
"M1Z",1,"2014-2016",2.1,0.0131037064769749,1.31037064769749
"M2Z",1,"2014-2016",0.69,0.00195517270692244,0.195517270692244
"N0Z",1,"2014-2016",5.14,0.0131129139241798,1.31129139241798
"P0Z",1,"2014-2016",37.41,0.0513704273316489,5.13704273316489
"P1Z",1,"2014-2016",8.68,0.0209116314927243,2.09116314927243
"P2Z",1,"2014-2016",5.78,0.0128673196794301,1.28673196794301
"P3Z",1,"2014-2016",1.14,0.0130479569646332,1.30479569646332
"P4Z",1,"2014-2016",1.84,0.00496277915632754,0.496277915632754
"Q0Z",1,"2014-2016",2.84,0.0108252334667429,1.08252334667429
"Q1Z",1,"2014-2016",2.79,0.0151244104732477,1.51244104732477
"Q2Z",1,"2014-2016",3.29,0.0133101383607088,1.33101383607088
"R0Z",1,"2014-2016",51.98,0.17062762605042,17.062762605042
"R1Z",1,"2014-2016",91.88,0.109378348134568,10.9378348134568
"R2Z",1,"2014-2016",17.31,0.0331640961777948,3.31640961777948
"R3Z",1,"2014-2016",23.31,0.0423664122137405,4.23664122137405
"R4Z",1,"2014-2016",5.11,0.0088130799213549,0.88130799213549
"S0Z",1,"2014-2016",3.83,0.0149574318519097,1.49574318519097
"S1Z",1,"2014-2016",35.76,0.100067159167226,10.0067159167226
"S2Z",1,"2014-2016",69.42,0.183476054551221,18.3476054551221
"S3Z",1,"2014-2016",3.64,0.0171698113207547,1.71698113207547
"T0Z",1,"2014-2016",20.29,0.0979861882455208,9.79861882455208
"T1Z",1,"2014-2016",52.95,0.285398587829462,28.5398587829462
"T2A",1,"2014-2016",157.17,0.289021699154101,28.9021699154101
"T2B",1,"2014-2016",72.97,0.163716317785107,16.3716317785107
"T2Z",1,"2014-2016",230.14,0.232579761700235,23.2579761700235
"T3Z",1,"2014-2016",15.54,0.0674508442206693,6.74508442206693
"T4Z",1,"2014-2016",249.73,0.194716692786913,19.4716692786913
"T6Z",1,"2014-2016",16.26,0.0979518072289157,9.79518072289157
"U0Z",1,"2014-2016",8.64,0.054989816700611,5.4989816700611
"U1Z",1,"2014-2016",60.15,0.152398084572703,15.2398084572703
"V0Z",1,"2014-2016",31.93,0.0513533943419592,5.13533943419592
"V1Z",1,"2014-2016",17.74,0.0291493452077753,2.91493452077753
"V2Z",1,"2014-2016",9.97,0.0263012108581528,2.63012108581528
"V3Z",1,"2014-2016",30.22,0.0706025278601967,7.06025278601967
"V4Z",1,"2014-2016",19.57,0.0609429496761335,6.09429496761335
"V5Z",1,"2014-2016",101.87,0.236664808103336,23.6664808103336
"W0Z",1,"2014-2016",27.1,0.0251882145180779,2.51882145180779
"W1Z",1,"2014-2016",31.86,0.210061317333685,21.0061317333685
"X0Z",1,"2014-2016",0.82,0.0224657534246575,2.24657534246575
"ZZZ",1,"2014-2016",6.6,0.0786463298379409,7.86463298379409
"A0Z",1,"2015-2017",15.32,0.0317190832108325,3.17190832108325
"A1Z",1,"2015-2017",22.78,0.0705678262755181,7.05678262755181
"A2Z",1,"2015-2017",1.67,0.0247297497408559,2.47297497408559
"A3Z",1,"2015-2017",1.5,0.0562851782363978,5.62851782363978
"B0Z",1,"2015-2017",9.88,0.0588410457983444,5.88410457983444
"B1Z",1,"2015-2017",2.32,0.025979843225084,2.5979843225084
"B2Z",1,"2015-2017",11.79,0.0344545427978608,3.44545427978608
"B3Z",1,"2015-2017",9.63,0.0784201954397394,7.84201954397394
"B4Z",1,"2015-2017",19.43,0.0382917504237121,3.82917504237121
"B5Z",1,"2015-2017",1.1,0.0157075539054691,1.57075539054691
"B6Z",1,"2015-2017",5.91,0.0214807545523934,2.14807545523934
"B7Z",1,"2015-2017",1.71,0.0105276118943545,1.05276118943545
"C0Z",1,"2015-2017",0.32,0.0134623474968448,1.34623474968448
"C1Z",1,"2015-2017",0.58,0.0129319955406912,1.29319955406912
"C2Z",1,"2015-2017",0.41,0.00349560917384261,0.349560917384261
"D0Z",1,"2015-2017",0.86,0.0189177298724153,1.89177298724153
"D1Z",1,"2015-2017",1.36,0.0123917995444191,1.23917995444191
"D2Z",1,"2015-2017",3.12,0.0228487733430978,2.28487733430978
"D3Z",1,"2015-2017",3.46,0.020498844718289,2.0498844718289
"D4Z",1,"2015-2017",1.42,0.0108828939301042,1.08828939301042
"D6Z",1,"2015-2017",1.62,0.00619431805146637,0.619431805146637
"E0Z",1,"2015-2017",7.26,0.0374458427893542,3.74458427893542
"E1Z",1,"2015-2017",8.05,0.0270306571303851,2.70306571303851
"E2Z",1,"2015-2017",1.3,0.00602186399851769,0.602186399851769
"ENS",1,"2015-2017",1648.1,0.0633054340269109,6.33054340269109
"F0Z",1,"2015-2017",1.62,0.0782608695652174,7.82608695652174
"F1Z",1,"2015-2017",2.77,0.0437115354268581,4.37115354268581
"F2Z",1,"2015-2017",0.07,0.00303292894280763,0.303292894280763
"F3Z",1,"2015-2017",1.64,0.0204897551224388,2.04897551224388
"F4Z",1,"2015-2017",1.27,0.0223788546255507,2.23788546255507
"F5Z",1,"2015-2017",0.52,0.0181754631247815,1.81754631247815
"G0A",1,"2015-2017",5.27,0.0264345906902087,2.64345906902087
"G0B",1,"2015-2017",4.38,0.024379383279528,2.4379383279528
"G1Z",1,"2015-2017",5.56,0.011558770945075,1.1558770945075
"H0Z",1,"2015-2017",0.99,0.00337538356631435,0.337538356631435
"J0Z",1,"2015-2017",22.15,0.05844327176781,5.844327176781
"J1Z",1,"2015-2017",10.14,0.0208123806982615,2.08123806982615
"J3Z",1,"2015-2017",47.19,0.0567228405894656,5.67228405894656
"J4Z",1,"2015-2017",1.07,0.00949676045087424,0.949676045087424
"J5Z",1,"2015-2017",8.37,0.0449251247920133,4.49251247920133
"J6Z",1,"2015-2017",0.4,0.00463821892393321,0.463821892393321
"K0Z",1,"2015-2017",5.13,0.0522669383596536,5.22669383596536
"L0Z",1,"2015-2017",34.9,0.0864589010553436,8.64589010553436
"L1Z",1,"2015-2017",13.73,0.047251953057783,4.7251953057783
"L2Z",1,"2015-2017",28.51,0.080341543143775,8.0341543143775
"L3Z",1,"2015-2017",4.51,0.0302035896062148,3.02035896062148
"L4Z",1,"2015-2017",11.77,0.0281646326872458,2.81646326872458
"L5Z",1,"2015-2017",11.27,0.0167426797201135,1.67426797201135
"L6Z",1,"2015-2017",2.1,0.0118329858567645,1.18329858567645
"M0Z",1,"2015-2017",1.11,0.0282155566853076,2.82155566853076
"M1Z",1,"2015-2017",2.19,0.0135982614095002,1.35982614095002
"M2Z",1,"2015-2017",0.9,0.00239916828832671,0.239916828832671
"N0Z",1,"2015-2017",5.06,0.0126648812354517,1.26648812354517
"P0Z",1,"2015-2017",34.84,0.0499906733818317,4.99906733818317
"P1Z",1,"2015-2017",8.02,0.0189392150380201,1.89392150380201
"P2Z",1,"2015-2017",5.54,0.0121185606474899,1.21185606474899
"P3Z",1,"2015-2017",1.19,0.0124411918452692,1.24411918452692
"P4Z",1,"2015-2017",1.79,0.00505264346402461,0.505264346402461
"Q0Z",1,"2015-2017",3.52,0.0137135733208664,1.37135733208664
"Q1Z",1,"2015-2017",2.67,0.0147530113824732,1.47530113824732
"Q2Z",1,"2015-2017",2.43,0.00956655249793315,0.956655249793315
"R0Z",1,"2015-2017",50.58,0.165629707249984,16.5629707249984
"R1Z",1,"2015-2017",91.69,0.108797285110826,10.8797285110826
"R2Z",1,"2015-2017",16.39,0.0308517647058824,3.08517647058824
"R3Z",1,"2015-2017",22.36,0.0403952811952378,4.03952811952378
"R4Z",1,"2015-2017",4.13,0.00680260903939913,0.680260903939913
"S0Z",1,"2015-2017",4.39,0.0172346105527638,1.72346105527638
"S1Z",1,"2015-2017",36.72,0.101997166745368,10.1997166745368
"S2Z",1,"2015-2017",71.05,0.176539283407047,17.6539283407047
"S3Z",1,"2015-2017",4.05,0.0194095658008243,1.94095658008243
"T0Z",1,"2015-2017",23.07,0.107402234636872,10.7402234636872
"T1Z",1,"2015-2017",50.76,0.294705062703205,29.4705062703205
"T2A",1,"2015-2017",157.15,0.281081757856517,28.1081757856517
"T2B",1,"2015-2017",66.4,0.154627171533697,15.4627171533697
"T2Z",1,"2015-2017",223.55,0.226148445640408,22.6148445640408
"T3Z",1,"2015-2017",14.89,0.0660867249567263,6.60867249567263
"T4Z",1,"2015-2017",246.51,0.191551856773201,19.1551856773201
"T6Z",1,"2015-2017",17.37,0.097196575457445,9.7196575457445
"U0Z",1,"2015-2017",10.55,0.0618369380458355,6.18369380458355
"U1Z",1,"2015-2017",60,0.147438260228529,14.7438260228529
"V0Z",1,"2015-2017",34.93,0.054641304007759,5.4641304007759
"V1Z",1,"2015-2017",16.61,0.0266938801748521,2.66938801748521
"V2Z",1,"2015-2017",9.54,0.0257942409084764,2.57942409084764
"V3Z",1,"2015-2017",28.21,0.0668578470872636,6.68578470872636
"V4Z",1,"2015-2017",17.64,0.0539317598141128,5.39317598141128
"V5Z",1,"2015-2017",101.31,0.233304163596168,23.3304163596168
"W0Z",1,"2015-2017",25.87,0.0239921355504651,2.39921355504651
"W1Z",1,"2015-2017",31.63,0.204857512953368,20.4857512953368
"X0Z",1,"2015-2017",1.35,0.0332266797932562,3.32266797932562
"ZZZ",1,"2015-2017",5.6,0.066492519591546,6.6492519591546
"A0Z",1,"2016-2018",16.49,0.0353233511128248,3.53233511128248
"A1Z",1,"2016-2018",22.53,0.0698821339950372,6.98821339950372
"A2Z",1,"2016-2018",1.45,0.0214243498817967,2.14243498817967
"A3Z",1,"2016-2018",1.54,0.0627035830618893,6.27035830618892
"B0Z",1,"2016-2018",9.11,0.0519265845873233,5.19265845873233
"B1Z",1,"2016-2018",2.39,0.0271868956887726,2.71868956887726
"B2Z",1,"2016-2018",11.27,0.0329031881349994,3.29031881349994
"B3Z",1,"2016-2018",7.76,0.0648233230306574,6.48233230306574
"B4Z",1,"2016-2018",19.94,0.0390337483360739,3.90337483360739
"B5Z",1,"2016-2018",1.06,0.0146672201466722,1.46672201466722
"B6Z",1,"2016-2018",5.98,0.0207020702070207,2.07020702070207
"B7Z",1,"2016-2018",2.03,0.0117769913558044,1.17769913558044
"C0Z",1,"2016-2018",0.35,0.0137147335423197,1.37147335423197
"C1Z",1,"2016-2018",0.56,0.0126211404101871,1.26211404101871
"C2Z",1,"2016-2018",0.42,0.00356294536817102,0.356294536817102
"D0Z",1,"2016-2018",0.75,0.0162725103059232,1.62725103059232
"D1Z",1,"2016-2018",1.43,0.0132077214371479,1.32077214371479
"D2Z",1,"2016-2018",2.69,0.0194729984074128,1.94729984074128
"D3Z",1,"2016-2018",2.94,0.0174667300380228,1.74667300380228
"D4Z",1,"2016-2018",1.23,0.00960787376972348,0.960787376972348
"D6Z",1,"2016-2018",1.66,0.00617950340617206,0.617950340617206
"E0Z",1,"2016-2018",7.2,0.0375763269140442,3.75763269140442
"E1Z",1,"2016-2018",7.29,0.0241999734431018,2.41999734431018
"E2Z",1,"2016-2018",1.4,0.0065454205432699,0.65454205432699
"ENS",1,"2016-2018",1591,0.0606256906603666,6.06256906603666
"F0Z",1,"2016-2018",0.66,0.0390763765541741,3.90763765541741
"F1Z",1,"2016-2018",3.23,0.0485203545140454,4.85203545140454
"F2Z",1,"2016-2018",0.07,0.00284668564457096,0.284668564457096
"F3Z",1,"2016-2018",1.27,0.0168950379140615,1.68950379140615
"F4Z",1,"2016-2018",1.21,0.0226168224299065,2.26168224299065
"F5Z",1,"2016-2018",0.48,0.0179171332586786,1.79171332586786
"G0A",1,"2016-2018",5.58,0.0279531109107304,2.79531109107304
"G0B",1,"2016-2018",4.56,0.0247583885329569,2.47583885329569
"G1Z",1,"2016-2018",4.75,0.00967709076092493,0.967709076092493
"H0Z",1,"2016-2018",1.17,0.00388239978762941,0.388239978762941
"J0Z",1,"2016-2018",21.38,0.0560287219266752,5.60287219266752
"J1Z",1,"2016-2018",9.22,0.0185849627091312,1.85849627091312
"J3Z",1,"2016-2018",45.8,0.0544033449742237,5.44033449742237
"J4Z",1,"2016-2018",1.66,0.0155299840957994,1.55299840957994
"J5Z",1,"2016-2018",7.48,0.0411486412146551,4.11486412146551
"J6Z",1,"2016-2018",0.34,0.00387596899224806,0.387596899224806
"K0Z",1,"2016-2018",6.17,0.0627798127798128,6.27798127798128
"L0Z",1,"2016-2018",32.53,0.0834937501604168,8.34937501604168
"L1Z",1,"2016-2018",11.61,0.0414007060585529,4.14007060585529
"L2Z",1,"2016-2018",26.86,0.0758928571428571,7.58928571428571
"L3Z",1,"2016-2018",3.8,0.0271816881258941,2.71816881258941
"L4Z",1,"2016-2018",10,0.0229694965086365,2.29694965086365
"L5Z",1,"2016-2018",9.66,0.014104042866946,1.4104042866946
"L6Z",1,"2016-2018",2.64,0.0145230498404665,1.45230498404665
"M0Z",1,"2016-2018",1.36,0.032037691401649,3.2037691401649
"M1Z",1,"2016-2018",1.99,0.0118353752825027,1.18353752825027
"M2Z",1,"2016-2018",1.08,0.00270778488153441,0.270778488153441
"N0Z",1,"2016-2018",4.38,0.0111877394636015,1.11877394636015
"P0Z",1,"2016-2018",30.61,0.0458123802681992,4.58123802681992
"P1Z",1,"2016-2018",7.6,0.0182630845388571,1.82630845388571
"P2Z",1,"2016-2018",6,0.0131256562828141,1.31256562828141
"P3Z",1,"2016-2018",0.82,0.00815271425730762,0.815271425730762
"P4Z",1,"2016-2018",1.91,0.00539624240711965,0.539624240711965
"Q0Z",1,"2016-2018",3.32,0.0138356392732122,1.38356392732122
"Q1Z",1,"2016-2018",2.68,0.0149486836233824,1.49486836233824
"Q2Z",1,"2016-2018",1.73,0.00656098300970874,0.656098300970874
"R0Z",1,"2016-2018",46.19,0.151229414268408,15.1229414268408
"R1Z",1,"2016-2018",89.8,0.105422570761085,10.5422570761085
"R2Z",1,"2016-2018",15.46,0.0288352140259256,2.88352140259256
"R3Z",1,"2016-2018",22.82,0.0402710620124943,4.02710620124943
"R4Z",1,"2016-2018",4.35,0.00698279183254141,0.698279183254142
"S0Z",1,"2016-2018",5.23,0.0212118754055808,2.12118754055808
"S1Z",1,"2016-2018",34.37,0.0925741374202063,9.25741374202063
"S2Z",1,"2016-2018",67.85,0.164636513636805,16.4636513636805
"S3Z",1,"2016-2018",4.22,0.0211338141025641,2.11338141025641
"T0Z",1,"2016-2018",24.81,0.111570805414399,11.1570805414399
"T1Z",1,"2016-2018",48.9,0.279764288574861,27.9764288574861
"T2A",1,"2016-2018",153.02,0.271977533681703,27.1977533681703
"T2B",1,"2016-2018",58.51,0.138181045273127,13.8181045273127
"T2Z",1,"2016-2018",211.53,0.214524765729585,21.4524765729585
"T3Z",1,"2016-2018",14.41,0.064986019662668,6.4986019662668
"T4Z",1,"2016-2018",237.11,0.184304824680725,18.4304824680725
"T6Z",1,"2016-2018",18.61,0.0968111116891224,9.68111116891224
"U0Z",1,"2016-2018",11.23,0.0608540153896174,6.08540153896174
"U1Z",1,"2016-2018",57.23,0.135340301754718,13.5340301754718
"V0Z",1,"2016-2018",45.26,0.0663218205530238,6.63218205530238
"V1Z",1,"2016-2018",15.99,0.0253030350982688,2.53030350982688
"V2Z",1,"2016-2018",8.95,0.0237873754152824,2.37873754152824
"V3Z",1,"2016-2018",28.56,0.0674412014735052,6.74412014735052
"V4Z",1,"2016-2018",15.59,0.0454095304672026,4.54095304672026
"V5Z",1,"2016-2018",93.45,0.216871663959155,21.6871663959155
"W0Z",1,"2016-2018",25.89,0.0241513446953796,2.41513446953796
"W1Z",1,"2016-2018",30.46,0.192894686846938,19.2894686846938
"X0Z",1,"2016-2018",1.59,0.0373239436619718,3.73239436619718
"ZZZ",1,"2016-2018",6.01,0.0629715004191115,6.29715004191115
"A0Z",1,"2017-2019",15.05,0.0336320364700887,3.36320364700887
"A1Z",1,"2017-2019",21.59,0.067325682923787,6.7325682923787
"A2Z",1,"2017-2019",1.26,0.0192542787286064,1.92542787286064
"A3Z",1,"2017-2019",1.63,0.0672719768881552,6.72719768881552
"B0Z",1,"2017-2019",8.53,0.047425775603247,4.7425775603247
"B1Z",1,"2017-2019",2.15,0.0235049743085165,2.35049743085165
"B2Z",1,"2017-2019",9.53,0.0272410244683284,2.72410244683284
"B3Z",1,"2017-2019",6.86,0.0575165590676616,5.75165590676616
"B4Z",1,"2017-2019",18.1,0.0354228232577255,3.54228232577255
"B5Z",1,"2017-2019",1.04,0.0142916036828363,1.42916036828363
"B6Z",1,"2017-2019",6.05,0.0200743247727122,2.00743247727122
"B7Z",1,"2017-2019",2.16,0.0113851992409867,1.13851992409867
"C0Z",1,"2017-2019",0.37,0.0129461161651505,1.29461161651505
"C1Z",1,"2017-2019",0.24,0.00498235416234171,0.498235416234171
"C2Z",1,"2017-2019",0.22,0.00177519567497781,0.177519567497781
"D0Z",1,"2017-2019",0.39,0.00903823870220162,0.903823870220162
"D1Z",1,"2017-2019",1.18,0.0113211167610093,1.13211167610093
"D2Z",1,"2017-2019",2.12,0.0145135893749572,1.45135893749572
"D3Z",1,"2017-2019",2.62,0.0161598717078887,1.61598717078887
"D4Z",1,"2017-2019",1.56,0.0127931769722815,1.27931769722815
"D6Z",1,"2017-2019",1.5,0.00560517170509323,0.560517170509323
"E0Z",1,"2017-2019",6.43,0.0337072761585238,3.37072761585238
"E1Z",1,"2017-2019",7.97,0.0262628925429202,2.62628925429202
"E2Z",1,"2017-2019",1.39,0.00629414961057779,0.629414961057779
"ENS",1,"2017-2019",1503.4,0.0568642580488986,5.68642580488986
"F0Z",1,"2017-2019",0.74,0.0423825887743414,4.23825887743414
"F1Z",1,"2017-2019",3.93,0.0568411917847845,5.68411917847845
"F2Z",1,"2017-2019",0.52,0.0196004523181304,1.96004523181304
"F3Z",1,"2017-2019",0.95,0.0120604290973721,1.20604290973721
"F4Z",1,"2017-2019",0.95,0.0190993164455167,1.90993164455167
"F5Z",1,"2017-2019",0.27,0.00984323733138899,0.984323733138899
"G0A",1,"2017-2019",5.33,0.0261261702857703,2.61261702857703
"G0B",1,"2017-2019",3.54,0.0197005954699761,1.97005954699761
"G1Z",1,"2017-2019",4.21,0.00859341511706232,0.859341511706232
"H0Z",1,"2017-2019",1.08,0.00343773873185638,0.343773873185638
"J0Z",1,"2017-2019",20.68,0.055054175651572,5.5054175651572
"J1Z",1,"2017-2019",9.42,0.018983897946434,1.8983897946434
"J3Z",1,"2017-2019",42.5,0.0510805028725271,5.10805028725271
"J4Z",1,"2017-2019",1.65,0.0157262676324819,1.57262676324819
"J5Z",1,"2017-2019",7.09,0.0395162189276558,3.95162189276558
"J6Z",1,"2017-2019",0.27,0.00279329608938547,0.279329608938547
"K0Z",1,"2017-2019",7.65,0.0742718446601942,7.42718446601942
"L0Z",1,"2017-2019",28,0.0734985300293994,7.34985300293994
"L1Z",1,"2017-2019",9.93,0.0349475610614486,3.49475610614486
"L2Z",1,"2017-2019",25.66,0.0733163804680134,7.33163804680134
"L3Z",1,"2017-2019",3.82,0.0279341864716636,2.79341864716636
"L4Z",1,"2017-2019",9.84,0.0217497016047036,2.17497016047036
"L5Z",1,"2017-2019",9.25,0.0135012844465203,1.35012844465203
"L6Z",1,"2017-2019",2.34,0.0127959752829879,1.27959752829879
"M0Z",1,"2017-2019",1.51,0.0345695970695971,3.45695970695971
"M1Z",1,"2017-2019",1.48,0.00842009444159982,0.842009444159982
"M2Z",1,"2017-2019",1.19,0.00272973344955728,0.272973344955728
"N0Z",1,"2017-2019",5.15,0.0131340695213078,1.31340695213078
"P0Z",1,"2017-2019",25.65,0.0392129884424876,3.92129884424876
"P1Z",1,"2017-2019",6.66,0.0166862926865933,1.66862926865933
"P2Z",1,"2017-2019",4.24,0.00911553510770951,0.911553510770951
"P3Z",1,"2017-2019",0.79,0.0077178585384916,0.77178585384916
"P4Z",1,"2017-2019",1.54,0.00438371762026758,0.438371762026758
"Q0Z",1,"2017-2019",2.62,0.0112901835732138,1.12901835732138
"Q1Z",1,"2017-2019",2.79,0.015635507733692,1.5635507733692
"Q2Z",1,"2017-2019",1,0.00351666901111267,0.351666901111267
"R0Z",1,"2017-2019",39.52,0.129484617148848,12.9484617148848
"R1Z",1,"2017-2019",85.95,0.0993102013934625,9.93102013934625
"R2Z",1,"2017-2019",17.06,0.0314998430547093,3.14998430547093
"R3Z",1,"2017-2019",20.42,0.0362018225011524,3.62018225011524
"R4Z",1,"2017-2019",3.27,0.00517560659058894,0.517560659058894
"S0Z",1,"2017-2019",5.65,0.0237235471951629,2.37235471951629
"S1Z",1,"2017-2019",31.09,0.0834787745348119,8.34787745348119
"S2Z",1,"2017-2019",61.15,0.147502231227537,14.7502231227537
"S3Z",1,"2017-2019",4.11,0.0204152592886946,2.04152592886946
"T0Z",1,"2017-2019",24,0.106039853311536,10.6039853311536
"T1Z",1,"2017-2019",43.72,0.261733716475096,26.1733716475096
"T2A",1,"2017-2019",148.7,0.266669057781285,26.6669057781285
"T2B",1,"2017-2019",52.18,0.123702053008392,12.3702053008392
"T2Z",1,"2017-2019",200.88,0.205098884044802,20.5098884044802
"T3Z",1,"2017-2019",12.92,0.0595035232349284,5.95035232349284
"T4Z",1,"2017-2019",214.99,0.168027886110872,16.8027886110872
"T6Z",1,"2017-2019",18.61,0.0937012235033483,9.37012235033483
"U0Z",1,"2017-2019",10.77,0.0527941176470588,5.27941176470588
"U1Z",1,"2017-2019",57.75,0.134236768090003,13.4236768090003
"V0Z",1,"2017-2019",61.01,0.0839259921590206,8.39259921590206
"V1Z",1,"2017-2019",16.93,0.0263084286424664,2.63084286424664
"V2Z",1,"2017-2019",8.81,0.0227525115570362,2.27525115570362
"V3Z",1,"2017-2019",28.74,0.0666558434028341,6.66558434028341
"V4Z",1,"2017-2019",16.13,0.0448703683097808,4.48703683097808
"V5Z",1,"2017-2019",87.48,0.208236134253749,20.8236134253749
"W0Z",1,"2017-2019",25.09,0.023621009423926,2.3621009423926
"W1Z",1,"2017-2019",25.72,0.162342990595216,16.2342990595216
"X0Z",1,"2017-2019",1.1,0.0263473053892216,2.63473053892216
"ZZZ",1,"2017-2019",6.32,0.060242112286722,6.0242112286722
