"Fap3","rep_tps_partiel","annee","effectif","pourcentage","part"
"A0Z",1,"2003-2005",91.89,0.135495001327081,13.5495001327081
"A1Z",1,"2003-2005",51.67,0.159254122360918,15.9254122360918
"A2Z",1,"2003-2005",3.8,0.0736576855979841,7.36576855979841
"A3Z",1,"2003-2005",1,0.0362450163102573,3.62450163102573
"B0Z",1,"2003-2005",9.99,0.0545931471665118,5.45931471665118
"B1Z",1,"2003-2005",1.2,0.011171104077453,1.1171104077453
"B2Z",1,"2003-2005",7.47,0.020232388071829,2.0232388071829
"B3Z",1,"2003-2005",16.55,0.109313077939234,10.9313077939234
"B4Z",1,"2003-2005",10.09,0.0191930912480265,1.91930912480265
"B5Z",1,"2003-2005",0.66,0.00913747750242282,0.913747750242282
"B6Z",1,"2003-2005",7.89,0.0314442850310856,3.14442850310856
"B7Z",1,"2003-2005",5.78,0.0567612687813022,5.67612687813022
"C0Z",1,"2003-2005",2.39,0.0548290892406515,5.48290892406515
"C1Z",1,"2003-2005",2.89,0.0434455802766085,4.34455802766085
"C2Z",1,"2003-2005",2.78,0.0202137715407547,2.02137715407547
"D0Z",1,"2003-2005",1.35,0.0247570144874381,2.47570144874381
"D1Z",1,"2003-2005",1.56,0.0110992529348986,1.10992529348986
"D2Z",1,"2003-2005",2.27,0.0139838600381938,1.39838600381938
"D3Z",1,"2003-2005",15.07,0.0670492970279409,6.70492970279409
"D4Z",1,"2003-2005",4.28,0.0244375927829165,2.44375927829165
"D6Z",1,"2003-2005",4.41,0.0185418768920283,1.85418768920283
"E0Z",1,"2003-2005",12.45,0.0482895043053293,4.82895043053293
"E1Z",1,"2003-2005",20.06,0.0596633156861579,5.96633156861579
"E2Z",1,"2003-2005",8.76,0.0400567012666331,4.00567012666331
"ENS",1,"2003-2005",4226.1,0.170173269818516,17.0173269818516
"F0Z",1,"2003-2005",4,0.0915960613693611,9.15960613693611
"F1Z",1,"2003-2005",12.22,0.124123920771965,12.4123920771965
"F2Z",1,"2003-2005",2.04,0.0604265402843602,6.04265402843602
"F3Z",1,"2003-2005",1.4,0.0173203018681183,1.73203018681183
"F4Z",1,"2003-2005",7.07,0.0750212224108659,7.50212224108659
"F5Z",1,"2003-2005",0.85,0.0191355245384962,1.91355245384962
"G0A",1,"2003-2005",10.88,0.0420808354283504,4.20808354283504
"G0B",1,"2003-2005",4.15,0.0191562038404727,1.91562038404727
"G1Z",1,"2003-2005",10.65,0.0276767151767152,2.76767151767152
"H0Z",1,"2003-2005",9.1,0.0425174041022287,4.25174041022287
"J0Z",1,"2003-2005",41.58,0.10410094637224,10.410094637224
"J1Z",1,"2003-2005",17.53,0.0382300344571902,3.82300344571902
"J3Z",1,"2003-2005",64.04,0.0871268809012,8.71268809012
"J4Z",1,"2003-2005",4.48,0.0477968633308439,4.77968633308439
"J5Z",1,"2003-2005",21.08,0.121927236971485,12.1927236971485
"J6Z",1,"2003-2005",3.35,0.0531240088804313,5.31240088804313
"K0Z",1,"2003-2005",17.56,0.137866059511659,13.7866059511659
"L0Z",1,"2003-2005",160.59,0.30846506982194,30.846506982194
"L1Z",1,"2003-2005",104.59,0.268117613883975,26.8117613883975
"L2Z",1,"2003-2005",99.6,0.229545978336022,22.9545978336022
"L3Z",1,"2003-2005",29.19,0.183504117684038,18.3504117684038
"L4Z",1,"2003-2005",48.22,0.160471230323804,16.0471230323804
"L5Z",1,"2003-2005",46.19,0.0885205059409736,8.85205059409736
"L6Z",1,"2003-2005",5.96,0.0402974983096687,4.02974983096687
"M0Z",1,"2003-2005",6.2,0.16120644825793,16.120644825793
"M1Z",1,"2003-2005",11.61,0.0680938416422287,6.80938416422287
"M2Z",1,"2003-2005",11.04,0.037831539990405,3.7831539990405
"N0Z",1,"2003-2005",11.72,0.0427549978111776,4.27549978111776
"P0Z",1,"2003-2005",223.84,0.247058563828613,24.7058563828613
"P1Z",1,"2003-2005",75.92,0.187609657251588,18.7609657251588
"P2Z",1,"2003-2005",34.84,0.0898053872921768,8.98053872921768
"P3Z",1,"2003-2005",3.03,0.0536663124335813,5.36663124335813
"P4Z",1,"2003-2005",3.07,0.0072816109674818,0.72816109674818
"Q0Z",1,"2003-2005",53.98,0.182549881636794,18.2549881636794
"Q1Z",1,"2003-2005",22.93,0.126636107582703,12.6636107582703
"Q2Z",1,"2003-2005",9.49,0.0454001817920873,4.54001817920873
"R0Z",1,"2003-2005",150.68,0.472025562308126,47.2025562308126
"R1Z",1,"2003-2005",243.49,0.31274805728598,31.274805728598
"R2Z",1,"2003-2005",55.69,0.112282753336828,11.2282753336828
"R3Z",1,"2003-2005",46.07,0.084967079175965,8.4967079175965
"R4Z",1,"2003-2005",16.6,0.0367981201924143,3.67981201924143
"S0Z",1,"2003-2005",8.98,0.0355404282265405,3.55404282265406
"S1Z",1,"2003-2005",66.61,0.215859744636723,21.5859744636723
"S2Z",1,"2003-2005",112.27,0.341173610478014,34.1173610478014
"S3Z",1,"2003-2005",10.91,0.0527027679822231,5.27027679822231
"T0Z",1,"2003-2005",39.53,0.197304716745695,19.7304716745695
"T1Z",1,"2003-2005",211.48,0.812853134488988,81.2853134488988
"T2A",1,"2003-2005",275.6,0.707828230943086,70.7828230943086
"T2B",1,"2003-2005",122.21,0.295929486403371,29.5929486403371
"T2Z",1,"2003-2005",397.81,0.495818428826044,49.5818428826044
"T3Z",1,"2003-2005",27.71,0.141060883730401,14.1060883730401
"T4Z",1,"2003-2005",463.09,0.383095771874819,38.3095771874819
"T6Z",1,"2003-2005",18.42,0.181692641546656,18.1692641546656
"U0Z",1,"2003-2005",23.9,0.158141996956263,15.8141996956263
"U1Z",1,"2003-2005",91.88,0.304742951907131,30.4742951907131
"V0Z",1,"2003-2005",114.58,0.244359138409042,24.4359138409042
"V1Z",1,"2003-2005",105.99,0.230192859004431,23.0192859004431
"V2Z",1,"2003-2005",71.46,0.220046189376443,22.0046189376443
"V3Z",1,"2003-2005",78.03,0.243250826111354,24.3250826111354
"V4Z",1,"2003-2005",56.16,0.20823908932478,20.823908932478
"V5Z",1,"2003-2005",115.14,0.385032102728732,38.5032102728732
"W0Z",1,"2003-2005",148.36,0.135627308297071,13.5627308297071
"W1Z",1,"2003-2005",38.51,0.332125916343251,33.2125916343251
"X0Z",1,"2003-2005",3.39,0.226150767178119,22.6150767178119
"ZZZ",1,"2003-2005",29.1,0.994531784005468,99.4531784005468
"A0Z",1,"2004-2006",89.28,0.136299100804543,13.6299100804543
"A1Z",1,"2004-2006",51.5,0.163554369918699,16.3554369918699
"A2Z",1,"2004-2006",3.3,0.05859375,5.859375
"A3Z",1,"2004-2006",1.36,0.0491684743311641,4.91684743311641
"B0Z",1,"2004-2006",12.82,0.0641160290072518,6.41160290072518
"B1Z",1,"2004-2006",1.35,0.012807134048003,1.2807134048003
"B2Z",1,"2004-2006",7.45,0.0202687996517575,2.02687996517575
"B3Z",1,"2004-2006",18.96,0.116283348666053,11.6283348666053
"B4Z",1,"2004-2006",10.64,0.0195021811649987,1.95021811649987
"B5Z",1,"2004-2006",0.35,0.00492333661555774,0.492333661555774
"B6Z",1,"2004-2006",8.63,0.0346461118471235,3.46461118471235
"B7Z",1,"2004-2006",5.03,0.0512272125471026,5.12272125471026
"C0Z",1,"2004-2006",2.05,0.0451442413565294,4.51442413565294
"C1Z",1,"2004-2006",3.2,0.0480120030007502,4.80120030007502
"C2Z",1,"2004-2006",2.67,0.0206512491298631,2.06512491298631
"D0Z",1,"2004-2006",1.84,0.0331830477908025,3.31830477908025
"D1Z",1,"2004-2006",2.13,0.0151850003564554,1.51850003564554
"D2Z",1,"2004-2006",2.52,0.0163159598575591,1.63159598575591
"D3Z",1,"2004-2006",13.87,0.0647676862012608,6.47676862012608
"D4Z",1,"2004-2006",3.36,0.0192351728875658,1.92351728875658
"D6Z",1,"2004-2006",5.13,0.020944759727269,2.0944759727269
"E0Z",1,"2004-2006",12.37,0.0492946521080736,4.92946521080736
"E1Z",1,"2004-2006",18.19,0.0559847342340956,5.59847342340956
"E2Z",1,"2004-2006",9.1,0.0421882243857209,4.21882243857209
"ENS",1,"2004-2006",4287.8,0.171636951700838,17.1636951700838
"F0Z",1,"2004-2006",3.57,0.0925349922239502,9.25349922239502
"F1Z",1,"2004-2006",9.35,0.104271216683395,10.4271216683395
"F2Z",1,"2004-2006",1.47,0.0399239543726236,3.99239543726236
"F3Z",1,"2004-2006",1.72,0.0218052738336714,2.18052738336714
"F4Z",1,"2004-2006",7.55,0.0840476455527107,8.40476455527107
"F5Z",1,"2004-2006",0.89,0.0218565815324165,2.18565815324165
"G0A",1,"2004-2006",11.04,0.0429121156761379,4.29121156761379
"G0B",1,"2004-2006",4.87,0.0220322113644589,2.20322113644589
"G1Z",1,"2004-2006",11.55,0.0299937675288252,2.99937675288252
"H0Z",1,"2004-2006",9.33,0.0417169684775319,4.17169684775319
"J0Z",1,"2004-2006",40.16,0.10237846381319,10.237846381319
"J1Z",1,"2004-2006",16.32,0.036115782951226,3.6115782951226
"J3Z",1,"2004-2006",66.27,0.0890450532765408,8.90450532765408
"J4Z",1,"2004-2006",3.76,0.0380451279975716,3.80451279975716
"J5Z",1,"2004-2006",22.8,0.138509203572079,13.8509203572079
"J6Z",1,"2004-2006",3.57,0.0568019093078759,5.68019093078759
"K0Z",1,"2004-2006",19.68,0.16015625,16.015625
"L0Z",1,"2004-2006",160.12,0.323566261164774,32.3566261164774
"L1Z",1,"2004-2006",99.53,0.267827350519348,26.7827350519348
"L2Z",1,"2004-2006",96.15,0.226908009628546,22.6908009628546
"L3Z",1,"2004-2006",29.34,0.17942759295499,17.942759295499
"L4Z",1,"2004-2006",49.92,0.161261144850756,16.1261144850756
"L5Z",1,"2004-2006",47.13,0.0900355328009781,9.00355328009781
"L6Z",1,"2004-2006",5.29,0.0349013657056146,3.49013657056146
"M0Z",1,"2004-2006",4.96,0.134308150555104,13.4308150555104
"M1Z",1,"2004-2006",11.23,0.0696390921493241,6.96390921493241
"M2Z",1,"2004-2006",13.67,0.0428003381445881,4.28003381445881
"N0Z",1,"2004-2006",10.87,0.0378785238875144,3.78785238875144
"P0Z",1,"2004-2006",215.21,0.239199297551433,23.9199297551433
"P1Z",1,"2004-2006",74.22,0.183526619025247,18.3526619025247
"P2Z",1,"2004-2006",33.5,0.0848230110902922,8.48230110902922
"P3Z",1,"2004-2006",4.25,0.0666666666666667,6.66666666666667
"P4Z",1,"2004-2006",3.03,0.00714605787599349,0.714605787599349
"Q0Z",1,"2004-2006",54.41,0.181869839890363,18.1869839890363
"Q1Z",1,"2004-2006",25.26,0.136011199655395,13.6011199655395
"Q2Z",1,"2004-2006",12.97,0.0569359086918349,5.69359086918349
"R0Z",1,"2004-2006",154.6,0.475706944829072,47.5706944829072
"R1Z",1,"2004-2006",245.86,0.311680738317994,31.1680738317994
"R2Z",1,"2004-2006",52.84,0.107540449781215,10.7540449781215
"R3Z",1,"2004-2006",46.29,0.084713504016983,8.4713504016983
"R4Z",1,"2004-2006",20.82,0.0443497710086271,4.43497710086271
"S0Z",1,"2004-2006",10.77,0.0425607587433314,4.25607587433313
"S1Z",1,"2004-2006",69.62,0.219254873555255,21.9254873555255
"S2Z",1,"2004-2006",121.81,0.355245122342442,35.5245122342442
"S3Z",1,"2004-2006",10.09,0.04754052016585,4.754052016585
"T0Z",1,"2004-2006",40.34,0.197242323489145,19.7242323489145
"T1Z",1,"2004-2006",205.18,0.806239930842076,80.6239930842076
"T2A",1,"2004-2006",296.87,0.707288018488076,70.7288018488076
"T2B",1,"2004-2006",126.99,0.302537224538416,30.2537224538416
"T2Z",1,"2004-2006",423.87,0.504919712202792,50.4919712202792
"T3Z",1,"2004-2006",26.09,0.132443271232042,13.2443271232042
"T4Z",1,"2004-2006",456.65,0.372395514780836,37.2395514780836
"T6Z",1,"2004-2006",17.78,0.172537603105289,17.2537603105289
"U0Z",1,"2004-2006",27.57,0.176436708050685,17.6436708050685
"U1Z",1,"2004-2006",94.25,0.2933578187251,29.33578187251
"V0Z",1,"2004-2006",125.21,0.261688298116914,26.1688298116914
"V1Z",1,"2004-2006",111.87,0.240710059171598,24.0710059171598
"V2Z",1,"2004-2006",70.51,0.221555380989788,22.1555380989788
"V3Z",1,"2004-2006",85.35,0.25379880460317,25.379880460317
"V4Z",1,"2004-2006",61.97,0.215353072004448,21.5353072004448
"V5Z",1,"2004-2006",123.69,0.415345869711216,41.5345869711216
"W0Z",1,"2004-2006",147.07,0.135950600393792,13.5950600393792
"W1Z",1,"2004-2006",42.17,0.358405575386707,35.8405575386708
"X0Z",1,"2004-2006",3.83,0.209748083242059,20.9748083242059
"ZZZ",1,"2004-2006",19.62,0.991409802930773,99.1409802930773
"A0Z",1,"2005-2007",83.49,0.1342175066313,13.42175066313
"A1Z",1,"2005-2007",50.82,0.16154873164219,16.154873164219
"A2Z",1,"2005-2007",3.15,0.055253464304508,5.5253464304508
"A3Z",1,"2005-2007",1.37,0.0505721668512366,5.05721668512366
"B0Z",1,"2005-2007",13.49,0.0639124461079263,6.39124461079263
"B1Z",1,"2005-2007",1.76,0.0167810831426392,1.67810831426392
"B2Z",1,"2005-2007",8.16,0.0222161720664307,2.22161720664307
"B3Z",1,"2005-2007",20.55,0.127544687189672,12.7544687189672
"B4Z",1,"2005-2007",12.64,0.0224535474473301,2.24535474473301
"B5Z",1,"2005-2007",0.36,0.00496757278874017,0.496757278874017
"B6Z",1,"2005-2007",8.69,0.0347558293004839,3.47558293004839
"B7Z",1,"2005-2007",5.41,0.0527753389913179,5.27753389913179
"C0Z",1,"2005-2007",3.11,0.0644960597262547,6.44960597262547
"C1Z",1,"2005-2007",3.17,0.0444039781482,4.44039781482
"C2Z",1,"2005-2007",1.84,0.0150906257688838,1.50906257688838
"D0Z",1,"2005-2007",2.26,0.0388984509466437,3.88984509466437
"D1Z",1,"2005-2007",2.1,0.0150107219442459,1.50107219442459
"D2Z",1,"2005-2007",3.39,0.0216890595009597,2.16890595009597
"D3Z",1,"2005-2007",13.39,0.0651866997711893,6.51866997711893
"D4Z",1,"2005-2007",2.34,0.0136666277304053,1.36666277304053
"D6Z",1,"2005-2007",4.81,0.0188250949082228,1.88250949082228
"E0Z",1,"2005-2007",13.82,0.0565651604453176,5.65651604453176
"E1Z",1,"2005-2007",14.24,0.0445306147976734,4.45306147976734
"E2Z",1,"2005-2007",10.16,0.0486636651020213,4.86636651020213
"ENS",1,"2005-2007",4358.5,0.172671988590218,17.2671988590218
"F0Z",1,"2005-2007",2.72,0.0760626398210291,7.60626398210291
"F1Z",1,"2005-2007",8.33,0.105203334175297,10.5203334175297
"F2Z",1,"2005-2007",0.8,0.0224719101123596,2.24719101123596
"F3Z",1,"2005-2007",2.05,0.0280016391203388,2.80016391203388
"F4Z",1,"2005-2007",6.4,0.0737327188940092,7.37327188940092
"F5Z",1,"2005-2007",0.98,0.0233667143538388,2.33667143538388
"G0A",1,"2005-2007",11.35,0.0438749081912714,4.38749081912714
"G0B",1,"2005-2007",5.41,0.0241022899403012,2.41022899403012
"G1Z",1,"2005-2007",13.31,0.0346985062175761,3.46985062175761
"H0Z",1,"2005-2007",8.91,0.0403953393480528,4.03953393480528
"J0Z",1,"2005-2007",39.21,0.102665479681609,10.2665479681609
"J1Z",1,"2005-2007",15.36,0.0342964319206895,3.42964319206895
"J3Z",1,"2005-2007",68.01,0.0891969520112267,8.91969520112267
"J4Z",1,"2005-2007",3.91,0.0419392899281347,4.19392899281347
"J5Z",1,"2005-2007",25.24,0.148654219918723,14.8654219918723
"J6Z",1,"2005-2007",3.54,0.0529543754674645,5.29543754674645
"K0Z",1,"2005-2007",18.41,0.162417291574768,16.2417291574768
"L0Z",1,"2005-2007",161,0.328397177008118,32.8397177008118
"L1Z",1,"2005-2007",93.3,0.257912923289565,25.7912923289565
"L2Z",1,"2005-2007",98.23,0.232993358633776,23.2993358633776
"L3Z",1,"2005-2007",29.15,0.175984061820816,17.5984061820816
"L4Z",1,"2005-2007",49.02,0.153768938799837,15.3768938799837
"L5Z",1,"2005-2007",47.06,0.0888410639784033,8.88410639784033
"L6Z",1,"2005-2007",6.2,0.0399613277473413,3.99613277473413
"M0Z",1,"2005-2007",3.36,0.100568692008381,10.0568692008381
"M1Z",1,"2005-2007",10.05,0.0676904425136391,6.76904425136391
"M2Z",1,"2005-2007",14.24,0.0430120518319389,4.30120518319389
"N0Z",1,"2005-2007",11.12,0.0366138750781996,3.66138750781996
"P0Z",1,"2005-2007",215.47,0.235811062227767,23.5811062227767
"P1Z",1,"2005-2007",76.56,0.185888408682562,18.5888408682562
"P2Z",1,"2005-2007",36.17,0.0879363998833025,8.79363998833025
"P3Z",1,"2005-2007",4.16,0.0631738800303721,6.31738800303721
"P4Z",1,"2005-2007",4.8,0.0109872502117335,1.09872502117335
"Q0Z",1,"2005-2007",56.92,0.186714777759554,18.6714777759554
"Q1Z",1,"2005-2007",27.07,0.142308905477868,14.2308905477868
"Q2Z",1,"2005-2007",14.37,0.0576691548278353,5.76691548278353
"R0Z",1,"2005-2007",159.28,0.48672268907563,48.672268907563
"R1Z",1,"2005-2007",248.77,0.304328146408299,30.4328146408299
"R2Z",1,"2005-2007",50.36,0.103691807194185,10.3691807194185
"R3Z",1,"2005-2007",48.97,0.0865744996817764,8.65744996817764
"R4Z",1,"2005-2007",21.32,0.0436098838160694,4.36098838160694
"S0Z",1,"2005-2007",15.12,0.0567610180944515,5.67610180944515
"S1Z",1,"2005-2007",74.65,0.227598402390317,22.7598402390317
"S2Z",1,"2005-2007",125.64,0.359752605658,35.9752605658
"S3Z",1,"2005-2007",9.24,0.0437127448197559,4.37127448197559
"T0Z",1,"2005-2007",42.1,0.200868362040174,20.0868362040174
"T1Z",1,"2005-2007",194.47,0.79762930150527,79.762930150527
"T2A",1,"2005-2007",310.17,0.697638326585695,69.7638326585695
"T2B",1,"2005-2007",135.11,0.325935396714351,32.5935396714351
"T2Z",1,"2005-2007",445.27,0.518286153273117,51.8286153273117
"T3Z",1,"2005-2007",26.59,0.13365838946416,13.365838946416
"T4Z",1,"2005-2007",465.92,0.371458183847564,37.1458183847564
"T6Z",1,"2005-2007",18.64,0.165365507452094,16.5365507452094
"U0Z",1,"2005-2007",25.9,0.163913676349598,16.3913676349598
"U1Z",1,"2005-2007",93.62,0.281513110416166,28.1513110416166
"V0Z",1,"2005-2007",124.48,0.258874909015285,25.8874909015285
"V1Z",1,"2005-2007",116.83,0.246497594733733,24.6497594733733
"V2Z",1,"2005-2007",71.78,0.218995027000641,21.8995027000641
"V3Z",1,"2005-2007",89.5,0.254615800403971,25.4615800403971
"V4Z",1,"2005-2007",68.57,0.231366197658332,23.1366197658332
"V5Z",1,"2005-2007",135.55,0.455094846399194,45.5094846399194
"W0Z",1,"2005-2007",138.26,0.129727802433921,12.9727802433921
"W1Z",1,"2005-2007",46.22,0.37672181921917,37.672181921917
"X0Z",1,"2005-2007",4.85,0.211421098517873,21.1421098517873
"ZZZ",1,"2005-2007",19.9,0.992518703241895,99.2518703241895
"A0Z",1,"2006-2008",79.35,0.137899273574085,13.7899273574085
"A1Z",1,"2006-2008",51.05,0.163422754337666,16.3422754337666
"A2Z",1,"2006-2008",4.16,0.0717736369910283,7.17736369910283
"A3Z",1,"2006-2008",2.47,0.0903107861060329,9.03107861060329
"B0Z",1,"2006-2008",13.76,0.0625596726528757,6.25596726528757
"B1Z",1,"2006-2008",1.89,0.0175048624617949,1.75048624617949
"B2Z",1,"2006-2008",8.75,0.0225812279026556,2.25812279026556
"B3Z",1,"2006-2008",18.31,0.119439008480104,11.9439008480104
"B4Z",1,"2006-2008",14.1,0.0245204598020973,2.45204598020973
"B5Z",1,"2006-2008",0.56,0.00720999098751127,0.720999098751127
"B6Z",1,"2006-2008",8.89,0.034075664072981,3.4075664072981
"B7Z",1,"2006-2008",5.04,0.0467792834601819,4.67792834601819
"C0Z",1,"2006-2008",4.22,0.0913419913419913,9.13419913419913
"C1Z",1,"2006-2008",3.39,0.0437362920913431,4.37362920913431
"C2Z",1,"2006-2008",2.12,0.0164417558554366,1.64417558554366
"D0Z",1,"2006-2008",1.94,0.0337920222957673,3.37920222957673
"D1Z",1,"2006-2008",2.49,0.0177742879577415,1.77742879577415
"D2Z",1,"2006-2008",3.51,0.0209840377832247,2.09840377832247
"D3Z",1,"2006-2008",12.19,0.0626059267628781,6.26059267628781
"D4Z",1,"2006-2008",2.48,0.0150348590481964,1.50348590481964
"D6Z",1,"2006-2008",4.46,0.0170437175175787,1.70437175175787
"E0Z",1,"2006-2008",13.69,0.0560904658499611,5.60904658499611
"E1Z",1,"2006-2008",11.96,0.0381328912128555,3.81328912128555
"E2Z",1,"2006-2008",10.08,0.0493972361070273,4.93972361070273
"ENS",1,"2006-2008",4390.3,0.171796065786745,17.1796065786745
"F0Z",1,"2006-2008",2.31,0.0686886708296164,6.86886708296164
"F1Z",1,"2006-2008",6.81,0.0904382470119522,9.04382470119522
"F2Z",1,"2006-2008",1.64,0.0506955177743431,5.06955177743431
"F3Z",1,"2006-2008",2.4,0.0339270568278202,3.39270568278202
"F4Z",1,"2006-2008",5.6,0.0639196438762698,6.39196438762698
"F5Z",1,"2006-2008",1.03,0.024093567251462,2.4093567251462
"G0A",1,"2006-2008",10.87,0.0421366825599876,4.21366825599876
"G0B",1,"2006-2008",5.46,0.0248917255527695,2.48917255527695
"G1Z",1,"2006-2008",14.84,0.037956876486687,3.7956876486687
"H0Z",1,"2006-2008",10.37,0.0462471569370735,4.62471569370735
"J0Z",1,"2006-2008",36.35,0.0998297264638031,9.98297264638031
"J1Z",1,"2006-2008",17.47,0.0383509318815446,3.83509318815446
"J3Z",1,"2006-2008",69.69,0.0897835609379026,8.97835609379026
"J4Z",1,"2006-2008",4.32,0.0458404074702886,4.58404074702886
"J5Z",1,"2006-2008",25.66,0.144425057691225,14.4425057691225
"J6Z",1,"2006-2008",2.73,0.0374845530687903,3.74845530687903
"K0Z",1,"2006-2008",18.41,0.162891523624137,16.2891523624137
"L0Z",1,"2006-2008",157.71,0.325336248865418,32.5336248865418
"L1Z",1,"2006-2008",83.38,0.232088181261482,23.2088181261482
"L2Z",1,"2006-2008",103.41,0.244954519613417,24.4954519613417
"L3Z",1,"2006-2008",30.01,0.183334351518114,18.3334351518114
"L4Z",1,"2006-2008",49.57,0.148067387538085,14.8067387538085
"L5Z",1,"2006-2008",47.16,0.0863246142300159,8.63246142300159
"L6Z",1,"2006-2008",6.61,0.0394697557771541,3.94697557771541
"M0Z",1,"2006-2008",2.92,0.0918527838943064,9.18527838943064
"M1Z",1,"2006-2008",10.34,0.0679146141215107,6.79146141215107
"M2Z",1,"2006-2008",13.65,0.0424783718180121,4.24783718180121
"N0Z",1,"2006-2008",13.59,0.0408427000060107,4.08427000060107
"P0Z",1,"2006-2008",217.24,0.233865498272168,23.3865498272169
"P1Z",1,"2006-2008",75.73,0.181380532669094,18.1380532669094
"P2Z",1,"2006-2008",34.1,0.0833170445660672,8.33170445660672
"P3Z",1,"2006-2008",4.46,0.0618156618156618,6.18156618156618
"P4Z",1,"2006-2008",6.04,0.0139228251348486,1.39228251348486
"Q0Z",1,"2006-2008",56.78,0.186218884260929,18.6218884260929
"Q1Z",1,"2006-2008",26.19,0.132072617246596,13.2072617246596
"Q2Z",1,"2006-2008",14.05,0.05477369303341,5.477369303341
"R0Z",1,"2006-2008",156.17,0.480774559000092,48.0774559000092
"R1Z",1,"2006-2008",250.62,0.300543237117605,30.0543237117605
"R2Z",1,"2006-2008",52.45,0.103366047849907,10.3366047849907
"R3Z",1,"2006-2008",49.03,0.0875848517327617,8.75848517327617
"R4Z",1,"2006-2008",20.32,0.0396016448714701,3.96016448714701
"S0Z",1,"2006-2008",16.49,0.0633986928104575,6.33986928104575
"S1Z",1,"2006-2008",72.49,0.22174977057204,22.174977057204
"S2Z",1,"2006-2008",133.1,0.375999322014746,37.5999322014746
"S3Z",1,"2006-2008",8.5,0.0406309751434034,4.06309751434034
"T0Z",1,"2006-2008",43.68,0.208247914183552,20.8247914183552
"T1Z",1,"2006-2008",192.12,0.789772260133191,78.9772260133191
"T2A",1,"2006-2008",324.49,0.681830598222353,68.1830598222353
"T2B",1,"2006-2008",140.45,0.338498987756676,33.8498987756676
"T2Z",1,"2006-2008",464.94,0.521917762087042,52.1917762087042
"T3Z",1,"2006-2008",30.36,0.146532168540953,14.6532168540953
"T4Z",1,"2006-2008",471.3,0.370626675998522,37.0626675998522
"T6Z",1,"2006-2008",21.13,0.167725035719956,16.7725035719956
"U0Z",1,"2006-2008",26.9,0.17114136658608,17.114136658608
"U1Z",1,"2006-2008",91.81,0.268623090877172,26.8623090877172
"V0Z",1,"2006-2008",120.8,0.241561350183971,24.1561350183971
"V1Z",1,"2006-2008",114.49,0.234461714894227,23.4461714894227
"V2Z",1,"2006-2008",73.86,0.212877565137192,21.2877565137192
"V3Z",1,"2006-2008",89.75,0.253402224857417,25.3402224857417
"V4Z",1,"2006-2008",69.31,0.233587220275007,23.3587220275007
"V5Z",1,"2006-2008",144.9,0.472541090529611,47.2541090529611
"W0Z",1,"2006-2008",134.61,0.127265507558783,12.7265507558783
"W1Z",1,"2006-2008",47.95,0.357515657620042,35.7515657620042
"X0Z",1,"2006-2008",5.26,0.207249802994484,20.7249802994484
"ZZZ",1,"2006-2008",18.19,0.995621237000547,99.5621237000547
"A0Z",1,"2007-2009",76.53,0.142275515895148,14.2275515895148
"A1Z",1,"2007-2009",52.98,0.166483361091035,16.6483361091035
"A2Z",1,"2007-2009",5.55,0.0939404197698037,9.39404197698037
"A3Z",1,"2007-2009",3.45,0.121350685895181,12.1350685895181
"B0Z",1,"2007-2009",12.16,0.0554314628253635,5.54314628253635
"B1Z",1,"2007-2009",1.51,0.013458110516934,1.3458110516934
"B2Z",1,"2007-2009",8.49,0.0215712180496976,2.15712180496976
"B3Z",1,"2007-2009",14.44,0.103039817325532,10.3039817325532
"B4Z",1,"2007-2009",15.37,0.0276086292683803,2.76086292683803
"B5Z",1,"2007-2009",0.83,0.0100801554529998,1.00801554529998
"B6Z",1,"2007-2009",8.3,0.0306748466257669,3.06748466257669
"B7Z",1,"2007-2009",5.54,0.0450589670597804,4.50589670597804
"C0Z",1,"2007-2009",4.84,0.112584321935334,11.2584321935334
"C1Z",1,"2007-2009",3.73,0.0496869588384175,4.96869588384175
"C2Z",1,"2007-2009",3,0.0218150087260035,2.18150087260035
"D0Z",1,"2007-2009",1.53,0.0292935094773119,2.92935094773119
"D1Z",1,"2007-2009",2.02,0.0152314884632785,1.52314884632785
"D2Z",1,"2007-2009",2.88,0.0168974419150434,1.68974419150434
"D3Z",1,"2007-2009",11.39,0.0626512651265126,6.26512651265126
"D4Z",1,"2007-2009",3.8,0.0237099893928995,2.37099893928995
"D6Z",1,"2007-2009",5.48,0.0216284485140309,2.16284485140309
"E0Z",1,"2007-2009",14.15,0.0590173506840173,5.90173506840173
"E1Z",1,"2007-2009",11.53,0.0368735808628354,3.68735808628354
"E2Z",1,"2007-2009",9.47,0.0455463639861485,4.55463639861485
"ENS",1,"2007-2009",4433,0.172289156626506,17.2289156626506
"F0Z",1,"2007-2009",2.66,0.0831509846827134,8.31509846827134
"F1Z",1,"2007-2009",8.71,0.116740383326632,11.6740383326632
"F2Z",1,"2007-2009",1.57,0.0490778368240075,4.90778368240075
"F3Z",1,"2007-2009",2.54,0.0309756097560976,3.09756097560976
"F4Z",1,"2007-2009",4.18,0.0507527926177756,5.07527926177756
"F5Z",1,"2007-2009",0.7,0.0164357830476638,1.64357830476638
"G0A",1,"2007-2009",10.91,0.0441754059197473,4.41754059197473
"G0B",1,"2007-2009",4.57,0.0221189681041576,2.21189681041576
"G1Z",1,"2007-2009",15.22,0.0380043947263284,3.80043947263284
"H0Z",1,"2007-2009",10.94,0.0483130189012542,4.83130189012542
"J0Z",1,"2007-2009",39.07,0.111326399772047,11.1326399772047
"J1Z",1,"2007-2009",20.11,0.0437487762960385,4.37487762960385
"J3Z",1,"2007-2009",77.13,0.0995020382888694,9.95020382888694
"J4Z",1,"2007-2009",5.38,0.0584973360878547,5.84973360878547
"J5Z",1,"2007-2009",24.72,0.131524341580208,13.1524341580208
"J6Z",1,"2007-2009",2.84,0.0356694297915097,3.56694297915097
"K0Z",1,"2007-2009",19.42,0.163193277310924,16.3193277310924
"L0Z",1,"2007-2009",156.07,0.322892314058136,32.2892314058136
"L1Z",1,"2007-2009",84.93,0.229342190537913,22.9342190537913
"L2Z",1,"2007-2009",108.63,0.255943265084937,25.5943265084937
"L3Z",1,"2007-2009",30.1,0.183547777303494,18.3547777303494
"L4Z",1,"2007-2009",50.1,0.145758175258932,14.5758175258932
"L5Z",1,"2007-2009",49.76,0.0876905454225042,8.76905454225042
"L6Z",1,"2007-2009",6.8,0.0396131888617034,3.96131888617034
"M0Z",1,"2007-2009",3.18,0.0971585701191567,9.71585701191567
"M1Z",1,"2007-2009",10.36,0.0627916843445057,6.27916843445057
"M2Z",1,"2007-2009",13.21,0.0419631512071156,4.19631512071156
"N0Z",1,"2007-2009",16.3,0.0463199772662688,4.63199772662688
"P0Z",1,"2007-2009",221.82,0.239603361489771,23.9603361489771
"P1Z",1,"2007-2009",76.03,0.181507830404889,18.1507830404889
"P2Z",1,"2007-2009",33.79,0.0810039794793115,8.10039794793115
"P3Z",1,"2007-2009",3.64,0.0492690850027071,4.92690850027071
"P4Z",1,"2007-2009",6.56,0.015509007518086,1.5509007518086
"Q0Z",1,"2007-2009",53.14,0.17972132034632,17.972132034632
"Q1Z",1,"2007-2009",26.04,0.125955306181677,12.5955306181677
"Q2Z",1,"2007-2009",10.43,0.0397409030291484,3.97409030291484
"R0Z",1,"2007-2009",145.39,0.46762728763951,46.762728763951
"R1Z",1,"2007-2009",257.88,0.301695192858898,30.1695192858898
"R2Z",1,"2007-2009",54.55,0.104037533614327,10.4037533614327
"R3Z",1,"2007-2009",46.74,0.0819209534659539,8.19209534659539
"R4Z",1,"2007-2009",17.08,0.0329933549683202,3.29933549683202
"S0Z",1,"2007-2009",16.48,0.0630596158261269,6.30596158261269
"S1Z",1,"2007-2009",71.48,0.21754215107432,21.754215107432
"S2Z",1,"2007-2009",131.3,0.374500855675984,37.4500855675984
"S3Z",1,"2007-2009",10.31,0.0502265309105081,5.02265309105081
"T0Z",1,"2007-2009",44.19,0.206052410705959,20.6052410705959
"T1Z",1,"2007-2009",194.68,0.788497367355205,78.8497367355205
"T2A",1,"2007-2009",345,0.677174318409327,67.7174318409327
"T2B",1,"2007-2009",139.18,0.331712665045998,33.1712665045998
"T2Z",1,"2007-2009",484.18,0.521156019589904,52.1156019589904
"T3Z",1,"2007-2009",30.26,0.14439089564346,14.439089564346
"T4Z",1,"2007-2009",476.46,0.373331034915063,37.3331034915063
"T6Z",1,"2007-2009",23.32,0.176760403244145,17.6760403244145
"U0Z",1,"2007-2009",26.21,0.175576098606645,17.5576098606645
"U1Z",1,"2007-2009",95.1,0.271659953723541,27.1659953723541
"V0Z",1,"2007-2009",112.46,0.22076086529779,22.076086529779
"V1Z",1,"2007-2009",115.36,0.227167106455043,22.7167106455043
"V2Z",1,"2007-2009",74.06,0.205602287554482,20.5602287554482
"V3Z",1,"2007-2009",87.74,0.246142624698423,24.6142624698423
"V4Z",1,"2007-2009",69.72,0.235803429499104,23.5803429499104
"V5Z",1,"2007-2009",146.51,0.456190061028771,45.6190061028771
"W0Z",1,"2007-2009",140.59,0.13336811649196,13.336811649196
"W1Z",1,"2007-2009",46.93,0.333688850967008,33.3688850967008
"X0Z",1,"2007-2009",6.41,0.26141924959217,26.141924959217
"ZZZ",1,"2007-2009",17.11,1,100
"A0Z",1,"2008-2010",71.35,0.135878880213293,13.5878880213293
"A1Z",1,"2008-2010",51.13,0.163104504274595,16.3104504274595
"A2Z",1,"2008-2010",6.25,0.101526965562053,10.1526965562053
"A3Z",1,"2008-2010",3.86,0.119913016464741,11.9913016464741
"B0Z",1,"2008-2010",13.44,0.060600595184417,6.0600595184417
"B1Z",1,"2008-2010",1.76,0.01541695865452,1.541695865452
"B2Z",1,"2008-2010",8.55,0.0214044310927525,2.14044310927525
"B3Z",1,"2008-2010",12.92,0.0937182649064268,9.37182649064268
"B4Z",1,"2008-2010",17.02,0.0318649018029319,3.18649018029319
"B5Z",1,"2008-2010",0.9,0.0114387391967463,1.14387391967463
"B6Z",1,"2008-2010",10.3,0.0361975048321912,3.61975048321912
"B7Z",1,"2008-2010",5.67,0.0414261708190254,4.14261708190254
"C0Z",1,"2008-2010",3.56,0.0913054629392152,9.13054629392152
"C1Z",1,"2008-2010",3.52,0.0504225755622404,5.04225755622404
"C2Z",1,"2008-2010",3.67,0.0257742819018189,2.57742819018189
"D0Z",1,"2008-2010",1.36,0.0304796055580457,3.04796055580457
"D1Z",1,"2008-2010",2.33,0.0196177485897112,1.96177485897112
"D2Z",1,"2008-2010",2.2,0.0134886572654813,1.34886572654813
"D3Z",1,"2008-2010",9.9,0.0590339892665474,5.90339892665474
"D4Z",1,"2008-2010",4.8,0.0305615688271998,3.05615688271998
"D6Z",1,"2008-2010",7.56,0.0323741007194245,3.23741007194245
"E0Z",1,"2008-2010",13.73,0.0589042858981509,5.89042858981509
"E1Z",1,"2008-2010",13.38,0.0431376342005997,4.31376342005997
"E2Z",1,"2008-2010",7.87,0.0363594363594364,3.63594363594364
"ENS",1,"2008-2010",4482,0.173869190782838,17.3869190782838
"F0Z",1,"2008-2010",2.75,0.10200296735905,10.200296735905
"F1Z",1,"2008-2010",8.87,0.116419477621735,11.6419477621735
"F2Z",1,"2008-2010",1.44,0.0414031052328925,4.14031052328925
"F3Z",1,"2008-2010",2.73,0.0285326086956522,2.85326086956522
"F4Z",1,"2008-2010",3.7,0.047588424437299,4.7588424437299
"F5Z",1,"2008-2010",0.61,0.0164066702528241,1.64066702528241
"G0A",1,"2008-2010",11.05,0.0467269959404601,4.67269959404601
"G0B",1,"2008-2010",5.2,0.0268914516212443,2.68914516212442
"G1Z",1,"2008-2010",14.39,0.0345755544342728,3.45755544342728
"H0Z",1,"2008-2010",12.12,0.051585443711428,5.1585443711428
"J0Z",1,"2008-2010",44.56,0.131078099720547,13.1078099720547
"J1Z",1,"2008-2010",20.23,0.0448747809498458,4.48747809498458
"J3Z",1,"2008-2010",84.39,0.109714241139915,10.9714241139915
"J4Z",1,"2008-2010",5.09,0.0536467116357504,5.36467116357504
"J5Z",1,"2008-2010",23.79,0.132262189358981,13.2262189358981
"J6Z",1,"2008-2010",3.29,0.0385065543071161,3.85065543071161
"K0Z",1,"2008-2010",21.75,0.175205413243113,17.5205413243113
"L0Z",1,"2008-2010",151.88,0.323073323264768,32.3073323264768
"L1Z",1,"2008-2010",85.17,0.231553477244304,23.1553477244304
"L2Z",1,"2008-2010",109.12,0.257741455464487,25.7741455464487
"L3Z",1,"2008-2010",28.8,0.17474667799284,17.474667799284
"L4Z",1,"2008-2010",48.13,0.135956611395158,13.5956611395158
"L5Z",1,"2008-2010",51.48,0.0884399319692831,8.84399319692831
"L6Z",1,"2008-2010",6.27,0.0359889794512685,3.59889794512685
"M0Z",1,"2008-2010",4.83,0.132728771640561,13.2728771640561
"M1Z",1,"2008-2010",10.01,0.0587303449894391,5.87303449894391
"M2Z",1,"2008-2010",13.95,0.0431194362017804,4.31194362017804
"N0Z",1,"2008-2010",18.28,0.0510101573836366,5.10101573836366
"P0Z",1,"2008-2010",210.11,0.234019803303521,23.4019803303521
"P1Z",1,"2008-2010",76.02,0.184192672998643,18.4192672998643
"P2Z",1,"2008-2010",32.24,0.0757198553243459,7.57198553243459
"P3Z",1,"2008-2010",4.21,0.0536305732484076,5.36305732484076
"P4Z",1,"2008-2010",6.42,0.016355021144342,1.6355021144342
"Q0Z",1,"2008-2010",47.33,0.164357398340105,16.4357398340105
"Q1Z",1,"2008-2010",26.91,0.128210014769641,12.8210014769641
"Q2Z",1,"2008-2010",9.74,0.0358734484917683,3.58734484917683
"R0Z",1,"2008-2010",134.57,0.444389406247936,44.4389406247936
"R1Z",1,"2008-2010",259.33,0.303451907325064,30.3451907325064
"R2Z",1,"2008-2010",56.12,0.103714655331732,10.3714655331732
"R3Z",1,"2008-2010",45.92,0.0797928721611149,7.97928721611149
"R4Z",1,"2008-2010",16.46,0.0318289051320726,3.18289051320726
"S0Z",1,"2008-2010",13.61,0.0543943087806243,5.43943087806243
"S1Z",1,"2008-2010",72.64,0.218485878425121,21.8485878425121
"S2Z",1,"2008-2010",133.97,0.372066542616713,37.2066542616713
"S3Z",1,"2008-2010",12.57,0.0590002346866933,5.90002346866933
"T0Z",1,"2008-2010",50.24,0.224105629404942,22.4105629404942
"T1Z",1,"2008-2010",197.21,0.779208977043739,77.9208977043739
"T2A",1,"2008-2010",364.58,0.678326232161795,67.8326232161795
"T2B",1,"2008-2010",140.43,0.322924092257456,32.2924092257456
"T2Z",1,"2008-2010",505.01,0.519375938457741,51.9375938457741
"T3Z",1,"2008-2010",30.02,0.14555857253685,14.555857253685
"T4Z",1,"2008-2010",477.51,0.377579744753531,37.7579744753531
"T6Z",1,"2008-2010",25.09,0.184322656479577,18.4322656479577
"U0Z",1,"2008-2010",30.93,0.206337558372248,20.6337558372248
"U1Z",1,"2008-2010",100.75,0.281196795891596,28.1196795891596
"V0Z",1,"2008-2010",116.48,0.219960343688037,21.9960343688037
"V1Z",1,"2008-2010",118.98,0.225127719962157,22.5127719962157
"V2Z",1,"2008-2010",75.93,0.2100298738659,21.00298738659
"V3Z",1,"2008-2010",90.24,0.250055420084239,25.0055420084239
"V4Z",1,"2008-2010",69.13,0.230710185556001,23.0710185556001
"V5Z",1,"2008-2010",152.37,0.444162658504591,44.4162658504591
"W0Z",1,"2008-2010",143.36,0.136345047315612,13.6345047315612
"W1Z",1,"2008-2010",45.76,0.326111744583808,32.6111744583808
"X0Z",1,"2008-2010",7.58,0.319831223628692,31.9831223628692
"ZZZ",1,"2008-2010",16.28,1,100
"A0Z",1,"2009-2011",70.1,0.130642215513064,13.0642215513064
"A1Z",1,"2009-2011",55.17,0.173006365831478,17.3006365831478
"A2Z",1,"2009-2011",6.12,0.101040118870728,10.1040118870728
"A3Z",1,"2009-2011",4.08,0.120745782775969,12.0745782775969
"B0Z",1,"2009-2011",12.71,0.0591355324989531,5.91355324989531
"B1Z",1,"2009-2011",1.97,0.0180122519886623,1.80122519886623
"B2Z",1,"2009-2011",8.66,0.0219914167449656,2.19914167449656
"B3Z",1,"2009-2011",13.31,0.100589480048368,10.0589480048368
"B4Z",1,"2009-2011",20.69,0.0395556915076664,3.95556915076664
"B5Z",1,"2009-2011",0.9,0.0114825210512886,1.14825210512886
"B6Z",1,"2009-2011",13.76,0.0480715483510341,4.80715483510341
"B7Z",1,"2009-2011",6.14,0.0415932800433546,4.15932800433546
"C0Z",1,"2009-2011",2.29,0.0667638483965015,6.67638483965015
"C1Z",1,"2009-2011",3.26,0.0522854851643945,5.22854851643945
"C2Z",1,"2009-2011",3.77,0.0270367183017785,2.70367183017785
"D0Z",1,"2009-2011",2.02,0.0477993374349266,4.77993374349266
"D1Z",1,"2009-2011",2.38,0.0227164264579555,2.27164264579555
"D2Z",1,"2009-2011",2.44,0.0160727224820499,1.60727224820499
"D3Z",1,"2009-2011",9.1,0.0565217391304348,5.65217391304348
"D4Z",1,"2009-2011",5.14,0.0335794081139348,3.35794081139348
"D6Z",1,"2009-2011",8.23,0.0368925945849023,3.68925945849023
"E0Z",1,"2009-2011",14.84,0.0662943935671208,6.62943935671208
"E1Z",1,"2009-2011",17.92,0.0572030516806589,5.72030516806589
"E2Z",1,"2009-2011",8.38,0.0381151641953971,3.81151641953971
"ENS",1,"2009-2011",4553.2,0.177014407787825,17.7014407787825
"F0Z",1,"2009-2011",2.41,0.103566824237215,10.3566824237215
"F1Z",1,"2009-2011",8,0.114711786636077,11.4711786636077
"F2Z",1,"2009-2011",0.64,0.0177334441673594,1.77334441673594
"F3Z",1,"2009-2011",2.68,0.026220526367283,2.6220526367283
"F4Z",1,"2009-2011",3.84,0.0576403482437706,5.76403482437706
"F5Z",1,"2009-2011",0.51,0.0156345800122624,1.56345800122624
"G0A",1,"2009-2011",10.61,0.0477004001258823,4.77004001258823
"G0B",1,"2009-2011",5.07,0.0274558648326654,2.74558648326654
"G1Z",1,"2009-2011",14.83,0.0348146583092706,3.48146583092706
"H0Z",1,"2009-2011",10.31,0.0427392944492808,4.27392944492808
"J0Z",1,"2009-2011",49.02,0.145128341771028,14.5128341771028
"J1Z",1,"2009-2011",17.73,0.0404240766073871,4.04240766073871
"J3Z",1,"2009-2011",88.6,0.116381405246358,11.6381405246358
"J4Z",1,"2009-2011",4.4,0.046335299073294,4.6335299073294
"J5Z",1,"2009-2011",26.5,0.14821858045752,14.821858045752
"J6Z",1,"2009-2011",3.67,0.0423152311772166,4.23152311772166
"K0Z",1,"2009-2011",23.13,0.175373417241641,17.5373417241641
"L0Z",1,"2009-2011",146.08,0.326523313514238,32.6523313514238
"L1Z",1,"2009-2011",88.18,0.250447328807975,25.0447328807975
"L2Z",1,"2009-2011",104.48,0.256985438803621,25.6985438803621
"L3Z",1,"2009-2011",28.89,0.178113440197287,17.8113440197287
"L4Z",1,"2009-2011",47.78,0.131618092667071,13.1618092667071
"L5Z",1,"2009-2011",56.64,0.0928859588704123,9.28859588704123
"L6Z",1,"2009-2011",5.14,0.0299202514698178,2.99202514698178
"M0Z",1,"2009-2011",5.34,0.137028483448807,13.7028483448807
"M1Z",1,"2009-2011",9.28,0.0562970152875516,5.62970152875516
"M2Z",1,"2009-2011",15.12,0.043953488372093,4.3953488372093
"N0Z",1,"2009-2011",18.52,0.0520751321561129,5.20751321561129
"P0Z",1,"2009-2011",192.66,0.228308013177541,22.8308013177541
"P1Z",1,"2009-2011",73.17,0.178790470372633,17.8790470372633
"P2Z",1,"2009-2011",37.13,0.0825367892233139,8.25367892233139
"P3Z",1,"2009-2011",4.62,0.0550196498749553,5.50196498749553
"P4Z",1,"2009-2011",5.34,0.0137586313511285,1.37586313511285
"Q0Z",1,"2009-2011",47.64,0.168954144057878,16.8954144057878
"Q1Z",1,"2009-2011",27.31,0.134142148435581,13.4142148435581
"Q2Z",1,"2009-2011",10.15,0.0362810980840721,3.62810980840721
"R0Z",1,"2009-2011",127.54,0.430645596974608,43.0645596974608
"R1Z",1,"2009-2011",252.55,0.297790302801623,29.7790302801623
"R2Z",1,"2009-2011",56.21,0.105116505217489,10.5116505217489
"R3Z",1,"2009-2011",49.11,0.0834140127388535,8.34140127388535
"R4Z",1,"2009-2011",18,0.0346007458382992,3.46007458382992
"S0Z",1,"2009-2011",11.96,0.0473719649859389,4.73719649859389
"S1Z",1,"2009-2011",77.24,0.221216634207813,22.1216634207813
"S2Z",1,"2009-2011",135.21,0.361340495470216,36.1340495470216
"S3Z",1,"2009-2011",15.8,0.0738904737408222,7.38904737408222
"T0Z",1,"2009-2011",56.79,0.245376771517456,24.5376771517456
"T1Z",1,"2009-2011",193.2,0.776620975197974,77.6620975197974
"T2A",1,"2009-2011",374.32,0.683028301370363,68.3028301370363
"T2B",1,"2009-2011",143.86,0.323084869854246,32.3084869854246
"T2Z",1,"2009-2011",518.17,0.521670408440637,52.1670408440637
"T3Z",1,"2009-2011",26.47,0.134721091205212,13.4721091205212
"T4Z",1,"2009-2011",484.09,0.387678286844613,38.7678286844613
"T6Z",1,"2009-2011",27.03,0.194404487917146,19.4404487917146
"U0Z",1,"2009-2011",32.81,0.206067077000377,20.6067077000377
"U1Z",1,"2009-2011",106.19,0.286527616632039,28.6527616632039
"V0Z",1,"2009-2011",127.52,0.23169446564192,23.169446564192
"V1Z",1,"2009-2011",125,0.23230746357419,23.230746357419
"V2Z",1,"2009-2011",77.08,0.211671014691748,21.1671014691748
"V3Z",1,"2009-2011",99.15,0.260749506903353,26.0749506903353
"V4Z",1,"2009-2011",72.32,0.233094823696255,23.3094823696255
"V5Z",1,"2009-2011",158.25,0.442434578394095,44.2434578394095
"W0Z",1,"2009-2011",146.27,0.142362158742518,14.2362158742518
"W1Z",1,"2009-2011",48.58,0.358523985239852,35.8523985239852
"X0Z",1,"2009-2011",10.92,0.416793893129771,41.6793893129771
"ZZZ",1,"2009-2011",10.96,1,100
"A0Z",1,"2010-2012",67.54,0.12600041042479,12.600041042479
"A1Z",1,"2010-2012",56.41,0.176800601767693,17.6800601767693
"A2Z",1,"2010-2012",5.55,0.0907307503678274,9.07307503678274
"A3Z",1,"2010-2012",3.62,0.104082806210466,10.4082806210466
"B0Z",1,"2010-2012",12.29,0.0586718861889531,5.86718861889531
"B1Z",1,"2010-2012",2.89,0.0269866467457279,2.69866467457279
"B2Z",1,"2010-2012",10.28,0.0261584264230642,2.61584264230642
"B3Z",1,"2010-2012",15.39,0.113638041792808,11.3638041792808
"B4Z",1,"2010-2012",23.07,0.0436460639082808,4.36460639082808
"B5Z",1,"2010-2012",0.87,0.0113399374348279,1.13399374348279
"B6Z",1,"2010-2012",14.72,0.0511270883262131,5.1127088326213
"B7Z",1,"2010-2012",7.09,0.0462944825334639,4.62944825334639
"C0Z",1,"2010-2012",1.54,0.0457380457380457,4.57380457380457
"C1Z",1,"2010-2012",2.74,0.0462291209718239,4.62291209718239
"C2Z",1,"2010-2012",4.13,0.0298065819861432,2.98065819861432
"D0Z",1,"2010-2012",1.92,0.0437956204379562,4.37956204379562
"D1Z",1,"2010-2012",2.67,0.0261687738900323,2.61687738900323
"D2Z",1,"2010-2012",3.02,0.0201750283920102,2.01750283920102
"D3Z",1,"2010-2012",8.07,0.0493728969103701,4.93728969103701
"D4Z",1,"2010-2012",5.32,0.0361363945116153,3.61363945116153
"D6Z",1,"2010-2012",7.58,0.0338528873207985,3.38528873207985
"E0Z",1,"2010-2012",15.25,0.069797244725159,6.9797244725159
"E1Z",1,"2010-2012",22.47,0.0716152473227945,7.16152473227945
"E2Z",1,"2010-2012",9.06,0.0404753395282345,4.04753395282345
"ENS",1,"2010-2012",4614.2,0.179058721264145,17.9058721264145
"F0Z",1,"2010-2012",1.9,0.0928641251221897,9.28641251221896
"F1Z",1,"2010-2012",6.55,0.100106984563656,10.0106984563656
"F2Z",1,"2010-2012",0.85,0.0245806824754193,2.45806824754193
"F3Z",1,"2010-2012",2.49,0.0254809660253786,2.54809660253786
"F4Z",1,"2010-2012",3.53,0.0601260432634985,6.01260432634985
"F5Z",1,"2010-2012",0.81,0.0264965652600589,2.64965652600589
"G0A",1,"2010-2012",9.58,0.0459759082401497,4.59759082401497
"G0B",1,"2010-2012",6.31,0.033846483934989,3.3846483934989
"G1Z",1,"2010-2012",15.78,0.0365633254553038,3.65633254553038
"H0Z",1,"2010-2012",9.68,0.0387261961913906,3.87261961913906
"J0Z",1,"2010-2012",47.83,0.139747560334249,13.9747560334249
"J1Z",1,"2010-2012",14.67,0.0335161069225497,3.35161069225497
"J3Z",1,"2010-2012",89.18,0.118041032428855,11.8041032428855
"J4Z",1,"2010-2012",4.14,0.0420176595960621,4.20176595960621
"J5Z",1,"2010-2012",27.59,0.148893685914733,14.8893685914733
"J6Z",1,"2010-2012",4.09,0.0464667121108839,4.64667121108839
"K0Z",1,"2010-2012",20.79,0.164373814041746,16.4373814041746
"L0Z",1,"2010-2012",137.73,0.318981888924915,31.8981888924915
"L1Z",1,"2010-2012",86.32,0.260895847186121,26.0895847186121
"L2Z",1,"2010-2012",102.12,0.261189830681876,26.1189830681876
"L3Z",1,"2010-2012",31.35,0.189551968075458,18.9551968075458
"L4Z",1,"2010-2012",49.22,0.129366310090152,12.9366310090152
"L5Z",1,"2010-2012",58.93,0.0931905876399519,9.31905876399519
"L6Z",1,"2010-2012",5.03,0.0300675473728256,3.00675473728256
"M0Z",1,"2010-2012",5.39,0.138489208633094,13.8489208633094
"M1Z",1,"2010-2012",9.75,0.0604688662862813,6.04688662862813
"M2Z",1,"2010-2012",17.61,0.0496573893917604,4.96573893917604
"N0Z",1,"2010-2012",20.85,0.0567192600652884,5.67192600652884
"P0Z",1,"2010-2012",181.47,0.224694476431039,22.4694476431039
"P1Z",1,"2010-2012",69.64,0.170857970018892,17.0857970018892
"P2Z",1,"2010-2012",42.02,0.0908658420551855,9.08658420551855
"P3Z",1,"2010-2012",6.18,0.0663731070776501,6.63731070776501
"P4Z",1,"2010-2012",5.49,0.0140790890906293,1.40790890906293
"Q0Z",1,"2010-2012",46,0.172964843015604,17.2964843015604
"Q1Z",1,"2010-2012",25.96,0.132367937997145,13.2367937997145
"Q2Z",1,"2010-2012",12.71,0.0445761582436082,4.45761582436082
"R0Z",1,"2010-2012",125.61,0.425479303570219,42.5479303570219
"R1Z",1,"2010-2012",241.66,0.292269362875526,29.2269362875526
"R2Z",1,"2010-2012",57.06,0.107786467188031,10.7786467188031
"R3Z",1,"2010-2012",55.72,0.0957289626498986,9.57289626498986
"R4Z",1,"2010-2012",18.9,0.0360068584492284,3.60068584492284
"S0Z",1,"2010-2012",13.27,0.0544969199178645,5.44969199178645
"S1Z",1,"2010-2012",79.76,0.226237413132889,22.6237413132889
"S2Z",1,"2010-2012",139.48,0.357439393162831,35.7439393162831
"S3Z",1,"2010-2012",15.45,0.0711850350165868,7.11850350165868
"T0Z",1,"2010-2012",60.83,0.264570285316632,26.4570285316632
"T1Z",1,"2010-2012",190.83,0.782699643164759,78.2699643164759
"T2A",1,"2010-2012",381.11,0.69635842058141,69.635842058141
"T2B",1,"2010-2012",153.5,0.333188626003907,33.3188626003907
"T2Z",1,"2010-2012",534.62,0.530371722502753,53.0371722502753
"T3Z",1,"2010-2012",27.23,0.140375296422312,14.0375296422312
"T4Z",1,"2010-2012",493.24,0.392148132836165,39.2148132836165
"T6Z",1,"2010-2012",29.61,0.201648052301825,20.1648052301825
"U0Z",1,"2010-2012",34.17,0.20295794725588,20.295794725588
"U1Z",1,"2010-2012",111.34,0.291893875838926,29.1893875838926
"V0Z",1,"2010-2012",135.46,0.236847166611299,23.6847166611299
"V1Z",1,"2010-2012",125.23,0.233598836016341,23.3598836016341
"V2Z",1,"2010-2012",80.9,0.214936634873403,21.4936634873403
"V3Z",1,"2010-2012",108.61,0.274295383372058,27.4295383372058
"V4Z",1,"2010-2012",71.27,0.225188789535214,22.5188789535214
"V5Z",1,"2010-2012",164.19,0.451791315832921,45.1791315832921
"W0Z",1,"2010-2012",146.66,0.141645740776511,14.1645740776511
"W1Z",1,"2010-2012",50.82,0.365191146881288,36.5191146881288
"X0Z",1,"2010-2012",12.85,0.451035451035451,45.1035451035451
"ZZZ",1,"2010-2012",6.32,0.984423676012461,98.4423676012461
"A0Z",1,"2011-2013",66.9,0.123751387347392,12.3751387347392
"A1Z",1,"2011-2013",58.45,0.179454115624328,17.9454115624328
"A2Z",1,"2011-2013",5.84,0.0907536907536908,9.07536907536908
"A3Z",1,"2011-2013",4.12,0.124059018367961,12.4059018367961
"B0Z",1,"2011-2013",11.11,0.0561735261401557,5.61735261401557
"B1Z",1,"2011-2013",2.68,0.0265609514370664,2.65609514370664
"B2Z",1,"2011-2013",12.74,0.0328782678262665,3.28782678262665
"B3Z",1,"2011-2013",15.44,0.112348104489558,11.2348104489558
"B4Z",1,"2011-2013",25,0.0465844296202437,4.65844296202437
"B5Z",1,"2011-2013",0.84,0.0106585458698135,1.06585458698135
"B6Z",1,"2011-2013",14.5,0.0487067517635203,4.87067517635203
"B7Z",1,"2011-2013",7.62,0.0486869848571976,4.86869848571976
"C0Z",1,"2011-2013",2.15,0.0654290931223372,6.54290931223372
"C1Z",1,"2011-2013",2.49,0.0464465584778959,4.64465584778959
"C2Z",1,"2011-2013",4.17,0.0294429146367295,2.94429146367295
"D0Z",1,"2011-2013",2.06,0.0472802386963507,4.72802386963507
"D1Z",1,"2011-2013",2.39,0.0236633663366337,2.36633663366337
"D2Z",1,"2011-2013",4.03,0.0267365487958602,2.67365487958602
"D3Z",1,"2011-2013",9.58,0.0607598148030697,6.07598148030697
"D4Z",1,"2011-2013",4.27,0.0294726670347874,2.94726670347874
"D6Z",1,"2011-2013",6.85,0.0296357186120966,2.96357186120966
"E0Z",1,"2011-2013",16.31,0.0802065404475043,8.02065404475043
"E1Z",1,"2011-2013",25.39,0.0832295286173212,8.32295286173212
"E2Z",1,"2011-2013",9.63,0.0423706441393875,4.23706441393875
"ENS",1,"2011-2013",4673.1,0.181218516234862,18.1218516234862
"F0Z",1,"2011-2013",1.71,0.0824493731918997,8.24493731918997
"F1Z",1,"2011-2013",7.19,0.112908291457286,11.2908291457286
"F2Z",1,"2011-2013",1.13,0.0361368724016629,3.61368724016629
"F3Z",1,"2011-2013",3.13,0.0325499168053245,3.25499168053245
"F4Z",1,"2011-2013",3.51,0.0639344262295082,6.39344262295082
"F5Z",1,"2011-2013",1.17,0.0375360923965351,3.75360923965351
"G0A",1,"2011-2013",9.46,0.047556806756485,4.7556806756485
"G0B",1,"2011-2013",7.12,0.0388752388752389,3.88752388752389
"G1Z",1,"2011-2013",20.44,0.0458913336326897,4.58913336326897
"H0Z",1,"2011-2013",11.85,0.045148016916219,4.5148016916219
"J0Z",1,"2011-2013",47.76,0.135220838052095,13.5220838052095
"J1Z",1,"2011-2013",15.23,0.0341548743019892,3.41548743019892
"J3Z",1,"2011-2013",90.34,0.119189920179431,11.9189920179431
"J4Z",1,"2011-2013",4.77,0.0456984096570224,4.56984096570224
"J5Z",1,"2011-2013",28.42,0.146231026498585,14.6231026498585
"J6Z",1,"2011-2013",4.81,0.0543933054393305,5.43933054393305
"K0Z",1,"2011-2013",19.99,0.172834169116376,17.2834169116376
"L0Z",1,"2011-2013",137,0.318153317386963,31.8153317386963
"L1Z",1,"2011-2013",86.65,0.27382758184806,27.382758184806
"L2Z",1,"2011-2013",101.03,0.267572434980666,26.7572434980666
"L3Z",1,"2011-2013",34.05,0.210405981585615,21.0405981585615
"L4Z",1,"2011-2013",54.78,0.138929748922141,13.8929748922141
"L5Z",1,"2011-2013",60.57,0.0942283758556316,9.42283758556316
"L6Z",1,"2011-2013",5.07,0.0328538102643857,3.28538102643857
"M0Z",1,"2011-2013",5.23,0.135351966873706,13.5351966873706
"M1Z",1,"2011-2013",12.95,0.0779228593778206,7.79228593778206
"M2Z",1,"2011-2013",18.84,0.0526154103946156,5.26154103946156
"N0Z",1,"2011-2013",23.77,0.0621925693354265,6.21925693354265
"P0Z",1,"2011-2013",170.03,0.221814908550108,22.1814908550108
"P1Z",1,"2011-2013",70.84,0.170678231538369,17.0678231538369
"P2Z",1,"2011-2013",45.3,0.0986691642525756,9.86691642525756
"P3Z",1,"2011-2013",7.09,0.0732286717620326,7.32286717620326
"P4Z",1,"2011-2013",5.48,0.0140451598021375,1.40451598021375
"Q0Z",1,"2011-2013",46.64,0.178861788617886,17.8861788617886
"Q1Z",1,"2011-2013",27.87,0.144194950331126,14.4194950331126
"Q2Z",1,"2011-2013",14.9,0.0535316519364806,5.35316519364806
"R0Z",1,"2011-2013",123.54,0.421336243647897,42.1336243647897
"R1Z",1,"2011-2013",238.37,0.2887968112044,28.87968112044
"R2Z",1,"2011-2013",59.29,0.113632443413765,11.3632443413765
"R3Z",1,"2011-2013",58.15,0.104575045858361,10.4575045858361
"R4Z",1,"2011-2013",18.43,0.0347552236554273,3.47552236554273
"S0Z",1,"2011-2013",15.11,0.0627648085071031,6.27648085071031
"S1Z",1,"2011-2013",80.82,0.222822640677125,22.2822640677125
"S2Z",1,"2011-2013",138.3,0.35786368576308,35.786368576308
"S3Z",1,"2011-2013",15.53,0.0727025888301109,7.27025888301109
"T0Z",1,"2011-2013",55.32,0.250907111756168,25.0907111756168
"T1Z",1,"2011-2013",185.08,0.79600877381618,79.600877381618
"T2A",1,"2011-2013",379.68,0.702421697223096,70.2421697223096
"T2B",1,"2011-2013",154.93,0.333879275046872,33.3879275046872
"T2Z",1,"2011-2013",534.62,0.5321879012911,53.21879012911
"T3Z",1,"2011-2013",29.2,0.141370128298233,14.1370128298233
"T4Z",1,"2011-2013",497.26,0.392470402525651,39.2470402525651
"T6Z",1,"2011-2013",28.81,0.200041660880433,20.0041660880433
"U0Z",1,"2011-2013",34.4,0.204021113812941,20.4021113812941
"U1Z",1,"2011-2013",116.66,0.295993707659909,29.5993707659909
"V0Z",1,"2011-2013",138.16,0.234874113867025,23.4874113867025
"V1Z",1,"2011-2013",134.33,0.247316579213845,24.7316579213845
"V2Z",1,"2011-2013",80.71,0.212994484469427,21.2994484469427
"V3Z",1,"2011-2013",110.34,0.265004683334534,26.5004683334534
"V4Z",1,"2011-2013",73.89,0.230589189863937,23.0589189863937
"V5Z",1,"2011-2013",161.26,0.443509350935093,44.3509350935093
"W0Z",1,"2011-2013",155.76,0.149041221724653,14.9041221724653
"W1Z",1,"2011-2013",51.82,0.369773084058798,36.9773084058798
"X0Z",1,"2011-2013",13.42,0.449581239530988,44.9581239530988
"ZZZ",1,"2011-2013",3.88,0.315703824247356,31.5703824247356
"A0Z",1,"2012-2014",63.41,0.118625360122722,11.8625360122722
"A1Z",1,"2012-2014",55.88,0.171305947271613,17.1305947271613
"A2Z",1,"2012-2014",5.96,0.0882962962962963,8.82962962962963
"A3Z",1,"2012-2014",4.24,0.133501259445844,13.3501259445844
"B0Z",1,"2012-2014",11.22,0.0602513156481581,6.02513156481581
"B1Z",1,"2012-2014",3.12,0.0335989661856558,3.35989661856558
"B2Z",1,"2012-2014",15.36,0.0409174458563094,4.09174458563094
"B3Z",1,"2012-2014",15.95,0.116678858814923,11.6678858814923
"B4Z",1,"2012-2014",28.9,0.0545272730703194,5.45272730703194
"B5Z",1,"2012-2014",0.89,0.0112729575680811,1.12729575680811
"B6Z",1,"2012-2014",14.23,0.0474982476050602,4.74982476050602
"B7Z",1,"2012-2014",8.28,0.050592692166687,5.0592692166687
"C0Z",1,"2012-2014",3.07,0.0975222363405337,9.75222363405337
"C1Z",1,"2012-2014",1.66,0.0339746213671715,3.39746213671715
"C2Z",1,"2012-2014",3.62,0.0253076062639821,2.53076062639821
"D0Z",1,"2012-2014",1.99,0.0483009708737864,4.83009708737864
"D1Z",1,"2012-2014",2.11,0.0204596140793174,2.04596140793174
"D2Z",1,"2012-2014",4.38,0.0290335410314199,2.90335410314199
"D3Z",1,"2012-2014",9.71,0.0648111066613269,6.48111066613269
"D4Z",1,"2012-2014",3.84,0.0272185993762404,2.72185993762404
"D6Z",1,"2012-2014",6.66,0.0285812376620033,2.85812376620033
"E0Z",1,"2012-2014",15.24,0.0818167176679014,8.18167176679014
"E1Z",1,"2012-2014",24.44,0.0813311148086523,8.13311148086522
"E2Z",1,"2012-2014",9.2,0.0386408500987022,3.86408500987022
"ENS",1,"2012-2014",4762.3,0.184575970978207,18.4575970978207
"F0Z",1,"2012-2014",1.25,0.0597228858098423,5.97228858098423
"F1Z",1,"2012-2014",8.76,0.133536585365854,13.3536585365854
"F2Z",1,"2012-2014",1.63,0.054956169925826,5.4956169925826
"F3Z",1,"2012-2014",4.56,0.0481266490765171,4.81266490765171
"F4Z",1,"2012-2014",3.73,0.0662875422072152,6.62875422072152
"F5Z",1,"2012-2014",1.33,0.042779028626568,4.2779028626568
"G0A",1,"2012-2014",8.39,0.0434175119022977,4.34175119022977
"G0B",1,"2012-2014",8.38,0.0464471788050105,4.64471788050105
"G1Z",1,"2012-2014",23.6,0.0506698728959121,5.06698728959121
"H0Z",1,"2012-2014",13.82,0.0504434792130525,5.04434792130525
"J0Z",1,"2012-2014",45.8,0.128456835137712,12.8456835137712
"J1Z",1,"2012-2014",17.41,0.0378815901129267,3.78815901129267
"J3Z",1,"2012-2014",97.73,0.126377178916878,12.6377178916878
"J4Z",1,"2012-2014",6.06,0.0541554959785523,5.41554959785523
"J5Z",1,"2012-2014",27.69,0.140444309190505,14.0444309190505
"J6Z",1,"2012-2014",5.3,0.060982625704752,6.0982625704752
"K0Z",1,"2012-2014",18.45,0.172591206735267,17.2591206735267
"L0Z",1,"2012-2014",134.26,0.311710624071322,31.1710624071322
"L1Z",1,"2012-2014",83.88,0.265855281924503,26.5855281924503
"L2Z",1,"2012-2014",98.84,0.266393553081961,26.6393553081961
"L3Z",1,"2012-2014",31.8,0.199548192771084,19.9548192771084
"L4Z",1,"2012-2014",56.31,0.14217542796546,14.217542796546
"L5Z",1,"2012-2014",63.55,0.0998460281548517,9.98460281548517
"L6Z",1,"2012-2014",8.17,0.0538172715894869,5.38172715894869
"M0Z",1,"2012-2014",5.45,0.152447552447552,15.2447552447552
"M1Z",1,"2012-2014",12.98,0.0789681815416439,7.89681815416439
"M2Z",1,"2012-2014",18.17,0.0511903084941541,5.11903084941541
"N0Z",1,"2012-2014",27.88,0.0727329646248565,7.27329646248565
"P0Z",1,"2012-2014",173.89,0.228031524974756,22.8031524974756
"P1Z",1,"2012-2014",73.58,0.17957729291746,17.957729291746
"P2Z",1,"2012-2014",44.9,0.100200848024994,10.0200848024994
"P3Z",1,"2012-2014",7.31,0.0812764064932177,8.12764064932177
"P4Z",1,"2012-2014",7.31,0.0192211616838895,1.92211616838895
"Q0Z",1,"2012-2014",45.43,0.179913666785474,17.9913666785474
"Q1Z",1,"2012-2014",30.12,0.156989471489628,15.6989471489628
"Q2Z",1,"2012-2014",16.72,0.0635161829509193,6.35161829509193
"R0Z",1,"2012-2014",127.57,0.433483978388664,43.3483978388664
"R1Z",1,"2012-2014",237.19,0.28276289593839,28.276289593839
"R2Z",1,"2012-2014",58.73,0.112223644736591,11.2223644736591
"R3Z",1,"2012-2014",62.97,0.115097788338512,11.5097788338512
"R4Z",1,"2012-2014",21.86,0.0410339196215719,4.10339196215719
"S0Z",1,"2012-2014",15.12,0.0628716370743066,6.28716370743066
"S1Z",1,"2012-2014",81.51,0.22402088772846,22.402088772846
"S2Z",1,"2012-2014",136.99,0.368976755460985,36.8976755460985
"S3Z",1,"2012-2014",14,0.0657462195923734,6.57462195923734
"T0Z",1,"2012-2014",48.95,0.23330632477003,23.330632477003
"T1Z",1,"2012-2014",179.12,0.803372802296376,80.3372802296376
"T2A",1,"2012-2014",384.35,0.715948886074063,71.5948886074063
"T2B",1,"2012-2014",155.84,0.333219295244612,33.3219295244612
"T2Z",1,"2012-2014",540.19,0.537759327838171,53.7759327838171
"T3Z",1,"2012-2014",33,0.150075037518759,15.0075037518759
"T4Z",1,"2012-2014",510.66,0.397388408142937,39.7388408142937
"T6Z",1,"2012-2014",28.4,0.196894065446478,19.6894065446478
"U0Z",1,"2012-2014",32.71,0.207708915417831,20.7708915417831
"U1Z",1,"2012-2014",122.33,0.311899237653298,31.1899237653298
"V0Z",1,"2012-2014",136.16,0.22798586809102,22.798586809102
"V1Z",1,"2012-2014",143.69,0.25333215796897,25.333215796897
"V2Z",1,"2012-2014",83.18,0.217737291241296,21.7737291241296
"V3Z",1,"2012-2014",113.63,0.265180863477246,26.5180863477246
"V4Z",1,"2012-2014",75.78,0.234685661195417,23.4685661195417
"V5Z",1,"2012-2014",169.26,0.450051849291393,45.0051849291393
"W0Z",1,"2012-2014",166.66,0.157060464414958,15.7060464414958
"W1Z",1,"2012-2014",53.08,0.362989810572386,36.2989810572386
"X0Z",1,"2012-2014",12.36,0.413101604278075,41.3101604278075
"ZZZ",1,"2012-2014",9.39,0.256487298552308,25.6487298552308
"A0Z",1,"2013-2015",58.5,0.112206536750038,11.2206536750038
"A1Z",1,"2013-2015",52.06,0.162296972908938,16.2296972908938
"A2Z",1,"2013-2015",6.61,0.0975789784470032,9.75789784470032
"A3Z",1,"2013-2015",3.46,0.120055517002082,12.0055517002082
"B0Z",1,"2013-2015",13.22,0.0771700426128072,7.71700426128072
"B1Z",1,"2013-2015",2.87,0.0326062258577596,3.26062258577596
"B2Z",1,"2013-2015",16.53,0.0451355705431013,4.51355705431013
"B3Z",1,"2013-2015",16.28,0.12411374552108,12.411374552108
"B4Z",1,"2013-2015",32.03,0.0625121979780632,6.25121979780632
"B5Z",1,"2013-2015",0.91,0.0119344262295082,1.19344262295082
"B6Z",1,"2013-2015",15.8,0.0534144692359702,5.34144692359702
"B7Z",1,"2013-2015",8.16,0.05,5
"C0Z",1,"2013-2015",2.67,0.0953230988932524,9.53230988932524
"C1Z",1,"2013-2015",0.7,0.0146935348446683,1.46935348446683
"C2Z",1,"2013-2015",2.76,0.0201342281879195,2.01342281879195
"D0Z",1,"2013-2015",2.63,0.0639125151883354,6.39125151883353
"D1Z",1,"2013-2015",1.74,0.0169524551831645,1.69524551831645
"D2Z",1,"2013-2015",4.31,0.0294902497434143,2.94902497434143
"D3Z",1,"2013-2015",9.81,0.0663644973616561,6.63644973616561
"D4Z",1,"2013-2015",3.4,0.0246394666280165,2.46394666280165
"D6Z",1,"2013-2015",7.34,0.0305999082836536,3.05999082836536
"E0Z",1,"2013-2015",15.66,0.0859353564177139,8.59353564177139
"E1Z",1,"2013-2015",24.53,0.0832174237541134,8.32174237541134
"E2Z",1,"2013-2015",10.33,0.0439742880252011,4.39742880252011
"ENS",1,"2013-2015",4833.2,0.187230284107197,18.7230284107197
"F0Z",1,"2013-2015",2.45,0.106940200785683,10.6940200785683
"F1Z",1,"2013-2015",9.67,0.149759950441381,14.9759950441381
"F2Z",1,"2013-2015",1.91,0.0732924021488872,7.32924021488872
"F3Z",1,"2013-2015",4.99,0.0536674553667455,5.36674553667455
"F4Z",1,"2013-2015",4.4,0.0733577859286429,7.33577859286429
"F5Z",1,"2013-2015",1.51,0.0464186904395942,4.64186904395942
"G0A",1,"2013-2015",8.3,0.0419001463981019,4.19001463981019
"G0B",1,"2013-2015",8.91,0.0516372066067807,5.16372066067806
"G1Z",1,"2013-2015",25.46,0.0536022569371342,5.36022569371342
"H0Z",1,"2013-2015",14.5,0.0507383301840577,5.07383301840577
"J0Z",1,"2013-2015",46.88,0.128716949012932,12.8716949012932
"J1Z",1,"2013-2015",22.45,0.0475393867524987,4.75393867524987
"J3Z",1,"2013-2015",102.14,0.128329480349784,12.8329480349784
"J4Z",1,"2013-2015",7.2,0.0608056751963517,6.08056751963517
"J5Z",1,"2013-2015",31.42,0.1649343832021,16.49343832021
"J6Z",1,"2013-2015",5.24,0.0609514947074561,6.09514947074561
"K0Z",1,"2013-2015",17.24,0.166088631984586,16.6088631984586
"L0Z",1,"2013-2015",130.96,0.304459013344493,30.4459013344493
"L1Z",1,"2013-2015",81.12,0.260033337607386,26.0033337607386
"L2Z",1,"2013-2015",93.72,0.258117822027596,25.8117822027596
"L3Z",1,"2013-2015",29.06,0.18429731100964,18.429731100964
"L4Z",1,"2013-2015",60.26,0.149788714889386,14.9788714889386
"L5Z",1,"2013-2015",64.85,0.103098519896345,10.3098519896345
"L6Z",1,"2013-2015",8.85,0.0568072405160793,5.68072405160793
"M0Z",1,"2013-2015",5.64,0.15359477124183,15.359477124183
"M1Z",1,"2013-2015",12.75,0.0792910447761194,7.92910447761194
"M2Z",1,"2013-2015",15.54,0.0443290734824281,4.43290734824281
"N0Z",1,"2013-2015",31.81,0.081929634780817,8.1929634780817
"P0Z",1,"2013-2015",173.47,0.233142933942611,23.3142933942611
"P1Z",1,"2013-2015",76.15,0.186035716903232,18.6035716903232
"P2Z",1,"2013-2015",45.78,0.102466538341018,10.2466538341018
"P3Z",1,"2013-2015",7.48,0.0886150929984599,8.86150929984599
"P4Z",1,"2013-2015",8.87,0.0234998012981852,2.34998012981852
"Q0Z",1,"2013-2015",45.25,0.170568057597346,17.0568057597346
"Q1Z",1,"2013-2015",32.75,0.173372154579142,17.3372154579142
"Q2Z",1,"2013-2015",17.52,0.069268176965959,6.9268176965959
"R0Z",1,"2013-2015",135.29,0.442109734975981,44.2109734975981
"R1Z",1,"2013-2015",235.84,0.279160057763784,27.9160057763784
"R2Z",1,"2013-2015",59.15,0.113071570576541,11.3071570576541
"R3Z",1,"2013-2015",64.13,0.119229553609608,11.9229553609608
"R4Z",1,"2013-2015",25.58,0.0458760020803816,4.58760020803816
"S0Z",1,"2013-2015",13.82,0.0557842899814322,5.57842899814321
"S1Z",1,"2013-2015",83.37,0.228304625243037,22.8304625243037
"S2Z",1,"2013-2015",138.56,0.381329810656099,38.1329810656099
"S3Z",1,"2013-2015",13.75,0.0638851461227524,6.38851461227524
"T0Z",1,"2013-2015",45.03,0.220529898623831,22.0529898623831
"T1Z",1,"2013-2015",160.02,0.794143920595534,79.4143920595534
"T2A",1,"2013-2015",385.55,0.716662329454627,71.6662329454627
"T2B",1,"2013-2015",155.58,0.3382688670015,33.82688670015
"T2Z",1,"2013-2015",541.13,0.542263330360453,54.2263330360453
"T3Z",1,"2013-2015",34.04,0.147193634869843,14.7193634869843
"T4Z",1,"2013-2015",523.29,0.406659931613304,40.6659931613304
"T6Z",1,"2013-2015",31.01,0.208302545845368,20.8302545845368
"U0Z",1,"2013-2015",31.85,0.205152979066023,20.5152979066023
"U1Z",1,"2013-2015",124.1,0.319047741471065,31.9047741471065
"V0Z",1,"2013-2015",139.1,0.228820529692384,22.8820529692384
"V1Z",1,"2013-2015",149.13,0.252779849481321,25.2779849481321
"V2Z",1,"2013-2015",83.26,0.221524544366104,22.1524544366104
"V3Z",1,"2013-2015",116.96,0.26919535997054,26.919535997054
"V4Z",1,"2013-2015",76.99,0.236797588656845,23.6797588656845
"V5Z",1,"2013-2015",189.24,0.46765185587901,46.765185587901
"W0Z",1,"2013-2015",164.53,0.154996184680314,15.4996184680314
"W1Z",1,"2013-2015",58.16,0.397865645095088,39.7865645095088
"X0Z",1,"2013-2015",12.97,0.408118313404657,40.8118313404657
"ZZZ",1,"2013-2015",14.14,0.231386025200458,23.1386025200458
"A0Z",1,"2014-2016",56.55,0.112831461122528,11.2831461122528
"A1Z",1,"2014-2016",51.46,0.15909723295718,15.909723295718
"A2Z",1,"2014-2016",7,0.102835316585868,10.2835316585867
"A3Z",1,"2014-2016",4.01,0.148794063079777,14.8794063079777
"B0Z",1,"2014-2016",13.99,0.084618641504869,8.4618641504869
"B1Z",1,"2014-2016",3.38,0.0391248987151291,3.91248987151291
"B2Z",1,"2014-2016",16.46,0.0470352907558223,4.70352907558223
"B3Z",1,"2014-2016",17.25,0.139281388776746,13.9281388776746
"B4Z",1,"2014-2016",36.02,0.0710930406979039,7.10930406979039
"B5Z",1,"2014-2016",0.87,0.0119439868204283,1.19439868204283
"B6Z",1,"2014-2016",15.88,0.0558584543951599,5.58584543951599
"B7Z",1,"2014-2016",8.34,0.0518882598145959,5.18882598145959
"C0Z",1,"2014-2016",1.86,0.0763546798029557,7.63546798029557
"C1Z",1,"2014-2016",0.7,0.0151679306608884,1.51679306608884
"C2Z",1,"2014-2016",2.38,0.0193621867881549,1.93621867881549
"D0Z",1,"2014-2016",2.57,0.0580922242314647,5.80922242314647
"D1Z",1,"2014-2016",1.77,0.0169377990430622,1.69377990430622
"D2Z",1,"2014-2016",4.57,0.0318511290772233,3.18511290772233
"D3Z",1,"2014-2016",7.58,0.0480050664977834,4.80050664977834
"D4Z",1,"2014-2016",3.82,0.0284713423268987,2.84713423268987
"D6Z",1,"2014-2016",7.44,0.0296426152436352,2.96426152436352
"E0Z",1,"2014-2016",13.55,0.0728964923606628,7.28964923606628
"E1Z",1,"2014-2016",23.91,0.0806462493254182,8.06462493254182
"E2Z",1,"2014-2016",11.65,0.0508666986857617,5.08666986857617
"ENS",1,"2014-2016",4872.5,0.188218252052149,18.8218252052149
"F0Z",1,"2014-2016",2.38,0.107741059302852,10.7741059302852
"F1Z",1,"2014-2016",7.79,0.12524115755627,12.524115755627
"F2Z",1,"2014-2016",1.77,0.0724519033974621,7.24519033974621
"F3Z",1,"2014-2016",4.45,0.0531216425928137,5.31216425928137
"F4Z",1,"2014-2016",4.09,0.0694397283531409,6.94397283531409
"F5Z",1,"2014-2016",1.73,0.0566284779050736,5.66284779050736
"G0A",1,"2014-2016",9.5,0.0478396615973411,4.78396615973411
"G0B",1,"2014-2016",8.78,0.0499260775616968,4.99260775616968
"G1Z",1,"2014-2016",24.95,0.0519770009582934,5.19770009582934
"H0Z",1,"2014-2016",13.05,0.0448284153756312,4.48284153756312
"J0Z",1,"2014-2016",46.36,0.126958045788148,12.6958045788148
"J1Z",1,"2014-2016",24.82,0.0520455450942565,5.20455450942565
"J3Z",1,"2014-2016",108.5,0.131833149050437,13.1833149050437
"J4Z",1,"2014-2016",7.14,0.0610099974365547,6.10099974365547
"J5Z",1,"2014-2016",33.69,0.180643431635389,18.0643431635389
"J6Z",1,"2014-2016",4.49,0.0525638023881995,5.25638023881995
"K0Z",1,"2014-2016",16.33,0.16221317174928,16.221317174928
"L0Z",1,"2014-2016",122.79,0.293875499605103,29.3875499605103
"L1Z",1,"2014-2016",74.82,0.249125961442413,24.9125961442413
"L2Z",1,"2014-2016",86.99,0.24657029478458,24.657029478458
"L3Z",1,"2014-2016",24.38,0.157097751143759,15.7097751143759
"L4Z",1,"2014-2016",62.88,0.154720602347383,15.4720602347383
"L5Z",1,"2014-2016",67.52,0.102995911892123,10.2995911892123
"L6Z",1,"2014-2016",9.28,0.0541676395050198,5.41676395050198
"M0Z",1,"2014-2016",5.31,0.146928610957388,14.6928610957388
"M1Z",1,"2014-2016",10.28,0.0641457631349058,6.41457631349058
"M2Z",1,"2014-2016",14.2,0.0402368875917373,4.02368875917373
"N0Z",1,"2014-2016",32.31,0.0824276748813715,8.24276748813715
"P0Z",1,"2014-2016",171.24,0.235142260793145,23.5142260793145
"P1Z",1,"2014-2016",76.75,0.184904114869423,18.4904114869423
"P2Z",1,"2014-2016",48.13,0.107143652189399,10.7143652189399
"P3Z",1,"2014-2016",7.47,0.0854984548472015,8.54984548472016
"P4Z",1,"2014-2016",10.52,0.0283741503937857,2.83741503937857
"Q0Z",1,"2014-2016",42.36,0.161463693539165,16.1463693539165
"Q1Z",1,"2014-2016",29.89,0.162031766682929,16.2031766682929
"Q2Z",1,"2014-2016",17.58,0.07112225908245,7.112225908245
"R0Z",1,"2014-2016",137.86,0.45251928442475,45.251928442475
"R1Z",1,"2014-2016",229.59,0.273314921073308,27.3314921073308
"R2Z",1,"2014-2016",57.25,0.109684835712233,10.9684835712233
"R3Z",1,"2014-2016",69.15,0.125681570338059,12.5681570338059
"R4Z",1,"2014-2016",29.35,0.050620030699712,5.0620030699712
"S0Z",1,"2014-2016",13.37,0.0522143247676326,5.22143247676326
"S1Z",1,"2014-2016",86.38,0.241723800195886,24.1723800195886
"S2Z",1,"2014-2016",143.69,0.379770588857173,37.9770588857173
"S3Z",1,"2014-2016",14.58,0.0687735849056604,6.87735849056604
"T0Z",1,"2014-2016",47.29,0.228376877384459,22.8376877384459
"T1Z",1,"2014-2016",147.29,0.793887780951868,79.3887780951868
"T2A",1,"2014-2016",393.09,0.72285766826039,72.285766826039
"T2B",1,"2014-2016",153.17,0.3436539453905,34.3653945390501
"T2Z",1,"2014-2016",546.26,0.552056594239515,55.2056594239515
"T3Z",1,"2014-2016",33.63,0.145963541666667,14.5963541666667
"T4Z",1,"2014-2016",539.16,0.420381271685314,42.0381271685314
"T6Z",1,"2014-2016",38.09,0.229444009397024,22.9444009397024
"U0Z",1,"2014-2016",31.82,0.202533256953727,20.2533256953727
"U1Z",1,"2014-2016",125.72,0.318528465377891,31.8528465377891
"V0Z",1,"2014-2016",146.25,0.235215594190778,23.5215594190778
"V1Z",1,"2014-2016",142.56,0.234246372763273,23.4246372763272
"V2Z",1,"2014-2016",85.04,0.224332594702965,22.4332594702965
"V3Z",1,"2014-2016",121.33,0.283468062240082,28.3468062240082
"V4Z",1,"2014-2016",71.87,0.223810413552566,22.3810413552566
"V5Z",1,"2014-2016",207.52,0.482100127773261,48.210012777326
"W0Z",1,"2014-2016",162.64,0.151162250332271,15.1162250332271
"W1Z",1,"2014-2016",63.26,0.417089734291554,41.7089734291554
"X0Z",1,"2014-2016",16.05,0.43972602739726,43.972602739726
"ZZZ",1,"2014-2016",17.91,0.213417540514776,21.3417540514776
"A0Z",1,"2015-2017",56.37,0.116712907366765,11.6712907366765
"A1Z",1,"2015-2017",51.55,0.159691459372386,15.9691459372386
"A2Z",1,"2015-2017",6.62,0.0980159905241338,9.80159905241339
"A3Z",1,"2015-2017",3.64,0.136534133533383,13.6534133533383
"B0Z",1,"2015-2017",14.68,0.0874329958308517,8.74329958308517
"B1Z",1,"2015-2017",3.19,0.0357222844344905,3.57222844344905
"B2Z",1,"2015-2017",15.77,0.0460855080510827,4.60855080510827
"B3Z",1,"2015-2017",16.36,0.133235605505334,13.3235605505334
"B4Z",1,"2015-2017",34.84,0.0686610697252769,6.86610697252769
"B5Z",1,"2015-2017",1.02,0.0145651863487077,1.45651863487077
"B6Z",1,"2015-2017",14.74,0.0535746737905717,5.35746737905717
"B7Z",1,"2015-2017",9.08,0.055901003509204,5.5901003509204
"C0Z",1,"2015-2017",1.1,0.0462768195204039,4.62768195204039
"C1Z",1,"2015-2017",1.36,0.0303165403477486,3.03165403477486
"C2Z",1,"2015-2017",2.45,0.0208866155157715,2.08866155157715
"D0Z",1,"2015-2017",1.96,0.0431148262208535,4.31148262208535
"D1Z",1,"2015-2017",2.67,0.0243302351011482,2.43302351011482
"D2Z",1,"2015-2017",4.82,0.0352984254851703,3.52984254851703
"D3Z",1,"2015-2017",7.42,0.0439599502340186,4.39599502340186
"D4Z",1,"2015-2017",4.02,0.0308093194359289,3.08093194359289
"D6Z",1,"2015-2017",8.47,0.0323851036170375,3.23851036170375
"E0Z",1,"2015-2017",14.92,0.0769548174128327,7.69548174128327
"E1Z",1,"2015-2017",22.51,0.0755825666509973,7.55825666509973
"E2Z",1,"2015-2017",11.6,0.0537360448418029,5.37360448418029
"ENS",1,"2015-2017",4883.8,0.187594588573316,18.7594588573316
"F0Z",1,"2015-2017",2.22,0.107246376811594,10.7246376811594
"F1Z",1,"2015-2017",7.06,0.111409184156541,11.1409184156541
"F2Z",1,"2015-2017",1.13,0.0489813610749892,4.89813610749892
"F3Z",1,"2015-2017",3.96,0.0494752623688156,4.94752623688156
"F4Z",1,"2015-2017",3.32,0.0585022026431718,5.85022026431718
"F5Z",1,"2015-2017",1.81,0.0632645927997204,6.32645927997204
"G0A",1,"2015-2017",11.89,0.0596408507223114,5.96408507223114
"G0B",1,"2015-2017",9.28,0.0516531225648447,5.16531225648447
"G1Z",1,"2015-2017",24.84,0.0516402644380691,5.16402644380691
"H0Z",1,"2015-2017",12.42,0.042345721104671,4.2345721104671
"J0Z",1,"2015-2017",48.94,0.129125880583626,12.9125880583626
"J1Z",1,"2015-2017",26.82,0.0550492610837438,5.50492610837438
"J3Z",1,"2015-2017",107.75,0.1295165516744,12.95165516744
"J4Z",1,"2015-2017",7.28,0.0646134729741724,6.46134729741724
"J5Z",1,"2015-2017",33.7,0.18088132682089,18.088132682089
"J6Z",1,"2015-2017",3.43,0.0397727272727273,3.97727272727273
"K0Z",1,"2015-2017",17.19,0.175140091696383,17.5140091696383
"L0Z",1,"2015-2017",124.05,0.307313085269781,30.7313085269781
"L1Z",1,"2015-2017",70.24,0.241731768592766,24.1731768592766
"L2Z",1,"2015-2017",89.44,0.252043059234628,25.2043059234628
"L3Z",1,"2015-2017",23.17,0.155170104473614,15.5170104473614
"L4Z",1,"2015-2017",62.34,0.149178013352796,14.9178013352796
"L5Z",1,"2015-2017",64.86,0.0963558302259593,9.63558302259593
"L6Z",1,"2015-2017",7.94,0.0447399560489097,4.47399560489097
"M0Z",1,"2015-2017",5.15,0.130910015251652,13.0910015251652
"M1Z",1,"2015-2017",10.62,0.065942253958398,6.5942253958398
"M2Z",1,"2015-2017",16.44,0.0438248074001013,4.38248074001013
"N0Z",1,"2015-2017",29.86,0.0747378169348985,7.47378169348985
"P0Z",1,"2015-2017",160.6,0.230435905529888,23.0435905529888
"P1Z",1,"2015-2017",75.39,0.178029140198833,17.8029140198833
"P2Z",1,"2015-2017",48.29,0.10563272448868,10.563272448868
"P3Z",1,"2015-2017",8.04,0.0840564558285415,8.40564558285415
"P4Z",1,"2015-2017",9.97,0.0281423772828634,2.81423772828634
"Q0Z",1,"2015-2017",40.53,0.157900888265545,15.7900888265545
"Q1Z",1,"2015-2017",28.03,0.154878992153829,15.4878992153829
"Q2Z",1,"2015-2017",16.64,0.0655092319200032,6.55092319200032
"R0Z",1,"2015-2017",139.51,0.456840657541424,45.6840657541424
"R1Z",1,"2015-2017",234.1,0.277777777777778,27.7777777777778
"R2Z",1,"2015-2017",56.5,0.106352941176471,10.6352941176471
"R3Z",1,"2015-2017",69.14,0.124905155905626,12.4905155905626
"R4Z",1,"2015-2017",27.09,0.0446212383258388,4.46212383258388
"S0Z",1,"2015-2017",14.22,0.0558281967728004,5.58281967728004
"S1Z",1,"2015-2017",85.66,0.237937835060137,23.7937835060137
"S2Z",1,"2015-2017",152.13,0.378000298166277,37.8000298166277
"S3Z",1,"2015-2017",16.47,0.0789322342566855,7.89322342566855
"T0Z",1,"2015-2017",53.62,0.249627560521415,24.9627560521415
"T1Z",1,"2015-2017",139.12,0.807710171853228,80.7710171853228
"T2A",1,"2015-2017",402.14,0.719275966302384,71.9275966302384
"T2B",1,"2015-2017",144.75,0.337082576498533,33.7082576498533
"T2Z",1,"2015-2017",546.89,0.553246805798626,55.3246805798626
"T3Z",1,"2015-2017",34.24,0.151968399094581,15.1968399094581
"T4Z",1,"2015-2017",552.07,0.428978817971312,42.8978817971312
"T6Z",1,"2015-2017",41.9,0.234458060545017,23.4458060545017
"U0Z",1,"2015-2017",35.75,0.209529949595593,20.9529949595593
"U1Z",1,"2015-2017",124.7,0.306425850841627,30.6425850841627
"V0Z",1,"2015-2017",162.65,0.254438795463434,25.4438795463434
"V1Z",1,"2015-2017",134.54,0.216218822319362,21.6218822319362
"V2Z",1,"2015-2017",84.39,0.228167414697453,22.8167414697453
"V3Z",1,"2015-2017",118.24,0.280229416504716,28.0229416504716
"V4Z",1,"2015-2017",69.66,0.212975418857772,21.2975418857772
"V5Z",1,"2015-2017",208.11,0.479251105379514,47.9251105379514
"W0Z",1,"2015-2017",155.96,0.144643122124944,14.4643122124944
"W1Z",1,"2015-2017",65.2,0.422279792746114,42.2279792746114
"X0Z",1,"2015-2017",19,0.467634752645828,46.7634752645828
"ZZZ",1,"2015-2017",17.12,0.203301270632941,20.3301270632941
"A0Z",1,"2016-2018",56.91,0.12190472110359,12.190472110359
"A1Z",1,"2016-2018",52.42,0.162593052109181,16.2593052109181
"A2Z",1,"2016-2018",5.95,0.0879137115839244,8.79137115839244
"A3Z",1,"2016-2018",3.5,0.142508143322476,14.2508143322476
"B0Z",1,"2016-2018",13.52,0.0770633834929321,7.70633834929321
"B1Z",1,"2016-2018",2.69,0.0306029579067122,3.06029579067122
"B2Z",1,"2016-2018",15.54,0.0453709380748007,4.53709380748007
"B3Z",1,"2016-2018",15.16,0.126649958228906,12.6649958228906
"B4Z",1,"2016-2018",36.57,0.0715879727507635,7.15879727507635
"B5Z",1,"2016-2018",1.25,0.0172962501729625,1.72962501729625
"B6Z",1,"2016-2018",14.38,0.0497836247187121,4.97836247187121
"B7Z",1,"2016-2018",9.96,0.0577860292411232,5.77860292411232
"C0Z",1,"2016-2018",0.95,0.0372257053291536,3.72257053291536
"C1Z",1,"2016-2018",1.71,0.0385395537525355,3.85395537525355
"C2Z",1,"2016-2018",2.27,0.0192568713946386,1.92568713946386
"D0Z",1,"2016-2018",1.31,0.0284288194444444,2.84288194444444
"D1Z",1,"2016-2018",3.37,0.0311258889812506,3.11258889812506
"D2Z",1,"2016-2018",5.12,0.0370665315282705,3.70665315282705
"D3Z",1,"2016-2018",7.43,0.0441421102661597,4.41421102661597
"D4Z",1,"2016-2018",4,0.0312451179503203,3.12451179503203
"D6Z",1,"2016-2018",10.92,0.0406507091538547,4.06507091538547
"E0Z",1,"2016-2018",14.64,0.0764051980585564,7.64051980585564
"E1Z",1,"2016-2018",21.85,0.0725311203319502,7.25311203319502
"E2Z",1,"2016-2018",10,0.0467508181393174,4.67508181393174
"ENS",1,"2016-2018",4891.4,0.186393012834192,18.6393012834192
"F0Z",1,"2016-2018",1.12,0.0663507109004739,6.63507109004739
"F1Z",1,"2016-2018",8.63,0.129637975063843,12.9637975063843
"F2Z",1,"2016-2018",0.53,0.0215447154471545,2.15447154471545
"F3Z",1,"2016-2018",3.74,0.049753891179992,4.9753891179992
"F4Z",1,"2016-2018",2.59,0.048411214953271,4.8411214953271
"F5Z",1,"2016-2018",1.61,0.0600970511384845,6.00970511384845
"G0A",1,"2016-2018",13.67,0.0684801122132051,6.84801122132051
"G0B",1,"2016-2018",9.9,0.0537546831731552,5.37546831731552
"G1Z",1,"2016-2018",24.58,0.0500763980849547,5.00763980849547
"H0Z",1,"2016-2018",11.97,0.039719936288824,3.9719936288824
"J0Z",1,"2016-2018",48.24,0.126418407190964,12.6418407190964
"J1Z",1,"2016-2018",29.7,0.0598657555783999,5.98657555783999
"J3Z",1,"2016-2018",108.9,0.129354888521981,12.9354888521981
"J4Z",1,"2016-2018",6.42,0.060061745719899,6.0061745719899
"J5Z",1,"2016-2018",31.33,0.172351193750688,17.2351193750688
"J6Z",1,"2016-2018",3.32,0.0378476972184223,3.78476972184223
"K0Z",1,"2016-2018",18.77,0.190984940984941,19.0984940984941
"L0Z",1,"2016-2018",125.66,0.322527655860989,32.2527655860989
"L1Z",1,"2016-2018",65.02,0.231866485985308,23.1866485985308
"L2Z",1,"2016-2018",89.41,0.25262057468991,25.262057468991
"L3Z",1,"2016-2018",22.44,0.160503540519276,16.0503540519276
"L4Z",1,"2016-2018",59.35,0.136323961778758,13.6323961778758
"L5Z",1,"2016-2018",63.58,0.0928297148530464,9.28297148530464
"L6Z",1,"2016-2018",9.65,0.0530861480910991,5.30861480910991
"M0Z",1,"2016-2018",5.03,0.11849234393404,11.849234393404
"M1Z",1,"2016-2018",10.48,0.0623253047873922,6.23253047873922
"M2Z",1,"2016-2018",19.84,0.0497430111570766,4.97430111570766
"N0Z",1,"2016-2018",25.64,0.0654916985951469,6.54916985951469
"P0Z",1,"2016-2018",146.13,0.21870182737926,21.870182737926
"P1Z",1,"2016-2018",72.41,0.1740039409814,17.40039409814
"P2Z",1,"2016-2018",46.37,0.101439446972349,10.1439446972349
"P3Z",1,"2016-2018",7.24,0.0719825014913502,7.19825014913502
"P4Z",1,"2016-2018",9.45,0.0266986862551208,2.66986862551208
"Q0Z",1,"2016-2018",42.52,0.177196199366561,17.7196199366561
"Q1Z",1,"2016-2018",26.85,0.149765729585007,14.9765729585007
"Q2Z",1,"2016-2018",16.6,0.062952709621146,6.2952709621146
"R0Z",1,"2016-2018",138.32,0.452884552419619,45.2884552419619
"R1Z",1,"2016-2018",235.02,0.275906598889424,27.5906598889424
"R2Z",1,"2016-2018",53.8,0.100345052690478,10.0345052690478
"R3Z",1,"2016-2018",69.42,0.122507323615572,12.2507323615572
"R4Z",1,"2016-2018",26.37,0.0423308451721647,4.23308451721647
"S0Z",1,"2016-2018",16.09,0.0652605962279457,6.52605962279457
"S1Z",1,"2016-2018",81.7,0.220055485226385,22.0055485226385
"S2Z",1,"2016-2018",155.47,0.377244491895564,37.7244491895564
"S3Z",1,"2016-2018",17.72,0.0887419871794872,8.87419871794872
"T0Z",1,"2016-2018",58.64,0.263704636416783,26.3704636416783
"T1Z",1,"2016-2018",141.05,0.806968362034441,80.6968362034441
"T2A",1,"2016-2018",406.97,0.723360765005954,72.3360765005955
"T2B",1,"2016-2018",129.61,0.306095458517346,30.6095458517346
"T2Z",1,"2016-2018",536.58,0.544176706827309,54.4176706827309
"T3Z",1,"2016-2018",38.07,0.171687562009561,17.1687562009561
"T4Z",1,"2016-2018",549.7,0.427273363232882,42.7273363232882
"T6Z",1,"2016-2018",45.25,0.235382854764877,23.5382854764877
"U0Z",1,"2016-2018",39.29,0.212907770673025,21.2907770673025
"U1Z",1,"2016-2018",125.78,0.297457727326475,29.7457727326475
"V0Z",1,"2016-2018",190.16,0.278651290242223,27.8651290242223
"V1Z",1,"2016-2018",132.56,0.209763430651159,20.9763430651159
"V2Z",1,"2016-2018",86.26,0.229256365279328,22.9256365279328
"V3Z",1,"2016-2018",115.41,0.272534063806173,27.2534063806173
"V4Z",1,"2016-2018",73.32,0.213561691716183,21.3561691716183
"V5Z",1,"2016-2018",200.2,0.464598175953215,46.4598175953215
"W0Z",1,"2016-2018",158.16,0.147542818761894,14.7542818761894
"W1Z",1,"2016-2018",67.24,0.425785207700101,42.5785207700101
"X0Z",1,"2016-2018",19.77,0.464193472646161,46.4193472646161
"ZZZ",1,"2016-2018",19.95,0.209053756680289,20.9053756680289
"A0Z",1,"2017-2019",51.06,0.114103108449351,11.4103108449351
"A1Z",1,"2017-2019",51.6,0.160913088221536,16.0913088221536
"A2Z",1,"2017-2019",5.68,0.0867970660146699,8.67970660146699
"A3Z",1,"2017-2019",2.33,0.0961617829137433,9.61617829137433
"B0Z",1,"2017-2019",12.98,0.0721672411875904,7.21672411875904
"B1Z",1,"2017-2019",2.58,0.0282059691702197,2.82059691702197
"B2Z",1,"2017-2019",15.13,0.0432483420992454,4.32483420992454
"B3Z",1,"2017-2019",14.93,0.125188663424451,12.5188663424451
"B4Z",1,"2017-2019",35.38,0.0692395005675369,6.92395005675369
"B5Z",1,"2017-2019",1.19,0.0163506457818082,1.63506457818082
"B6Z",1,"2017-2019",13.87,0.0460216338177716,4.60216338177716
"B7Z",1,"2017-2019",10.46,0.0551309755969009,5.51309755969009
"C0Z",1,"2017-2019",0.99,0.0346396081175647,3.46396081175647
"C1Z",1,"2017-2019",1.78,0.0369524600373677,3.69524600373677
"C2Z",1,"2017-2019",2.45,0.0197692245622529,1.97692245622529
"D0Z",1,"2017-2019",0.82,0.0190078813166435,1.90078813166435
"D1Z",1,"2017-2019",3.81,0.0365537753046148,3.65537753046148
"D2Z",1,"2017-2019",4.74,0.0324501951119326,3.24501951119326
"D3Z",1,"2017-2019",7.37,0.0454573490408931,4.54573490408931
"D4Z",1,"2017-2019",4.06,0.0332950631458094,3.32950631458094
"D6Z",1,"2017-2019",12.04,0.0449891637396308,4.49891637396308
"E0Z",1,"2017-2019",15.67,0.0821451037953449,8.21451037953449
"E1Z",1,"2017-2019",22.28,0.0734174712492174,7.34174712492174
"E2Z",1,"2017-2019",8.73,0.0395308820865785,3.95308820865785
"ENS",1,"2017-2019",4862,0.183901959301006,18.3901959301006
"F0Z",1,"2017-2019",1.39,0.079610538373425,7.9610538373425
"F1Z",1,"2017-2019",11.09,0.160375994215474,16.0375994215474
"F2Z",1,"2017-2019",1.08,0.0407086317376555,4.07086317376555
"F3Z",1,"2017-2019",5,0.0634678852500635,6.34678852500635
"F4Z",1,"2017-2019",2.68,0.0538910114618942,5.38910114618942
"F5Z",1,"2017-2019",1.65,0.0601531170251549,6.01531170251549
"G0A",1,"2017-2019",13.18,0.0646015096559161,6.46015096559161
"G0B",1,"2017-2019",9.64,0.0536479492459235,5.36479492459235
"G1Z",1,"2017-2019",24.99,0.051009369067788,5.1009369067788
"H0Z",1,"2017-2019",11.86,0.0377514642220525,3.77514642220525
"J0Z",1,"2017-2019",50.55,0.13457391582142,13.457391582142
"J1Z",1,"2017-2019",30,0.0604582737147579,6.04582737147579
"J3Z",1,"2017-2019",107.24,0.128891132424701,12.8891132424701
"J4Z",1,"2017-2019",6.05,0.0576629813191003,5.76629813191003
"J5Z",1,"2017-2019",31.04,0.172992253246391,17.2992253246391
"J6Z",1,"2017-2019",3.9,0.0403434364332264,4.03434364332264
"K0Z",1,"2017-2019",20.18,0.195922330097087,19.5922330097087
"L0Z",1,"2017-2019",125.35,0.329037169256615,32.9037169256615
"L1Z",1,"2017-2019",65.16,0.229323572886605,22.9323572886605
"L2Z",1,"2017-2019",87.22,0.249207120203434,24.9207120203434
"L3Z",1,"2017-2019",23.69,0.173235831809872,17.3235831809872
"L4Z",1,"2017-2019",58.8,0.129967729101278,12.9967729101278
"L5Z",1,"2017-2019",64.53,0.0941892542803345,9.41892542803346
"L6Z",1,"2017-2019",11.48,0.062780269058296,6.2780269058296
"M0Z",1,"2017-2019",5.09,0.116529304029304,11.6529304029304
"M1Z",1,"2017-2019",9.65,0.0549012914604312,5.49012914604312
"M2Z",1,"2017-2019",23.1,0.052987727950453,5.2987727950453
"N0Z",1,"2017-2019",26.04,0.0664099359873505,6.64099359873505
"P0Z",1,"2017-2019",134.1,0.20501138952164,20.501138952164
"P1Z",1,"2017-2019",66.51,0.166637436424223,16.6637436424223
"P2Z",1,"2017-2019",45.55,0.0979254004084704,9.79254004084704
"P3Z",1,"2017-2019",6.99,0.0682883939038687,6.82883939038687
"P4Z",1,"2017-2019",8.86,0.0252213271086567,2.52213271086567
"Q0Z",1,"2017-2019",41.54,0.179005429630268,17.9005429630268
"Q1Z",1,"2017-2019",27.51,0.154169468728985,15.4169468728985
"Q2Z",1,"2017-2019",17.33,0.0609438739625826,6.09438739625826
"R0Z",1,"2017-2019",132.62,0.434506257781272,43.4506257781272
"R1Z",1,"2017-2019",236.8,0.273608559511017,27.3608559511017
"R2Z",1,"2017-2019",53.53,0.0988386048486863,9.88386048486863
"R3Z",1,"2017-2019",65.87,0.116780427267086,11.6780427267086
"R4Z",1,"2017-2019",25.69,0.0406609581994587,4.06609581994587
"S0Z",1,"2017-2019",16.47,0.0691551897883776,6.91551897883776
"S1Z",1,"2017-2019",77.68,0.208570508001289,20.8570508001289
"S2Z",1,"2017-2019",156.69,0.377957884072654,37.7957884072654
"S3Z",1,"2017-2019",18.46,0.0916948142261077,9.16948142261077
"T0Z",1,"2017-2019",59.78,0.264139271827501,26.4139271827501
"T1Z",1,"2017-2019",133.11,0.796875,79.6875
"T2A",1,"2017-2019",406.24,0.728524801836376,72.8524801836376
"T2B",1,"2017-2019",122.04,0.289324577416372,28.9324577416372
"T2Z",1,"2017-2019",528.28,0.539374942568637,53.9374942568637
"T3Z",1,"2017-2019",37.92,0.174641919587344,17.4641919587344
"T4Z",1,"2017-2019",534.63,0.417839641737853,41.7839641737853
"T6Z",1,"2017-2019",45.52,0.22920443101712,22.920443101712
"U0Z",1,"2017-2019",39.98,0.195980392156863,19.5980392156863
"U1Z",1,"2017-2019",126.03,0.292949954673299,29.2949954673299
"V0Z",1,"2017-2019",218.63,0.300749707682784,30.0749707682784
"V1Z",1,"2017-2019",138.91,0.21585964694182,21.585964694182
"V2Z",1,"2017-2019",89.4,0.230876504312794,23.0876504312794
"V3Z",1,"2017-2019",116.51,0.27021824338428,27.021824338428
"V4Z",1,"2017-2019",78.17,0.217459036915459,21.7459036915459
"V5Z",1,"2017-2019",190.49,0.45343965722447,45.343965722447
"W0Z",1,"2017-2019",152.99,0.144025832203645,14.4025832203645
"W1Z",1,"2017-2019",65.64,0.414341623532382,41.4341623532382
"X0Z",1,"2017-2019",19.28,0.461796407185629,46.1796407185629
"ZZZ",1,"2017-2019",21.04,0.200533739992375,20.0533739992375
