"Fap","Salaire","Milliers","Pourcentage"
"P","Moins de 1250 €",67.37656,4.1756071395174
"P","De 1250 € à moins de 1500 €",187.74422,11.6352943135584
"P","De 1500 € à moins de 2000 €",520.40475,32.2516582849995
"P","De 2000 € à moins de 3000 €",274.35422,17.0028781491475
"P","3000 € ou plus",563.69542,34.9345621127772
"J5Z61","Moins de 1250 €",4.47662,10.8735740733724
"J5Z61","De 1250 € à moins de 1500 €",8.08343,19.6344060634855
"J5Z61","De 1500 € à moins de 2000 €",15.78833,38.3493742488411
"J5Z61","De 2000 € à moins de 3000 €",1.49375,3.62827340093642
"J5Z61","3000 € ou plus",11.32759,27.5143722133646
"L2Z61","Moins de 1250 €",30.31363,14.5020780792918
"L2Z61","De 1250 € à moins de 1500 €",49.09648,23.4878167470668
"L2Z61","De 1500 € à moins de 2000 €",85.02988,40.6783997440362
"L2Z61","De 2000 € à moins de 3000 €",5.60271,2.68034339258046
"L2Z61","3000 € ou plus",38.98686,18.6513620370248
"J5Z","Moins de 1250 €",10.86246,7.8684724125814
"J5Z","De 1250 € à moins de 1500 €",22.7399,16.4721689023352
"J5Z","De 1500 € à moins de 2000 €",51.40782,37.2384352587674
"J5Z","De 2000 € à moins de 3000 €",12.63801,9.15463283960796
"J5Z","3000 € ou plus",40.40224,29.2662905867081
"L2Z60","Moins de 1250 €",12.74309,28.1776779882213
"L2Z60","De 1250 € à moins de 1500 €",17.2023,38.0379382125355
"L2Z60","De 1500 € à moins de 2000 €",12.30013,27.1981993655589
"L2Z60","De 2000 € à moins de 3000 €",0.39266,0.868254641445284
"L2Z60","3000 € ou plus",2.58588,5.71792979223891
"T4Z","Moins de 1250 €",157.62143,21.503509506806
"T4Z","De 1250 € à moins de 1500 €",271.68131,37.0641329190232
"T4Z","De 1500 € à moins de 2000 €",268.63626,36.6487118584244
"T4Z","De 2000 € à moins de 3000 €",2.45944,0.335529194357766
"T4Z","3000 € ou plus",32.60484,4.44811652138855
"T4Z60","Moins de 1250 €",102.01083,22.1831398244704
"T4Z60","De 1250 € à moins de 1500 €",161.46268,35.1114602917526
"T4Z60","De 1500 € à moins de 2000 €",172.15902,37.4374722047041
"T4Z60","De 2000 € à moins de 3000 €",1.57109,0.341647148119736
"T4Z60","3000 € ou plus",22.65387,4.92628053095319
"J4Z","Moins de 1250 €",3.16789,3.29718859116481
"J4Z","De 1250 € à moins de 1500 €",6.0559,6.30307377757276
"J4Z","De 1500 € à moins de 2000 €",25.08979,26.1138389725404
"J4Z","De 2000 € à moins de 3000 €",9.66696,10.061520514679
"J4Z","3000 € ou plus",52.09798,54.224378144043
"J4Z40","Moins de 1250 €",0.65242,3.71682998986506
"J4Z40","De 1250 € à moins de 1500 €",3.55715,20.2650467466486
"J4Z40","De 1500 € à moins de 2000 €",6.2902,35.8352043196854
"J4Z40","De 2000 € à moins de 3000 €",0.28546,1.62626266654437
"J4Z40","3000 € ou plus",6.7679,38.5566562772565
"T3Z","Moins de 1250 €",32.09402,17.4889046009566
"T3Z","De 1250 € à moins de 1500 €",64.37542,35.0799176614994
"T3Z","De 1500 € à moins de 2000 €",60.39458,32.9106496485901
"T3Z","De 2000 € à moins de 3000 €",5.81193,3.1670787678651
"T3Z","3000 € ou plus",20.8348,11.3534493210888
"G1Z80","Moins de 1250 €",0.20213,0.932299116130809
"G1Z80","De 1250 € à moins de 1500 €",0.6406,2.95468665607973
"G1Z80","De 1500 € à moins de 2000 €",9.90397,45.6808117408898
"G1Z80","De 2000 € à moins de 3000 €",1.48927,6.86906992866041
"G1Z80","3000 € ou plus",9.44484,43.5631325582393
"E2Z80","Moins de 1250 €",2.27711,3.00696070513454
"E2Z80","De 1250 € à moins de 1500 €",4.93033,6.5105807683186
"E2Z80","De 1500 € à moins de 2000 €",20.04806,26.4737885452084
"E2Z80","De 2000 € à moins de 3000 €",13.1972,17.427116747896
"E2Z80","3000 € ou plus",35.27526,46.5815532334424
"C2Z80","Moins de 1250 €",0,0
"C2Z80","De 1250 € à moins de 1500 €",0.51954,5.48227078327651
"C2Z80","De 1500 € à moins de 2000 €",1.11675,11.7841280694923
"C2Z80","De 2000 € à moins de 3000 €",2.7498,29.0163379140273
"C2Z80","3000 € ou plus",5.09064,53.7172632332039
"D6Z80","Moins de 1250 €",2.15071,3.02303608285388
"D6Z80","De 1250 € à moins de 1500 €",2.02092,2.84060337310054
"D6Z80","De 1500 € à moins de 2000 €",16.59088,23.3201263240041
"D6Z80","De 2000 € à moins de 3000 €",13.60437,19.1222904968568
"D6Z80","3000 € ou plus",36.77716,51.6939437231847
"P4Z61","Moins de 1250 €",0.32761,1.30776796848679
"P4Z61","De 1250 € à moins de 1500 €",1.37624,5.49373520023887
"P4Z61","De 1500 € à moins de 2000 €",10.06744,40.1876485963879
"P4Z61","De 2000 € à moins de 3000 €",0.54983,2.19483551208172
"P4Z61","3000 € ou plus",12.72996,50.8160127228048
"T4Z61","Moins de 1250 €",50.05248,22.5057552076097
"T4Z61","De 1250 € à moins de 1500 €",99.79666,44.8728854293944
"T4Z61","De 1500 € à moins de 2000 €",66.70531,29.9935862899844
"T4Z61","De 2000 € à moins de 3000 €",0.54836,0.2465663225008
"T4Z61","3000 € ou plus",5.29577,2.38120675051073
"P4Z60","Moins de 1250 €",12.815,4.78830212000535
"P4Z60","De 1250 € à moins de 1500 €",20.2758,7.5760168649867
"P4Z60","De 1500 € à moins de 2000 €",77.15562,28.829061163974
"P4Z60","De 2000 € à moins de 3000 €",15.6803,5.85891640517518
"P4Z60","3000 € ou plus",141.70468,52.9477034458587
"T3Z61","Moins de 1250 €",22.31485,15.0404970548669
"T3Z61","De 1250 € à moins de 1500 €",52.56176,35.4273049775651
"T3Z61","De 1500 € à moins de 2000 €",48.19905,32.4867821012636
"T3Z61","De 2000 € à moins de 3000 €",5.68077,3.82891233659989
"T3Z61","3000 € ou plus",19.60868,13.2165035297045
"P0Z60","Moins de 1250 €",0.95782,5.21208407724694
"P0Z60","De 1250 € à moins de 1500 €",1.9531,10.6280109115189
"P0Z60","De 1500 € à moins de 2000 €",10.71972,58.3325488343797
"P0Z60","De 2000 € à moins de 3000 €",0.14473,0.787564394667003
"P0Z60","3000 € ou plus",4.60154,25.0397917821875
"J5Z60","Moins de 1250 €",1.19241,6.45601591791984
"J5Z60","De 1250 € à moins de 1500 €",2.70383,14.6392344238552
"J5Z60","De 1500 € à moins de 2000 €",5.23268,28.3310819041947
"J5Z60","De 2000 € à moins de 3000 €",4.35266,23.5664261833539
"J5Z60","3000 € ou plus",4.98817,27.0072415706764
"R4Z93","Moins de 1250 €",0,0
"R4Z93","De 1250 € à moins de 1500 €",0.34594,0.934866095038324
"R4Z93","De 1500 € à moins de 2000 €",3.90839,10.5620087217056
"R4Z93","De 2000 € à moins de 3000 €",20.14335,54.4352632118004
"R4Z93","3000 € ou plus",12.60655,34.0678619714557
"E1Z46","Moins de 1250 €",2.64058,6.45486959382854
"E1Z46","De 1250 € à moins de 1500 €",4.68721,11.4578347593669
"E1Z46","De 1500 € à moins de 2000 €",16.22822,39.669710381795
"E1Z46","De 2000 € à moins de 3000 €",3.0847,7.54051618814159
"E1Z46","3000 € ou plus",14.26763,34.8770690768679
"D4Z41","Moins de 1250 €",1.92096,10.8745752119058
"D4Z41","De 1250 € à moins de 1500 €",3.02758,17.1391629289843
"D4Z41","De 1500 € à moins de 2000 €",8.7681,49.6363083643132
"D4Z41","De 2000 € à moins de 3000 €",1.30518,7.38863801176245
"D4Z41","3000 € ou plus",2.64287,14.9613154830342
"A0Z40","Moins de 1250 €",13.3346,29.1282537901724
"A0Z40","De 1250 € à moins de 1500 €",15.97917,34.9050829508429
"A0Z40","De 1500 € à moins de 2000 €",12.82738,28.0202765814484
"A0Z40","De 2000 € à moins de 3000 €",0.27418,0.598921949229034
"A0Z40","3000 € ou plus",3.36359,7.34746472830726
"A0Z","Moins de 1250 €",29.64913,27.5399652382495
"A0Z","De 1250 € à moins de 1500 €",29.96988,27.8378978875437
"A0Z","De 1500 € à moins de 2000 €",35.36057,32.8451077183273
"A0Z","De 2000 € à moins de 3000 €",0.45733,0.424796690574349
"A0Z","3000 € ou plus",12.22165,11.3522324653051
"A","Moins de 1250 €",93.70697,25.5460999609149
"A","De 1250 € à moins de 1500 €",92.30393,25.1636076010706
"A","De 1500 € à moins de 2000 €",113.89237,31.0489803352462
"A","De 2000 € à moins de 3000 €",14.39862,3.92530657878735
"A","3000 € ou plus",52.51328,14.3160055239809
"S1Z20","Moins de 1250 €",26.80345,44.4435103665239
"S1Z20","De 1250 € à moins de 1500 €",23.42648,38.8440669664228
"S1Z20","De 1500 € à moins de 2000 €",8.69533,14.4179569792451
"S1Z20","De 2000 € à moins de 3000 €",0.44679,0.740834332769073
"S1Z20","3000 € ou plus",0.93698,1.5536313550392
"T2A","Moins de 1250 €",69.25932,45.8786935824312
"T2A","De 1250 € à moins de 1500 €",48.07174,31.8436367760223
"T2A","De 1500 € à moins de 2000 €",23.8702,15.8120754225041
"T2A","De 2000 € à moins de 3000 €",2.65796,1.76068336209999
"T2A","3000 € ou plus",7.10262,4.70491085694239
"T2A60","Moins de 1250 €",69.25932,45.8786935824312
"T2A60","De 1250 € à moins de 1500 €",48.07174,31.8436367760223
"T2A60","De 1500 € à moins de 2000 €",23.8702,15.8120754225041
"T2A60","De 2000 € à moins de 3000 €",2.65796,1.76068336209999
"T2A60","3000 € ou plus",7.10262,4.70491085694239
"V0Z","Moins de 1250 €",49.33078,9.81173735732979
"V0Z","De 1250 € à moins de 1500 €",147.03794,29.2453849066002
"V0Z","De 1500 € à moins de 2000 €",269.68981,53.6404570061161
"V0Z","De 2000 € à moins de 3000 €",1.64449,0.327083901101001
"V0Z","3000 € ou plus",35.07012,6.97533682885287
"V0Z60","Moins de 1250 €",49.33078,9.81173735732979
"V0Z60","De 1250 € à moins de 1500 €",147.03794,29.2453849066002
"V0Z60","De 1500 € à moins de 2000 €",269.68981,53.6404570061161
"V0Z60","De 2000 € à moins de 3000 €",1.64449,0.327083901101001
"V0Z60","3000 € ou plus",35.07012,6.97533682885287
"S0Z20","Moins de 1250 €",0.28959,37.2305002378412
"S0Z20","De 1250 € à moins de 1500 €",0.25981,33.4019001581322
"S0Z20","De 1500 € à moins de 2000 €",0.22843,29.3675996040266
"S0Z20","De 2000 € à moins de 3000 €",NA,NA
"S0Z20","3000 € ou plus",NA,NA
"B7Z90","Moins de 1250 €",0.57328,2.22044312031751
"B7Z90","De 1250 € à moins de 1500 €",0,0
"B7Z90","De 1500 € à moins de 2000 €",3.77347,14.6155028977542
"B7Z90","De 2000 € à moins de 3000 €",7.9196,30.6744022740486
"B7Z90","3000 € ou plus",13.55192,52.4896517078797
"P4Z","Moins de 1250 €",13.56651,3.95477892258451
"P4Z","De 1250 € à moins de 1500 €",21.99413,6.41151790287876
"P4Z","De 1500 € à moins de 2000 €",89.12646,25.9812910949516
"P4Z","De 2000 € à moins de 3000 €",26.5564,7.74146711127057
"P4Z","3000 € ou plus",191.79742,55.9109449683146
"K","Moins de 1250 €",27.09828,42.3880536313304
"K","De 1250 € à moins de 1500 €",14.93402,23.3603033362767
"K","De 1500 € à moins de 2000 €",14.64202,22.9035469790338
"K","De 2000 € à moins de 3000 €",1.8219,2.84987810705775
"K","3000 € ou plus",5.43283,8.49821794630141
"K0Z","Moins de 1250 €",27.09828,42.3880536313304
"K0Z","De 1250 € à moins de 1500 €",14.93402,23.3603033362767
"K0Z","De 1500 € à moins de 2000 €",14.64202,22.9035469790338
"K0Z","De 2000 € à moins de 3000 €",1.8219,2.84987810705775
"K0Z","3000 € ou plus",5.43283,8.49821794630141
"K0Z40","Moins de 1250 €",4.36159,15.9629662433143
"K0Z40","De 1250 € à moins de 1500 €",7.97964,29.204653338301
"K0Z40","De 1500 € à moins de 2000 €",8.68075,31.7706430949838
"K0Z40","De 2000 € à moins de 3000 €",1.70561,6.24235539201513
"K0Z40","3000 € ou plus",4.59559,16.8193819313857
"U1Z91","Moins de 1250 €",9.55425,22.0021729858889
"U1Z91","De 1250 € à moins de 1500 €",4.65213,10.7132395544227
"U1Z91","De 1500 € à moins de 2000 €",9.11263,20.9851805862732
"U1Z91","De 2000 € à moins de 3000 €",6.7937,15.6449917695511
"U1Z91","3000 € ou plus",13.31141,30.6544151038639
"U1Z93","Moins de 1250 €",0.08414,1.02686771175943
"U1Z93","De 1250 € à moins de 1500 €",0.23217,2.83346656333714
"U1Z93","De 1500 € à moins de 2000 €",2.1766,26.5638253080054
"U1Z93","De 2000 € à moins de 3000 €",2.36878,28.9092429077906
"U1Z93","3000 € ou plus",3.33216,40.6665975091074
"T2B","Moins de 1250 €",125.02808,42.4245800994684
"T2B","De 1250 € à moins de 1500 €",49.1644,16.6824846533859
"T2B","De 1500 € à moins de 2000 €",74.63957,25.3267299318271
"T2B","De 2000 € à moins de 3000 €",7.03981,2.38875125675799
"T2B","3000 € ou plus",38.83484,13.1774540585606
"T2B60","Moins de 1250 €",125.02808,42.4245800994684
"T2B60","De 1250 € à moins de 1500 €",49.1644,16.6824846533859
"T2B60","De 1500 € à moins de 2000 €",74.63957,25.3267299318271
"T2B60","De 2000 € à moins de 3000 €",7.03981,2.38875125675799
"T2B60","3000 € ou plus",38.83484,13.1774540585606
"U0Z80","Moins de 1250 €",6.42344,18.7480608921458
"U0Z80","De 1250 € à moins de 1500 €",4.41123,12.875034039278
"U0Z80","De 1500 € à moins de 2000 €",10.04609,29.3214705902097
"U0Z80","De 2000 € à moins de 3000 €",1.54558,4.51107630081119
"U0Z80","3000 € ou plus",11.83555,34.5443581775553
"R2Z80","Moins de 1250 €",21.41608,6.06981181471305
"R2Z80","De 1250 € à moins de 1500 €",33.40513,9.46778554927071
"R2Z80","De 1500 € à moins de 2000 €",104.51889,29.6230679649448
"R2Z80","De 2000 € à moins de 3000 €",53.34744,15.1198968997452
"R2Z80","3000 € ou plus",140.14185,39.7194377713262
"R2Z","Moins de 1250 €",30.01051,7.03429289599355
"R2Z","De 1250 € à moins de 1500 €",46.32456,10.8582134498223
"R2Z","De 1500 € à moins de 2000 €",124.84791,29.2636401844768
"R2Z","De 2000 € à moins de 3000 €",63.46089,14.874871759941
"R2Z","3000 € ou plus",161.98764,37.9689817097664
"P1Z81","Moins de 1250 €",7.56625,2.71812248103287
"P1Z81","De 1250 € à moins de 1500 €",24.73823,8.8870363923954
"P1Z81","De 1500 € à moins de 2000 €",107.03747,38.4524637065761
"P1Z81","De 2000 € à moins de 3000 €",11.00478,3.95339037393965
"P1Z81","3000 € ou plus",128.01637,45.988987046056
"E0Z24","Moins de 1250 €",7.36956,35.5292731443404
"E0Z24","De 1250 € à moins de 1500 €",4.70206,22.6690296409931
"E0Z24","De 1500 € à moins de 2000 €",7.1653,34.5445183784571
"E0Z24","De 2000 € à moins de 3000 €",0.10173,0.490448949051741
"E0Z24","3000 € ou plus",1.40357,6.76672988715769
"E1Z47","Moins de 1250 €",1.5601,14.0244927459365
"E1Z47","De 1250 € à moins de 1500 €",2.38905,21.4763248475608
"E1Z47","De 1500 € à moins de 2000 €",5.00923,45.0303889479698
"E1Z47","De 2000 € à moins de 3000 €",0.31448,2.82701267786816
"E1Z47","3000 € ou plus",1.85125,16.6417807806647
"E1Z42","Moins de 1250 €",10.01595,13.9990822840142
"E1Z42","De 1250 € à moins de 1500 €",16.40336,22.9266306615256
"E1Z42","De 1500 € à moins de 2000 €",27.45625,38.3750221357401
"E1Z42","De 2000 € à moins de 3000 €",2.89077,4.04036832194248
"E1Z42","3000 € ou plus",14.78086,20.6588965967776
"E1Z41","Moins de 1250 €",3.01616,4.87667169937496
"E1Z41","De 1250 € à moins de 1500 €",12.19587,19.7188657359875
"E1Z41","De 1500 € à moins de 2000 €",23.67425,38.277659334693
"E1Z41","De 2000 € à moins de 3000 €",3.2882,5.31651897839794
"E1Z41","3000 € ou plus",19.67426,31.8102842515466
"E1Z43","Moins de 1250 €",2.27544,4.1868046763177
"E1Z43","De 1250 € à moins de 1500 €",7.82886,14.4050854596195
"E1Z43","De 1500 € à moins de 2000 €",26.33813,48.4621022085678
"E1Z43","De 2000 € à moins de 3000 €",1.77937,3.27403694973255
"E1Z43","3000 € ou plus",16.12609,29.6719707057625
"V3Z80","Moins de 1250 €",1.44625,4.98452685682026
"V3Z80","De 1250 € à moins de 1500 €",2.05246,7.07384061714732
"V3Z80","De 1500 € à moins de 2000 €",13.97964,48.1810828201755
"V3Z80","De 2000 € à moins de 3000 €",1.48883,5.13127959912858
"V3Z80","3000 € ou plus",10.04761,34.6292701067283
"Q","Moins de 1250 €",18.69767,3.23104220610843
"Q","De 1250 € à moins de 1500 €",41.00351,7.08559255824865
"Q","De 1500 € à moins de 2000 €",134.71271,23.2789674707728
"Q","De 2000 € à moins de 3000 €",172.26868,29.7688094757575
"Q","3000 € ou plus",212.00594,36.6355882891126
"S0Z40","Moins de 1250 €",7.55497,9.65862413088018
"S0Z40","De 1250 € à moins de 1500 €",20.11035,25.7100043799573
"S0Z40","De 1500 € à moins de 2000 €",38.43518,49.1373171597933
"S0Z40","De 2000 € à moins de 3000 €",2.34528,2.99831475196734
"S0Z40","3000 € ou plus",9.77416,12.4957395774019
"S0Z","Moins de 1250 €",16.44923,11.4563227967607
"S0Z","De 1250 € à moins de 1500 €",39.39351,27.4362244711406
"S0Z","De 1500 € à moins de 2000 €",65.50921,45.624911070049
"S0Z","De 2000 € à moins de 3000 €",3.57776,2.49178675532767
"S0Z","3000 € ou plus",18.6524,12.990754906722
"S0Z42","Moins de 1250 €",6.43493,11.3732515534334
"S0Z42","De 1250 € à moins de 1500 €",17.19033,30.3826067069156
"S0Z42","De 1500 € à moins de 2000 €",24.1425,42.6700407974548
"S0Z42","De 2000 € à moins de 3000 €",1.23247,2.17829740837275
"S0Z42","3000 € ou plus",7.57928,13.3958035338235
"B","Moins de 1250 €",100.03976,7.75055511431105
"B","De 1250 € à moins de 1500 €",176.61459,13.6831707091905
"B","De 1500 € à moins de 2000 €",534.98354,41.4477145089035
"B","De 2000 € à moins de 3000 €",115.87676,8.9775226854582
"B","3000 € ou plus",363.22851,28.1410369821367
"A0Z42","Moins de 1250 €",3.56488,22.6322619310636
"A0Z42","De 1250 € à moins de 1500 €",2.30492,14.6331862980372
"A0Z42","De 1500 € à moins de 2000 €",7.10664,45.1177425130084
"A0Z42","De 2000 € à moins de 3000 €",0,0
"A0Z42","3000 € ou plus",2.77488,17.6168092578908
"P2Z90","Moins de 1250 €",3.75486,1.01660928047533
"P2Z90","De 1250 € à moins de 1500 €",7.94625,2.15140684205992
"P2Z90","De 1500 € à moins de 2000 €",37.69861,10.2067072506086
"P2Z90","De 2000 € à moins de 3000 €",185.25675,50.1573244596865
"P2Z90","3000 € ou plus",134.69487,36.4679521671696
"L5Z90","Moins de 1250 €",1.58068,0.362438272131462
"L5Z90","De 1250 € à moins de 1500 €",2.68873,0.616505969220858
"L5Z90","De 1500 € à moins de 2000 €",23.81084,5.45965009211143
"L5Z90","De 2000 € à moins de 3000 €",251.05613,57.5653199668571
"L5Z90","3000 € ou plus",156.98754,35.9960856996791
"R4Z","Moins de 1250 €",1.66809,0.303621164136499
"R4Z","De 1250 € à moins de 1500 €",4.02219,0.732107985886964
"R4Z","De 1500 € à moins de 2000 €",27.80007,5.06009245093261
"R4Z","De 2000 € à moins de 3000 €",336.57186,61.2618863183563
"R4Z","3000 € ou plus",179.33625,32.6422920806877
"R4Z90","Moins de 1250 €",0.63462,0.228855158398949
"R4Z90","De 1250 € à moins de 1500 €",1.48544,0.535675847739016
"R4Z90","De 1500 € à moins de 2000 €",12.42007,4.47889616963857
"R4Z90","De 2000 € à moins de 3000 €",177.88171,64.1472801335064
"R4Z90","3000 € ou plus",84.88019,30.609292690717
"P2Z92","Moins de 1250 €",0.27776,1.01570584901176
"P2Z92","De 1250 € à moins de 1500 €",0,0
"P2Z92","De 1500 € à moins de 2000 €",0.45091,1.64887645585358
"P2Z92","De 2000 € à moins de 3000 €",22.31376,81.5964017333114
"P2Z92","3000 € ou plus",4.30407,15.7390159618233
"S3Z90","Moins de 1250 €",0.60953,1.18846417819651
"S3Z90","De 1250 € à moins de 1500 €",2.61972,5.10794116270726
"S3Z90","De 1500 € à moins de 2000 €",8.49664,16.5667846948166
"S3Z90","De 2000 € à moins de 3000 €",16.25713,31.6982209986117
"S3Z90","3000 € ou plus",23.30418,45.4385889656678
"P2Z91","Moins de 1250 €",0,0
"P2Z91","De 1250 € à moins de 1500 €",0.13214,0.747031434793325
"P2Z91","De 1500 € à moins de 2000 €",1.01515,5.73898108847014
"P2Z91","De 2000 € à moins de 3000 €",9.06162,51.2283562142568
"P2Z91","3000 € ou plus",7.47977,42.2856312624797
"Q2Z90","Moins de 1250 €",1.16936,0.696243354604988
"Q2Z90","De 1250 € à moins de 1500 €",1.20411,0.716933695109643
"Q2Z90","De 1500 € à moins de 2000 €",4.10591,2.44468132320771
"Q2Z90","De 2000 € à moins de 3000 €",109.72853,65.3329683100791
"Q2Z90","3000 € ou plus",51.74486,30.8091733169986
"Q2Z","Moins de 1250 €",1.31296,0.537154026265955
"Q2Z","De 1250 € à moins de 1500 €",1.40181,0.573504056147848
"Q2Z","De 1500 € à moins de 2000 €",7.59797,3.10845736118993
"Q2Z","De 2000 € à moins de 3000 €",150.54548,61.5906887629027
"Q2Z","3000 € ou plus",83.57074,34.1901957934935
"U0Z90","Moins de 1250 €",0.35125,0.641231485752977
"U0Z90","De 1250 € à moins de 1500 €",0.51259,0.93576896023379
"U0Z90","De 1500 € à moins de 2000 €",3.92596,7.16711505710109
"U0Z90","De 2000 € à moins de 3000 €",30.08264,54.9179670962902
"U0Z90","3000 € ou plus",19.90497,36.3379174006219
"P2Z","Moins de 1250 €",4.03262,0.973154219081397
"P2Z","De 1250 € à moins de 1500 €",8.07838,1.9494793906549
"P2Z","De 1500 € à moins de 2000 €",39.16468,9.4512435044643
"P2Z","De 2000 € à moins de 3000 €",216.63214,52.2777948404838
"P2Z","3000 € ou plus",146.47871,35.3483280453156
"Q2Z91","Moins de 1250 €",0.1436,0.187770860446892
"Q2Z91","De 1250 € à moins de 1500 €",0.1977,0.258511832244781
"Q2Z91","De 1500 € à moins de 2000 €",3.49206,4.56620550788422
"Q2Z91","De 2000 € à moins de 3000 €",40.81695,53.3721018267254
"Q2Z91","3000 € ou plus",31.82588,41.6154099726987
"R4Z92","Moins de 1250 €",0.28412,0.437191296735668
"R4Z92","De 1250 € à moins de 1500 €",1.88496,2.90049312506992
"R4Z92","De 1500 € à moins de 2000 €",7.88155,12.1277807433021
"R4Z92","De 2000 € à moins de 3000 €",26.05102,40.0861580145249
"R4Z92","3000 € ou plus",28.88592,44.4483768203673
"L5Z92","Moins de 1250 €",0.72225,0.746981434835243
"L5Z92","De 1250 € à moins de 1500 €",1.65122,1.70776141893894
"L5Z92","De 1500 € à moins de 2000 €",7.56681,7.82591428304003
"L5Z92","De 2000 € à moins de 3000 €",50.14814,51.8653230481393
"L5Z92","3000 € ou plus",36.60073,37.8540198150465
"L5Z","Moins de 1250 €",2.78195,0.493624447106729
"L5Z","De 1250 € à moins de 1500 €",4.75575,0.843852141241871
"L5Z","De 1500 € à moins de 2000 €",32.87112,5.8325952787717
"L5Z","De 2000 € à moins de 3000 €",321.38725,57.0264036335671
"L5Z","3000 € ou plus",201.78015,35.8035244993126
"J6Z90","Moins de 1250 €",0,0
"J6Z90","De 1250 € à moins de 1500 €",0,0
"J6Z90","De 1500 € à moins de 2000 €",1.16648,4.26256537385514
"J6Z90","De 2000 € à moins de 3000 €",14.71978,53.7891987335962
"J6Z90","3000 € ou plus",11.47942,41.9482358925486
"J6Z","Moins de 1250 €",0.37607,0.405839635986441
"J6Z","De 1250 € à moins de 1500 €",0.95673,1.03246458089533
"J6Z","De 1500 € à moins de 2000 €",6.87181,7.41578128797294
"J6Z","De 2000 € à moins de 3000 €",50.06399,54.0270467669019
"J6Z","3000 € ou plus",34.39608,37.1188677282434
"L6Z90","Moins de 1250 €",0,0
"L6Z90","De 1250 € à moins de 1500 €",0,0
"L6Z90","De 1500 € à moins de 2000 €",0.10192,0.946003016591252
"L6Z90","De 2000 € à moins de 3000 €",8.05559,74.7705302239239
"L6Z90","3000 € ou plus",2.61624,24.2834667594849
"B7Z","Moins de 1250 €",1.53084,1.0451171168957
"B7Z","De 1250 € à moins de 1500 €",0.42449,0.289802830440186
"B7Z","De 1500 € à moins de 2000 €",13.08245,8.93149671156498
"B7Z","De 2000 € à moins de 3000 €",61.74876,42.1563886644485
"B7Z","3000 € ou plus",69.68891,47.5771946766506
"A3Z90","Moins de 1250 €",0,0
"A3Z90","De 1250 € à moins de 1500 €",0,0
"A3Z90","De 1500 € à moins de 2000 €",0.16548,3.89194376108338
"A3Z90","De 2000 € à moins de 3000 €",3.50189,82.3613665548725
"A3Z90","3000 € ou plus",0.58449,13.7466896840442
"U0Z91","Moins de 1250 €",0.11578,1.74517018348555
"U0Z91","De 1250 € à moins de 1500 €",0.17533,2.64277671679496
"U0Z91","De 1500 € à moins de 2000 €",1.71474,25.8465462120401
"U0Z91","De 2000 € à moins de 3000 €",1.85695,27.9900999501079
"U0Z91","3000 € ou plus",2.77151,41.7754069375715
"P4Z80","Moins de 1250 €",0.4239,0.841765551117151
"P4Z80","De 1250 € à moins de 1500 €",0.34208,0.679290303671043
"P4Z80","De 1500 € à moins de 2000 €",1.9034,3.77970405755222
"P4Z80","De 2000 € à moins de 3000 €",10.32628,20.5055597433121
"P4Z80","3000 € ou plus",37.36278,74.1936803443474
"H0Z91","Moins de 1250 €",0.64742,1.00969410519989
"H0Z91","De 1250 € à moins de 1500 €",0.63976,0.997747830994842
"H0Z91","De 1500 € à moins de 2000 €",2.07175,3.23103049403458
"H0Z91","De 2000 € à moins de 3000 €",36.71906,57.2657910328396
"H0Z91","3000 € ou plus",24.04242,37.4957365369311
"R0Z61","Moins de 1250 €",30.64038,36.7283589160042
"R0Z61","De 1250 € à moins de 1500 €",33.22816,39.8303084556528
"R0Z61","De 1500 € à moins de 2000 €",15.76447,18.8967340574948
"R0Z61","De 2000 € à moins de 3000 €",0.77993,0.934895356041902
"R0Z61","3000 € ou plus",3.01137,3.60970321480633
"R0Z","Moins de 1250 €",51.59029,31.0045067162031
"R0Z","De 1250 € à moins de 1500 €",66.81481,40.1540721206807
"R0Z","De 1500 € à moins de 2000 €",33.26249,19.9899456778134
"R0Z","De 2000 € à moins de 3000 €",2.81321,1.69067063470839
"R0Z","3000 € ou plus",11.9153,7.16080485059446
"G0B40","Moins de 1250 €",2.21361,6.89366623918821
"G0B40","De 1250 € à moins de 1500 €",4.87863,15.1931220605666
"G0B40","De 1500 € à moins de 2000 €",17.87311,55.6607780938364
"G0B40","De 2000 € à moins de 3000 €",1.10745,3.44884179082539
"G0B40","3000 € ou plus",6.03798,18.8035918155834
"S0Z41","Moins de 1250 €",2.16974,27.1054189850615
"S0Z41","De 1250 € à moins de 1500 €",1.83302,22.8989533805882
"S0Z41","De 1500 € à moins de 2000 €",2.7031,33.7684045362669
"S0Z41","De 2000 € à moins de 3000 €",0,0
"S0Z41","3000 € ou plus",1.29896,16.2272230980834
"B2Z43","Moins de 1250 €",1.81058,7.56748578311763
"B2Z43","De 1250 € à moins de 1500 €",2.97918,12.451757058704
"B2Z43","De 1500 € à moins de 2000 €",14.77489,61.7530128589329
"B2Z43","De 2000 € à moins de 3000 €",1.69096,7.06752298148692
"B2Z43","3000 € ou plus",2.67017,11.1602213177585
"B2Z42","Moins de 1250 €",0.4244,3.61797461620825
"B2Z42","De 1250 € à moins de 1500 €",1.61496,13.7673993548343
"B2Z42","De 1500 € à moins de 2000 €",5.44803,46.4440015276651
"B2Z42","De 2000 € à moins de 3000 €",0.65868,5.61519208342142
"B2Z42","3000 € ou plus",3.58425,30.5554324178709
"D2Z40","Moins de 1250 €",3.36448,5.04465925669364
"D2Z40","De 1250 € à moins de 1500 €",10.17522,15.2565976798478
"D2Z40","De 1500 € à moins de 2000 €",34.41045,51.5945986064693
"D2Z40","De 2000 € à moins de 3000 €",2.01433,3.02026122329029
"D2Z40","3000 € ou plus",16.72942,25.083883233699
"S1Z80","Moins de 1250 €",0.77387,2.27071931981999
"S1Z80","De 1250 € à moins de 1500 €",3.16571,9.28894886472837
"S1Z80","De 1500 € à moins de 2000 €",17.76729,52.1334703035969
"S1Z80","De 2000 € à moins de 3000 €",3.13915,9.21101548427116
"S1Z80","3000 € ou plus",9.23437,27.0958460275836
"B6Z73","Moins de 1250 €",2.01796,2.15043450720825
"B6Z73","De 1250 € à moins de 1500 €",2.01089,2.14290037770818
"B6Z73","De 1500 € à moins de 2000 €",20.08712,21.4057939693716
"B6Z73","De 2000 € à moins de 3000 €",14.81197,15.7843423099236
"B6Z73","3000 € ou plus",54.9117,58.5165288357884
"N0Z91","Moins de 1250 €",3.62881,4.3041521289648
"N0Z91","De 1250 € à moins de 1500 €",8.01771,9.50985131928162
"N0Z91","De 1500 € à moins de 2000 €",12.7794,15.1577188436134
"N0Z91","De 2000 € à moins de 3000 €",33.13906,39.3064270796465
"N0Z91","3000 € ou plus",26.74454,31.7218506284937
"X0Z01","Moins de 1250 €",6.35581,53.9830232076183
"X0Z01","De 1250 € à moins de 1500 €",1.11511,9.47117818327597
"X0Z01","De 1500 € à moins de 2000 €",1.10936,9.42234060263027
"X0Z01","De 2000 € à moins de 3000 €",1.68098,14.2773906632738
"X0Z01","3000 € ou plus",1.51246,12.8460673432016
"T0Z","Moins de 1250 €",26.02138,39.1486802163264
"T0Z","De 1250 € à moins de 1500 €",24.78321,37.2858765762639
"T0Z","De 1500 € à moins de 2000 €",12.65276,19.0358411081167
"T0Z","De 2000 € à moins de 3000 €",1.16239,1.74879404538328
"T0Z","3000 € ou plus",1.84835,2.78080805390978
"T0Z60","Moins de 1250 €",26.02138,39.1486802163264
"T0Z60","De 1250 € à moins de 1500 €",24.78321,37.2858765762639
"T0Z60","De 1500 € à moins de 2000 €",12.65276,19.0358411081167
"T0Z60","De 2000 € à moins de 3000 €",1.16239,1.74879404538328
"T0Z60","3000 € ou plus",1.84835,2.78080805390978
"R","Moins de 1250 €",277.58434,13.8727574279588
"R","De 1250 € à moins de 1500 €",363.64498,18.1737867396804
"R","De 1500 € à moins de 2000 €",439.98936,21.9892291552285
"R","De 2000 € à moins de 3000 €",431.16858,21.5483954206403
"R","3000 € ou plus",488.544,24.415831256492
"U","Moins de 1250 €",32.31787,9.79812382061182
"U","De 1250 € à moins de 1500 €",26.13353,7.92315715143583
"U","De 1500 € à moins de 2000 €",67.95518,20.6026346381109
"U","De 2000 € à moins de 3000 €",92.77319,28.1269527618357
"U","3000 € ou plus",110.65756,33.5491316280058
"T3Z60","Moins de 1250 €",9.77917,27.8246952325537
"T3Z60","De 1250 € à moins de 1500 €",11.81366,33.6134343795036
"T3Z60","De 1500 € à moins de 2000 €",12.19553,34.6999699820604
"T3Z60","De 2000 € à moins de 3000 €",0.13116,0.373189854220935
"T3Z60","3000 € ou plus",1.22613,3.48871055166144
"A0Z43","Moins de 1250 €",1.43954,11.7485177038999
"A0Z43","De 1250 € à moins de 1500 €",2.20292,17.9786908458779
"A0Z43","De 1500 € à moins de 2000 €",5.59916,45.6964241264349
"A0Z43","De 2000 € à moins de 3000 €",NA,NA
"A0Z43","3000 € ou plus",3.01133,24.5763673237873
"B5Z","Moins de 1250 €",5.10303,7.16525080196138
"B5Z","De 1250 € à moins de 1500 €",8.08498,11.352257272413
"B5Z","De 1500 € à moins de 2000 €",33.75332,47.3936079542662
"B5Z","De 2000 € à moins de 3000 €",2.29503,3.22249047096047
"B5Z","3000 € ou plus",21.98278,30.8663935003989
"B5Z40","Moins de 1250 €",5.10303,7.16525080196138
"B5Z40","De 1250 € à moins de 1500 €",8.08498,11.352257272413
"B5Z40","De 1500 € à moins de 2000 €",33.75332,47.3936079542662
"B5Z40","De 2000 € à moins de 3000 €",2.29503,3.22249047096047
"B5Z40","3000 € ou plus",21.98278,30.8663935003989
"J3Z41","Moins de 1250 €",5.3145,5.74562964024866
"J3Z41","De 1250 € à moins de 1500 €",11.72245,12.6734135245711
"J3Z41","De 1500 € à moins de 2000 €",46.38064,50.1431893720393
"J3Z41","De 2000 € à moins de 3000 €",1.00047,1.08163140204715
"J3Z41","3000 € ou plus",28.07833,30.3561360610938
"J3Z","Moins de 1250 €",42.76007,6.59525988219645
"J3Z","De 1250 € à moins de 1500 €",96.75725,14.9237176000098
"J3Z","De 1500 € à moins de 2000 €",287.80207,44.3902324361044
"J3Z","De 2000 € à moins de 3000 €",21.53897,3.32214387733306
"J3Z","3000 € ou plus",199.48713,30.7686462043563
"J3Z40","Moins de 1250 €",7.20946,10.3261370093124
"J3Z40","De 1250 € à moins de 1500 €",17.46371,25.013338329209
"J3Z40","De 1500 € à moins de 2000 €",31.59883,45.2591245272144
"J3Z40","De 2000 € à moins de 3000 €",0.47354,0.678253145088509
"J3Z40","3000 € ou plus",13.07205,18.7231469891757
"J3Z42","Moins de 1250 €",19.74687,12.3567933525308
"J3Z42","De 1250 € à moins de 1500 €",39.37714,24.6406231364097
"J3Z42","De 1500 € à moins de 2000 €",75.52079,47.2578588834522
"J3Z42","De 2000 € à moins de 3000 €",1.60695,1.00556437946112
"J3Z42","3000 € ou plus",23.55403,14.7391602481462
"J3Z43","Moins de 1250 €",9.40866,3.14711015507696
"J3Z43","De 1250 € à moins de 1500 €",26.55003,8.88074061881265
"J3Z43","De 1500 € à moins de 2000 €",128.15531,42.8667714135738
"J3Z43","De 2000 € à moins de 3000 €",11.85916,3.96677984608674
"J3Z43","3000 € ou plus",122.98873,41.1385979664498
"J3Z44","Moins de 1250 €",1.08057,3.96338589507483
"J3Z44","De 1250 € à moins de 1500 €",1.64392,6.02967817043913
"J3Z44","De 1500 € à moins de 2000 €",6.1465,22.5445379791012
"J3Z44","De 2000 € à moins de 3000 €",6.59884,24.2036604568474
"J3Z44","3000 € ou plus",11.79398,43.2587374985374
"P1Z80","Moins de 1250 €",0.36909,0.987282673562229
"P1Z80","De 1250 € à moins de 1500 €",0.73957,1.97828347255796
"P1Z80","De 1500 € à moins de 2000 €",5.64052,15.0878855181154
"P1Z80","De 2000 € à moins de 3000 €",2.34333,6.26819774970489
"P1Z80","3000 € ou plus",28.29192,75.6783505860595
"J4Z60","Moins de 1250 €",1.54074,27.5743702998436
"J4Z60","De 1250 € à moins de 1500 €",0.31048,5.55660948031169
"J4Z60","De 1500 € à moins de 2000 €",0.74411,13.3172142501763
"J4Z60","De 2000 € à moins de 3000 €",0.25664,4.59304385798503
"J4Z60","3000 € ou plus",2.73561,48.9587621116834
"B2Z44","Moins de 1250 €",1.36792,4.7025287539667
"B2Z44","De 1250 € à moins de 1500 €",6.15445,21.1572885036043
"B2Z44","De 1500 € à moins de 2000 €",14.69131,50.5046404091164
"B2Z44","De 2000 € à moins de 3000 €",0.1371,0.471311693789721
"B2Z44","3000 € ou plus",6.73825,23.1642306395229
"S1Z","Moins de 1250 €",62.37088,21.948505738519
"S1Z","De 1250 € à moins de 1500 €",77.65459,27.3268905976208
"S1Z","De 1500 € à moins de 2000 €",110.39586,38.8486448598887
"S1Z","De 2000 € à moins de 3000 €",5.66446,1.99334100810524
"S1Z","3000 € ou plus",28.08335,9.88261779586622
"S1Z40","Moins de 1250 €",34.79356,18.3336573932828
"S1Z40","De 1250 € à moins de 1500 €",51.06239,26.9061390654533
"S1Z40","De 1500 € à moins de 2000 €",83.93324,44.2266691326838
"S1Z40","De 2000 € à moins de 3000 €",2.07852,1.0952277825289
"S1Z40","3000 € ou plus",17.91199,9.43830662605115
"V2Z91","Moins de 1250 €",0.27937,7.38634410734351
"V2Z91","De 1250 € à moins de 1500 €",0,0
"V2Z91","De 1500 € à moins de 2000 €",0.34862,9.21726485557538
"V2Z91","De 2000 € à moins de 3000 €",2.52759,66.8276819353559
"V2Z91","3000 € ou plus",0.62667,16.5687091017252
"B6Z72","Moins de 1250 €",0.74383,4.44787147019006
"B6Z72","De 1250 € à moins de 1500 €",1.33081,7.95782884697261
"B6Z72","De 1500 € à moins de 2000 €",7.73287,46.2401514535426
"B6Z72","De 2000 € à moins de 3000 €",0.92531,5.53306528384384
"B6Z72","3000 € ou plus",5.99046,35.8210829454509
"D6Z71","Moins de 1250 €",0.14835,0.45431771799288
"D6Z71","De 1250 € à moins de 1500 €",1.03333,3.16454416942085
"D6Z71","De 1500 € à moins de 2000 €",13.41228,41.0747316662053
"D6Z71","De 2000 € à moins de 3000 €",2.43339,7.45218868747351
"D6Z71","3000 € ou plus",15.62601,47.8542177589075
"C2Z71","Moins de 1250 €",0.58432,7.60989891149481
"C2Z71","De 1250 € à moins de 1500 €",0.57574,7.49815717296006
"C2Z71","De 1500 € à moins de 2000 €",2.56419,33.3947609013313
"C2Z71","De 2000 € à moins de 3000 €",0.2321,3.02275728600415
"C2Z71","3000 € ou plus",3.72207,48.4744257282097
"W0Z91","Moins de 1250 €",0,0
"W0Z91","De 1250 € à moins de 1500 €",0.07146,0.250019505440006
"W0Z91","De 1500 € à moins de 2000 €",0.45153,1.57978319747167
"W0Z91","De 2000 € à moins de 3000 €",21.25099,74.3515534552269
"W0Z91","3000 € ou plus",6.80779,23.8186438418614
"L6Z","Moins de 1250 €",0,0
"L6Z","De 1250 € à moins de 1500 €",0,0
"L6Z","De 1500 € à moins de 2000 €",0.10192,0.946003016591252
"L6Z","De 2000 € à moins de 3000 €",8.05559,74.7705302239239
"L6Z","3000 € ou plus",2.61624,24.2834667594849
"V4Z83","Moins de 1250 €",8.04516,3.85838877368839
"V4Z83","De 1250 € à moins de 1500 €",32.54864,15.6100446945524
"V4Z83","De 1500 € à moins de 2000 €",98.31407,47.1505730132918
"V4Z83","De 2000 € à moins de 3000 €",12.06672,5.78709397740271
"V4Z83","3000 € ou plus",57.53628,27.5938995410647
"L2Z","Moins de 1250 €",43.05671,16.9345514136633
"L2Z","De 1250 € à moins de 1500 €",66.29878,26.0758450558147
"L2Z","De 1500 € à moins de 2000 €",97.33002,38.2806821000228
"L2Z","De 2000 € à moins de 3000 €",5.99536,2.35802345705048
"L2Z","3000 € ou plus",41.57275,16.3508979734487
"P0Z","Moins de 1250 €",40.42834,7.91960543661806
"P0Z","De 1250 € à moins de 1500 €",131.24955,25.7107922248025
"P0Z","De 1500 € à moins de 2000 €",273.15705,53.509396087758
"P0Z","De 2000 € à moins de 3000 €",4.22672,0.827982417558136
"P0Z","3000 € ou plus",61.42261,12.0322238332633
"S2Z60","Moins de 1250 €",16.90293,28.0768561232483
"S2Z60","De 1250 € à moins de 1500 €",24.8294,41.2432336539631
"S2Z60","De 1500 € à moins de 2000 €",15.29673,25.4088544037144
"S2Z60","De 2000 € à moins de 3000 €",0.22845,0.379470173594524
"S2Z60","3000 € ou plus",2.94485,4.89158564547968
"P0Z62","Moins de 1250 €",10.10112,8.89213234779524
"P0Z62","De 1250 € à moins de 1500 €",34.82427,30.6562062182565
"P0Z62","De 1500 € à moins de 2000 €",60.8452,53.5627307791681
"P0Z62","De 2000 € à moins de 3000 €",0.21179,0.186441177804001
"P0Z62","3000 € ou plus",7.61377,6.70248947697611
"Q0Z","Moins de 1250 €",12.77752,6.86175224739152
"Q0Z","De 1250 € à moins de 1500 €",29.84578,16.0277070973204
"Q0Z","De 1500 € à moins de 2000 €",76.22807,40.9358099722652
"Q0Z","De 2000 € à moins de 3000 €",4.83986,2.59908966936153
"Q0Z","3000 € ou plus",62.52243,33.5756410136614
"Q0Z60","Moins de 1250 €",12.77752,6.86175224739152
"Q0Z60","De 1250 € à moins de 1500 €",29.84578,16.0277070973204
"Q0Z60","De 1500 € à moins de 2000 €",76.22807,40.9358099722652
"Q0Z60","De 2000 € à moins de 3000 €",4.83986,2.59908966936153
"Q0Z60","3000 € ou plus",62.52243,33.5756410136614
"L1Z","Moins de 1250 €",14.72523,7.09961611082884
"L1Z","De 1250 € à moins de 1500 €",37.9503,18.2973414534637
"L1Z","De 1500 € à moins de 2000 €",94.73394,45.6749814207515
"L1Z","De 2000 € à moins de 3000 €",6.16579,2.97277136044648
"L1Z","3000 € ou plus",53.83356,25.9552896545094
"L1Z60","Moins de 1250 €",14.72523,7.09961611082884
"L1Z60","De 1250 € à moins de 1500 €",37.9503,18.2973414534637
"L1Z60","De 1500 € à moins de 2000 €",94.73394,45.6749814207515
"L1Z60","De 2000 € à moins de 3000 €",6.16579,2.97277136044648
"L1Z60","3000 € ou plus",53.83356,25.9552896545094
"R0Z60","Moins de 1250 €",20.94991,25.2494341450951
"R0Z60","De 1250 € à moins de 1500 €",33.58665,40.4795966822463
"R0Z60","De 1500 € à moins de 2000 €",17.49802,21.0891170253026
"R0Z60","De 2000 € à moins de 3000 €",2.03329,2.45057959451283
"R0Z60","3000 € ou plus",8.90393,10.7312725528433
"T1Z","Moins de 1250 €",11.27706,34.0322732997006
"T1Z","De 1250 € à moins de 1500 €",9.40567,28.3847325461419
"T1Z","De 1500 € à moins de 2000 €",9.33863,28.1824170843095
"T1Z","De 2000 € à moins de 3000 €",0.34018,1.02660611286028
"T1Z","3000 € ou plus",2.77483,8.37397095698775
"T1Z60","Moins de 1250 €",11.27706,34.0322732997006
"T1Z60","De 1250 € à moins de 1500 €",9.40567,28.3847325461419
"T1Z60","De 1500 € à moins de 2000 €",9.33863,28.1824170843095
"T1Z60","De 2000 € à moins de 3000 €",0.34018,1.02660611286028
"T1Z60","3000 € ou plus",2.77483,8.37397095698775
"P0Z61","Moins de 1250 €",29.36941,7.75919139200154
"P0Z61","De 1250 € à moins de 1500 €",94.47218,24.9588849704376
"P0Z61","De 1500 € à moins de 2000 €",201.59214,53.2592243897024
"P0Z61","De 2000 € à moins de 3000 €",3.87019,1.02247695590107
"P0Z61","3000 € ou plus",49.2073,13.0002222919574
"T6Z","Moins de 1250 €",3.23408,14.1972579864186
"T6Z","De 1250 € à moins de 1500 €",5.25364,23.0629058179662
"T6Z","De 1500 € à moins de 2000 €",8.75036,38.4131247198701
"T6Z","De 2000 € à moins de 3000 €",2.47584,10.8686671984288
"T6Z","3000 € ou plus",3.06569,13.4580442773164
"T6Z61","Moins de 1250 €",3.23408,14.1972579864186
"T6Z61","De 1250 € à moins de 1500 €",5.25364,23.0629058179662
"T6Z61","De 1500 € à moins de 2000 €",8.75036,38.4131247198701
"T6Z61","De 2000 € à moins de 3000 €",2.47584,10.8686671984288
"T6Z61","3000 € ou plus",3.06569,13.4580442773164
"J5Z62","Moins de 1250 €",3.40392,15.7942871036429
"J5Z62","De 1250 € à moins de 1500 €",3.40413,15.7952615097076
"J5Z62","De 1500 € à moins de 2000 €",9.77237,45.3440790215478
"J5Z62","De 2000 € à moins de 3000 €",0.7924,3.67675888414729
"J5Z62","3000 € ou plus",4.17877,19.3896134809543
"S2Z","Moins de 1250 €",69.22433,27.7605280089495
"S2Z","De 1250 € à moins de 1500 €",76.12514,30.5279094959129
"S2Z","De 1500 € à moins de 2000 €",75.38013,30.2291435711008
"S2Z","De 2000 € à moins de 3000 €",3.036,1.2175049297721
"S2Z","3000 € ou plus",25.59684,10.2649139942647
"M0Z","Moins de 1250 €",9.0761,27.7072756745866
"M0Z","De 1250 € à moins de 1500 €",5.07315,15.4871768257874
"M0Z","De 1500 € à moins de 2000 €",9.73396,29.715573112394
"M0Z","De 2000 € à moins de 3000 €",1.74476,5.32635672877025
"M0Z","3000 € ou plus",7.12913,21.7636176584618
"M0Z60","Moins de 1250 €",9.0761,27.7072756745866
"M0Z60","De 1250 € à moins de 1500 €",5.07315,15.4871768257874
"M0Z60","De 1500 € à moins de 2000 €",9.73396,29.715573112394
"M0Z60","De 2000 € à moins de 3000 €",1.74476,5.32635672877025
"M0Z60","3000 € ou plus",7.12913,21.7636176584618
"W0Z","Moins de 1250 €",8.50376,0.954608370629482
"W0Z","De 1250 € à moins de 1500 €",20.00254,2.24542932983187
"W0Z","De 1500 € à moins de 2000 €",185.7596,20.8528543943837
"W0Z","De 2000 € à moins de 3000 €",167.18382,18.7675891612431
"W0Z","3000 € ou plus",509.36166,57.1795187439119
"W","Moins de 1250 €",14.72727,1.52643290860609
"W","De 1250 € à moins de 1500 €",33.22407,3.44356515537723
"W","De 1500 € à moins de 2000 €",213.49459,22.1280093313537
"W","De 2000 € à moins de 3000 €",171.95948,17.8230323215906
"W","3000 € ou plus",531.41066,55.0789602830724
"W1Z","Moins de 1250 €",6.22351,8.4096145244829
"W1Z","De 1250 € à moins de 1500 €",13.22154,17.8658112255032
"W1Z","De 1500 € à moins de 2000 €",27.73499,37.4773358989361
"W1Z","De 2000 € à moins de 3000 €",4.77566,6.45318473015903
"W1Z","3000 € ou plus",22.049,29.7940536209187
"W1Z80","Moins de 1250 €",6.22351,8.4096145244829
"W1Z80","De 1250 € à moins de 1500 €",13.22154,17.8658112255032
"W1Z80","De 1500 € à moins de 2000 €",27.73499,37.4773358989361
"W1Z80","De 2000 € à moins de 3000 €",4.77566,6.45318473015903
"W1Z80","3000 € ou plus",22.049,29.7940536209187
"L","Moins de 1250 €",123.25527,6.8992521468869
"L","De 1250 € à moins de 1500 €",229.1714,12.827940529075
"L","De 1500 € à moins de 2000 €",528.16175,29.5640185412846
"L","De 2000 € à moins de 3000 €",392.0723,21.9463691695283
"L","3000 € ou plus",513.84117,28.7624196132253
"U1Z82","Moins de 1250 €",5.28166,10.2917856442757
"U1Z82","De 1250 € à moins de 1500 €",5.82966,11.3596125269344
"U1Z82","De 1500 € à moins de 2000 €",16.81106,32.7578499890294
"U1Z82","De 2000 € à moins de 3000 €",5.99021,11.6724585233045
"U1Z82","3000 € ou plus",17.40659,33.918293316456
"B6Z70","Moins de 1250 €",0.38764,2.82508027618213
"B6Z70","De 1250 € à moins de 1500 €",1.99825,14.5630395776518
"B6Z70","De 1500 € à moins de 2000 €",6.46811,47.1389175141276
"B6Z70","De 2000 € à moins de 3000 €",0.76333,5.56307018681794
"B6Z70","3000 € ou plus",4.10405,29.9098924452205
"S","Moins de 1250 €",148.65397,20.4082628124155
"S","De 1250 € à moins de 1500 €",195.79296,26.8798349919666
"S","De 1500 € à moins de 2000 €",259.78184,35.6646786131099
"S","De 2000 € à moins de 3000 €",28.53535,3.91753359997221
"S","3000 € ou plus",95.63678,13.1296899825357
"E","Moins de 1250 €",65.11396,9.84821750995213
"E","De 1250 € à moins de 1500 €",106.01007,16.0335852343376
"E","De 1500 € à moins de 2000 €",249.13026,37.679922842827
"E","De 2000 € à moins de 3000 €",51.46227,7.78345578299775
"E","3000 € ou plus",189.45852,28.6548186298854
"V1Z80","Moins de 1250 €",6.67626,1.67438002637723
"V1Z80","De 1250 € à moins de 1500 €",16.02084,4.0179643246047
"V1Z80","De 1500 € à moins de 2000 €",156.34739,39.2113169637209
"V1Z80","De 2000 € à moins de 3000 €",26.39877,6.62070878140252
"V1Z80","3000 € ou plus",193.28701,48.4756299038947
"V1Z","Moins de 1250 €",7.08133,1.72009606243884
"V1Z","De 1250 € à moins de 1500 €",16.02084,3.8915548069307
"V1Z","De 1500 € à moins de 2000 €",158.2725,38.4453067492054
"V1Z","De 2000 € à moins de 3000 €",27.88401,6.77318749528763
"V1Z","3000 € ou plus",202.42356,49.1698548861374
"M","Moins de 1250 €",21.43598,3.53351231138257
"M","De 1250 € à moins de 1500 €",23.19347,3.82321740310834
"M","De 1500 € à moins de 2000 €",90.58445,14.9319634229375
"M","De 2000 € à moins de 3000 €",244.81954,40.3561142834159
"M","3000 € ou plus",226.61451,37.3551925791557
"M2Z","Moins de 1250 €",1.50472,0.3684970935475
"M2Z","De 1250 € à moins de 1500 €",1.66401,0.407506279330358
"M2Z","De 1500 € à moins de 2000 €",17.24812,4.22396332152062
"M2Z","De 2000 € à moins de 3000 €",228.28319,55.9052129437714
"M2Z","3000 € ou plus",159.63968,39.0948203618301
"H0Z92","Moins de 1250 €",1.13438,1.10090275811865
"H0Z92","De 1250 € à moins de 1500 €",1.80539,1.75211025448247
"H0Z92","De 1500 € à moins de 2000 €",8.36712,8.12019383761146
"H0Z92","De 2000 € à moins de 3000 €",44.27121,42.9647007125036
"H0Z92","3000 € ou plus",47.46279,46.0620924372839
"B7Z91","Moins de 1250 €",0.95756,0.793620404521306
"B7Z91","De 1250 € à moins de 1500 €",0.42449,0.351814952081592
"B7Z91","De 1500 € à moins de 2000 €",9.30898,7.71523087146575
"B7Z91","De 2000 € à moins de 3000 €",53.82916,44.6133085490644
"B7Z91","3000 € ou plus",56.13699,46.526025222867
"M2Z91","Moins de 1250 €",0.186,0.862187648188502
"M2Z91","De 1250 € à moins de 1500 €",0,0
"M2Z91","De 1500 € à moins de 2000 €",0.43419,2.01265190842455
"M2Z91","De 2000 € à moins de 3000 €",9.99102,46.3125485849693
"M2Z91","3000 € ou plus",10.96182,50.8126118584177
"N0Z90","Moins de 1250 €",1.81692,0.768564472814102
"N0Z90","De 1250 € à moins de 1500 €",0.89789,0.379811083864482
"N0Z90","De 1500 € à moins de 2000 €",12.75921,5.39719718379148
"N0Z90","De 2000 € à moins de 3000 €",142.26089,60.1769290474622
"N0Z90","3000 € ou plus",78.66946,33.2774982120677
"M2Z90","Moins de 1250 €",1.31872,0.369460712370078
"M2Z90","De 1250 € à moins de 1500 €",1.5446,0.432744643538297
"M2Z90","De 1500 € à moins de 2000 €",15.82369,4.43326239059336
"M2Z90","De 2000 € à moins de 3000 €",198.46269,55.6025288357513
"M2Z90","3000 € ou plus",139.78135,39.1620034177469
"H0Z90","Moins de 1250 €",0.82402,0.629427223670778
"H0Z90","De 1250 € à moins de 1500 €",0.13144,0.100400371689142
"H0Z90","De 1500 € à moins de 2000 €",5.72165,4.37047920477162
"H0Z90","De 2000 € à moins de 3000 €",84.57067,64.5992597534981
"H0Z90","3000 € ou plus",39.66807,30.3004334463703
"H","Moins de 1250 €",2.60582,0.874209915117613
"H","De 1250 € à moins de 1500 €",2.5766,0.864407083870736
"H","De 1500 € à moins de 2000 €",16.16052,5.42158967904786
"H","De 2000 € à moins de 3000 €",165.56093,55.5429793930867
"H","3000 € ou plus",111.17328,37.2968139288771
"J6Z92","Moins de 1250 €",0,0
"J6Z92","De 1250 € à moins de 1500 €",0.23552,0.492320556034595
"J6Z92","De 1500 € à moins de 2000 €",2.79626,5.84517781087508
"J6Z92","De 2000 € à moins de 3000 €",23.66831,49.4751848658253
"J6Z92","3000 € ou plus",21.13866,44.187316767265
"M2Z92","Moins de 1250 €",0,0
"M2Z92","De 1250 € à moins de 1500 €",0.11942,0.400259287041078
"M2Z92","De 1500 € à moins de 2000 €",0.99024,3.31898137999964
"M2Z92","De 2000 € à moins de 3000 €",19.82948,66.4623474057554
"M2Z92","3000 € ou plus",8.89652,29.8184119272039
"R4Z91","Moins de 1250 €",0.74935,0.440523014601249
"R4Z91","De 1250 € à moins de 1500 €",0.30585,0.179801112985644
"R4Z91","De 1500 € à moins de 2000 €",3.59005,2.11049529401377
"R4Z91","De 2000 € à moins de 3000 €",112.49578,66.1332890311856
"R4Z91","3000 € ou plus",52.96359,31.1358915472137
"H0Z","Moins de 1250 €",2.60582,0.874209915117613
"H0Z","De 1250 € à moins de 1500 €",2.5766,0.864407083870736
"H0Z","De 1500 € à moins de 2000 €",16.16052,5.42158967904786
"H0Z","De 2000 € à moins de 3000 €",165.56093,55.5429793930867
"H0Z","3000 € ou plus",111.17328,37.2968139288771
"A2Z90","Moins de 1250 €",0,0
"A2Z90","De 1250 € à moins de 1500 €",0.20815,1.57642340089398
"A2Z90","De 1500 € à moins de 2000 €",1.70527,12.914857232008
"A2Z90","De 2000 € à moins de 3000 €",4.68528,35.4839540319026
"A2Z90","3000 € ou plus",6.60524,50.0247653351954
"U0Z81","Moins de 1250 €",0,0
"U0Z81","De 1250 € à moins de 1500 €",0.48682,20.3861825217023
"U0Z81","De 1500 € à moins de 2000 €",0.38906,16.292363033346
"U0Z81","De 2000 € à moins de 3000 €",0.39072,16.3618775623013
"U0Z81","3000 € ou plus",1.12139,46.9595768826503
"A1Z41","Moins de 1250 €",27.04645,24.9939516863105
"A1Z41","De 1250 € à moins de 1500 €",29.72458,27.4688440226304
"A1Z41","De 1500 € à moins de 2000 €",41.18787,38.0622090086514
"A1Z41","De 2000 € à moins de 3000 €",1.41843,1.3107883249156
"A1Z41","3000 € ou plus",8.83465,8.16420695749214
"U0Z92","Moins de 1250 €",0.81874,1.88755542276225
"U0Z92","De 1250 € à moins de 1500 €",1.6412,3.78368707994895
"U0Z92","De 1500 € à moins de 2000 €",6.53745,15.0716945532612
"U0Z92","De 2000 € à moins de 3000 €",23.19722,53.4797840633276
"U0Z92","3000 € ou plus",11.18107,25.7772788807
"L5Z91","Moins de 1250 €",0.47902,1.5571227263788
"L5Z91","De 1250 € à moins de 1500 €",0.4158,1.35161711333202
"L5Z91","De 1500 € à moins de 2000 €",1.49347,4.8547369173833
"L5Z91","De 2000 € à moins de 3000 €",20.18298,65.607650711972
"L5Z91","3000 € ou plus",8.19188,26.6288725309339
"P3Z91","Moins de 1250 €",0,0
"P3Z91","De 1250 € à moins de 1500 €",NA,NA
"P3Z91","De 1500 € à moins de 2000 €",0,0
"P3Z91","De 2000 € à moins de 3000 €",7.26534,88.8573346982355
"P3Z91","3000 € ou plus",0.91107,11.1426653017645
"G","Moins de 1250 €",38.0041,5.22501728503597
"G","De 1250 € à moins de 1500 €",85.58473,11.7666697431366
"G","De 1500 € à moins de 2000 €",283.52361,38.9804195590949
"G","De 2000 € à moins de 3000 €",62.45022,8.58600727169698
"G","3000 € ou plus",257.78613,35.4418861410356
"G0A42","Moins de 1250 €",0.7936,21.5457793512375
"G0A42","De 1250 € à moins de 1500 €",0.49947,13.560320580346
"G0A42","De 1500 € à moins de 2000 €",1.9991,54.2744046132294
"G0A42","De 2000 € à moins de 3000 €",0,0
"G0A42","3000 € ou plus",0.39115,10.6194954551872
"A1Z40","Moins de 1250 €",9.20245,37.1398244803322
"A1Z40","De 1250 € à moins de 1500 €",11.33473,45.7454137465519
"A1Z40","De 1500 € à moins de 2000 €",3.47513,14.0251474603325
"A1Z40","De 2000 € à moins de 3000 €",0.15278,0.616599099599037
"A1Z40","3000 € ou plus",0.61276,2.47301521318436
"A1Z","Moins de 1250 €",60.16669,32.0003652826984
"A1Z","De 1250 € à moins de 1500 €",55.66336,29.6052159901491
"A1Z","De 1500 € à moins de 2000 €",58.14981,30.9276638139726
"A1Z","De 2000 € à moins de 3000 €",1.66599,0.886076474496481
"A1Z","3000 € ou plus",12.37291,6.58067843868346
"A3Z41","Moins de 1250 €",0.2022,5.58944915453362
"A3Z41","De 1250 € à moins de 1500 €",0,0
"A3Z41","De 1500 € à moins de 2000 €",0.9332,25.7966070772046
"A3Z41","De 2000 € à moins de 3000 €",0.18896,5.22345357191233
"A3Z41","3000 € ou plus",2.29317,63.3904901963494
"A3Z","Moins de 1250 €",0.91082,5.74457752297339
"A3Z","De 1250 € à moins de 1500 €",2.42124,15.2708558021608
"A3Z","De 1500 € à moins de 2000 €",3.52996,22.263596399942
"A3Z","De 2000 € à moins de 3000 €",4.34486,27.4032027145497
"A3Z","3000 € ou plus",4.64842,29.3177675603741
"F","Moins de 1250 €",27.53825,13.4018519382796
"F","De 1250 € à moins de 1500 €",53.81873,26.1915935459315
"F","De 1500 € à moins de 2000 €",77.64475,37.786839878523
"F","De 2000 € à moins de 3000 €",11.21548,5.45816100793392
"F","3000 € ou plus",35.26372,17.1615536293319
"B2Z40","Moins de 1250 €",13.80839,8.56278771391249
"B2Z40","De 1250 € à moins de 1500 €",28.17334,17.47070654956
"B2Z40","De 1500 € à moins de 2000 €",85.55454,53.0536408648246
"B2Z40","De 2000 € à moins de 3000 €",3.11775,1.93336307817571
"B2Z40","3000 € ou plus",30.60643,18.9795017935272
"S2Z80","Moins de 1250 €",4.50383,10.2320635084353
"S2Z80","De 1250 € à moins de 1500 €",9.12662,20.7343872786841
"S2Z80","De 1500 € à moins de 2000 €",18.30154,41.578505312627
"S2Z80","De 2000 € à moins de 3000 €",0.96369,2.189367112534
"S2Z80","3000 € ou plus",11.12115,25.2656767877196
"S2Z81","Moins de 1250 €",1.43735,8.61543975995329
"S2Z81","De 1250 € à moins de 1500 €",2.45764,14.7310323662654
"S2Z81","De 1500 € à moins de 2000 €",7.63102,45.7401420092523
"S2Z81","De 2000 € à moins de 3000 €",0.35065,2.1017872834227
"S2Z81","3000 € ou plus",4.80676,28.8115985811063
"R3Z80","Moins de 1250 €",15.17144,8.54987774328095
"R3Z80","De 1250 € à moins de 1500 €",26.89608,15.1573084541417
"R3Z80","De 1500 € à moins de 2000 €",66.69337,37.5851046299759
"R3Z80","De 2000 € à moins de 3000 €",13.87158,7.81734054948912
"R3Z80","3000 € ou plus",54.81381,30.8903686231123
"R3Z","Moins de 1250 €",17.78785,6.63876431355669
"R3Z","De 1250 € à moins de 1500 €",35.26463,13.1614313801151
"R3Z","De 1500 € à moins de 2000 €",99.40273,37.0989915360266
"R3Z","De 2000 € à moins de 3000 €",22.13494,8.26118107330108
"R3Z","3000 € ou plus",93.34902,34.8396316970005
"B4Z42","Moins de 1250 €",3.62488,7.31817912023086
"B4Z42","De 1250 € à moins de 1500 €",10.01095,20.2108553286385
"B4Z42","De 1500 € à moins de 2000 €",22.27518,44.9708010128291
"B4Z42","De 2000 € à moins de 3000 €",2.81863,5.69046126041588
"B4Z42","3000 € ou plus",10.8029,21.8097032778856
"D4Z40","Moins de 1250 €",7.24943,7.27216205135633
"D4Z40","De 1250 € à moins de 1500 €",14.95637,15.0032687176846
"D4Z40","De 1500 € à moins de 2000 €",42.69997,42.833864376655
"D4Z40","De 2000 € à moins de 3000 €",7.11297,7.13527415347635
"D4Z40","3000 € ou plus",27.66867,27.7554307008277
"G0B41","Moins de 1250 €",6.96248,8.42634614064977
"G0B41","De 1250 € à moins de 1500 €",20.86444,25.251202656355
"G0B41","De 1500 € à moins de 2000 €",40.95541,49.5663127207875
"G0B41","De 2000 € à moins de 3000 €",2.95088,3.57130452073408
"G0B41","3000 € ou plus",10.8943,13.1848339614736
"D","Moins de 1250 €",54.90517,7.2901826406504
"D","De 1250 € à moins de 1500 €",106.45203,14.1344565760928
"D","De 1500 € à moins de 2000 €",296.06285,39.3105467046452
"D","De 2000 € à moins de 3000 €",59.03666,7.83875241428047
"D","3000 € ou plus",236.68176,31.4260616643311
"V2Z90","Moins de 1250 €",8.89064,8.05411322217162
"V2Z90","De 1250 € à moins de 1500 €",2.816,2.55104051380275
"V2Z90","De 1500 € à moins de 2000 €",11.21991,10.1642205153482
"V2Z90","De 2000 € à moins de 3000 €",67.71487,61.3435286778716
"V2Z90","3000 € ou plus",19.74491,17.8870970708058
"V2Z","Moins de 1250 €",9.88142,6.72939174768244
"V2Z","De 1250 € à moins de 1500 €",4.10008,2.79221453159949
"V2Z","De 1500 € à moins de 2000 €",13.25646,9.02784342002287
"V2Z","De 2000 € à moins de 3000 €",84.32931,57.4294952346681
"V2Z","3000 € ou plus",35.27245,24.0210550660271
"ZZZ","Moins de 1250 €",7.73955,10.6707346497245
"ZZZ","De 1250 € à moins de 1500 €",12.78606,17.628499521995
"ZZZ","De 1500 € à moins de 2000 €",20.14441,27.77366304052
"ZZZ","De 2000 € à moins de 3000 €",11.54305,15.9147267733269
"ZZZ","3000 € ou plus",20.31755,28.0123760144336
"Z","Moins de 1250 €",7.73955,10.6707346497245
"Z","De 1250 € à moins de 1500 €",12.78606,17.628499521995
"Z","De 1500 € à moins de 2000 €",20.14441,27.77366304052
"Z","De 2000 € à moins de 3000 €",11.54305,15.9147267733269
"Z","3000 € ou plus",20.31755,28.0123760144336
"ZZZZZ","Moins de 1250 €",7.73955,10.6707346497245
"ZZZZZ","De 1250 € à moins de 1500 €",12.78606,17.628499521995
"ZZZZZ","De 1500 € à moins de 2000 €",20.14441,27.77366304052
"ZZZZZ","De 2000 € à moins de 3000 €",11.54305,15.9147267733269
"ZZZZZ","3000 € ou plus",20.31755,28.0123760144336
"T4Z62","Moins de 1250 €",5.55813,10.9525781013072
"T4Z62","De 1250 € à moins de 1500 €",10.42197,20.5370224148195
"T4Z62","De 1500 € à moins de 2000 €",29.77193,58.6671036034873
"T4Z62","De 2000 € à moins de 3000 €",0.33999,0.669967602172572
"T4Z62","3000 € ou plus",4.65521,9.17332827821341
"F4Z","Moins de 1250 €",3.75119,9.5974396525345
"F4Z","De 1250 € à moins de 1500 €",8.66999,22.18221572703
"F4Z","De 1500 € à moins de 2000 €",14.03993,35.9212359013563
"F4Z","De 2000 € à moins de 3000 €",3.69328,9.4492766081997
"F4Z","3000 € ou plus",8.93093,22.8498321108795
"J0Z20","Moins de 1250 €",105.09078,32.3631641744125
"J0Z20","De 1250 € à moins de 1500 €",99.99211,30.7930065042425
"J0Z20","De 1500 € à moins de 2000 €",96.70782,29.7815950705622
"J0Z20","De 2000 € à moins de 3000 €",3.2844,1.01144530866019
"J0Z20","3000 € ou plus",19.64833,6.05078894212257
"F4Z20","Moins de 1250 €",1.09954,17.650165419134
"F4Z20","De 1250 € à moins de 1500 €",1.6461,26.4237201888395
"F4Z20","De 1500 € à moins de 2000 €",2.46716,39.6036361710085
"F4Z20","De 2000 € à moins de 3000 €",0.13196,2.11826384552534
"F4Z20","3000 € ou plus",0.88487,14.2042143754926
"C0Z","Moins de 1250 €",4.45829,16.849945462338
"C0Z","De 1250 € à moins de 1500 €",7.78858,29.4366558095271
"C0Z","De 1500 € à moins de 2000 €",9.9009,37.4200926875691
"C0Z","De 2000 € à moins de 3000 €",0.57329,2.16672877585437
"C0Z","3000 € ou plus",3.73772,14.1265772647114
"C0Z20","Moins de 1250 €",4.45829,16.849945462338
"C0Z20","De 1250 € à moins de 1500 €",7.78858,29.4366558095271
"C0Z20","De 1500 € à moins de 2000 €",9.9009,37.4200926875691
"C0Z20","De 2000 € à moins de 3000 €",0.57329,2.16672877585437
"C0Z20","3000 € ou plus",3.73772,14.1265772647114
"J0Z","Moins de 1250 €",105.09078,32.3631641744125
"J0Z","De 1250 € à moins de 1500 €",99.99211,30.7930065042425
"J0Z","De 1500 € à moins de 2000 €",96.70782,29.7815950705622
"J0Z","De 2000 € à moins de 3000 €",3.2844,1.01144530866019
"J0Z","3000 € ou plus",19.64833,6.05078894212257
"D3Z","Moins de 1250 €",23.03486,16.7085040673323
"D3Z","De 1250 € à moins de 1500 €",37.9648,27.5380451722067
"D3Z","De 1500 € à moins de 2000 €",54.70784,39.6827316143864
"D3Z","De 2000 € à moins de 3000 €",2.74664,1.99229539973317
"D3Z","3000 € ou plus",19.40895,14.0784237463414
"E0Z21","Moins de 1250 €",20.03402,23.5494459702735
"E0Z21","De 1250 € à moins de 1500 €",23.70528,27.8649123126664
"E0Z21","De 1500 € à moins de 2000 €",34.05736,40.0335009753486
"E0Z21","De 2000 € à moins de 3000 €",0.89998,1.05790202786693
"E0Z21","3000 € ou plus",6.37551,7.49423871384466
"E0Z20","Moins de 1250 €",7.70282,17.8912706536587
"E0Z20","De 1250 € à moins de 1500 €",12.03166,27.9458283424511
"E0Z20","De 1500 € à moins de 2000 €",16.4795,38.2767862597033
"E0Z20","De 2000 € à moins de 3000 €",0.45749,1.06260790351356
"E0Z20","3000 € ou plus",6.38204,14.8235068406734
"E0Z","Moins de 1250 €",37.4946,21.5071625437425
"E0Z","De 1250 € à moins de 1500 €",44.99735,25.8107919670479
"E0Z","De 1500 € à moins de 2000 €",70.27971,40.3129289683605
"E0Z","De 2000 € à moins de 3000 €",2.67398,1.53381346910533
"E0Z","3000 € ou plus",18.88977,10.8353030517438
"B0Z20","Moins de 1250 €",11.87785,13.901460596387
"B0Z20","De 1250 € à moins de 1500 €",19.66886,23.0198126989187
"B0Z20","De 1500 € à moins de 2000 €",39.46923,46.1935405494037
"B0Z20","De 2000 € à moins de 3000 €",1.51453,1.77255809065159
"B0Z20","3000 € ou plus",12.91271,15.112628064639
"K0Z20","Moins de 1250 €",22.73669,62.1121421236539
"K0Z20","De 1250 € à moins de 1500 €",6.95438,18.997991305766
"K0Z20","De 1500 € à moins de 2000 €",5.96127,16.2850111198013
"K0Z20","De 2000 € à moins de 3000 €",0.11628,0.317653971890301
"K0Z20","3000 € ou plus",0.83725,2.2872014788885
"B0Z21","Moins de 1250 €",14.37058,19.7810462828895
"B0Z21","De 1250 € à moins de 1500 €",18.15132,24.9852198739047
"B0Z21","De 1500 € à moins de 2000 €",32.0366,44.0982526346478
"B0Z21","De 2000 € à moins de 3000 €",0.46316,0.637537900097497
"B0Z21","3000 € ou plus",7.62657,10.4979433084605
"B0Z","Moins de 1250 €",26.24843,16.6033256710991
"B0Z","De 1250 € à moins de 1500 €",37.82017,23.922977467465
"B0Z","De 1500 € à moins de 2000 €",71.50583,45.2306893354098
"B0Z","De 2000 € à moins de 3000 €",1.97769,1.25097886412544
"B0Z","3000 € ou plus",20.53928,12.9920286619006
"E0Z23","Moins de 1250 €",0.90156,22.2407515220888
"E0Z23","De 1250 € à moins de 1500 €",0.1289,3.1798581028409
"E0Z23","De 1500 € à moins de 2000 €",1.49718,36.9342122142075
"E0Z23","De 2000 € à moins de 3000 €",NA,NA
"E0Z23","3000 € ou plus",1.526,37.6451781608628
"B3Z","Moins de 1250 €",17.52891,20.6084733250636
"B3Z","De 1250 € à moins de 1500 €",23.74741,27.919469352307
"B3Z","De 1500 € à moins de 2000 €",33.90166,39.8576668934563
"B3Z","De 2000 € à moins de 3000 €",1.91557,2.25210656266088
"B3Z","3000 € ou plus",7.96326,9.36228386651228
"B3Z20","Moins de 1250 €",17.52891,20.6084733250636
"B3Z20","De 1250 € à moins de 1500 €",23.74741,27.919469352307
"B3Z20","De 1500 € à moins de 2000 €",33.90166,39.8576668934563
"B3Z20","De 2000 € à moins de 3000 €",1.91557,2.25210656266088
"B3Z20","3000 € ou plus",7.96326,9.36228386651228
"F0Z","Moins de 1250 €",7.15511,41.9066132363122
"F0Z","De 1250 € à moins de 1500 €",5.24966,30.7466232164339
"F0Z","De 1500 € à moins de 2000 €",3.34276,19.5781407220595
"F0Z","De 2000 € à moins de 3000 €",0.77319,4.52848024533295
"F0Z","3000 € ou plus",0.55322,3.24014257986147
"F0Z20","Moins de 1250 €",7.15511,41.9066132363122
"F0Z20","De 1250 € à moins de 1500 €",5.24966,30.7466232164339
"F0Z20","De 1500 € à moins de 2000 €",3.34276,19.5781407220595
"F0Z20","De 2000 € à moins de 3000 €",0.77319,4.52848024533295
"F0Z20","3000 € ou plus",0.55322,3.24014257986147
"F2Z","Moins de 1250 €",3.85122,17.8461472874108
"F2Z","De 1250 € à moins de 1500 €",7.80275,36.1571205350109
"F2Z","De 1500 € à moins de 2000 €",8.48949,39.3394012637557
"F2Z","De 2000 € à moins de 3000 €",0.51149,2.37019071256323
"F2Z","3000 € ou plus",0.92517,4.28714020125931
"F2Z20","Moins de 1250 €",3.85122,17.8461472874108
"F2Z20","De 1250 € à moins de 1500 €",7.80275,36.1571205350109
"F2Z20","De 1500 € à moins de 2000 €",8.48949,39.3394012637557
"F2Z20","De 2000 € à moins de 3000 €",0.51149,2.37019071256323
"F2Z20","3000 € ou plus",0.92517,4.28714020125931
"E0Z22","Moins de 1250 €",1.48663,6.94237283703172
"E0Z22","De 1250 € à moins de 1500 €",4.42944,20.6849208876868
"E0Z22","De 1500 € à moins de 2000 €",11.08036,51.7438705586008
"E0Z22","De 2000 € à moins de 3000 €",1.21478,5.67286794627405
"E0Z22","3000 € ou plus",3.20265,14.9559677704066
"D3Z20","Moins de 1250 €",23.03486,16.7085040673323
"D3Z20","De 1250 € à moins de 1500 €",37.9648,27.5380451722067
"D3Z20","De 1500 € à moins de 2000 €",54.70784,39.6827316143864
"D3Z20","De 2000 € à moins de 3000 €",2.74664,1.99229539973317
"D3Z20","3000 € ou plus",19.40895,14.0784237463414
"D0Z","Moins de 1250 €",6.18988,14.5540268175487
"D0Z","De 1250 € à moins de 1500 €",10.834,25.4735675879536
"D0Z","De 1500 € à moins de 2000 €",18.32018,43.0755347474134
"D0Z","De 2000 € à moins de 3000 €",2.43637,5.72854309251086
"D0Z","3000 € ou plus",4.74993,11.1683277545734
"D0Z20","Moins de 1250 €",6.18988,14.5540268175487
"D0Z20","De 1250 € à moins de 1500 €",10.834,25.4735675879536
"D0Z20","De 1500 € à moins de 2000 €",18.32018,43.0755347474134
"D0Z20","De 2000 € à moins de 3000 €",2.43637,5.72854309251086
"D0Z20","3000 € ou plus",4.74993,11.1683277545734
"F4Z41","Moins de 1250 €",2.65165,8.07059107838485
"F4Z41","De 1250 € à moins de 1500 €",7.0239,21.3780192240557
"F4Z41","De 1500 € à moins de 2000 €",11.57278,35.2230403786739
"F4Z41","De 2000 € à moins de 3000 €",3.56132,10.8392726865437
"F4Z41","3000 € ou plus",8.04606,24.4890766323418
"C1Z","Moins de 1250 €",2.79801,6.54627919757597
"C1Z","De 1250 € à moins de 1500 €",9.67933,22.6459507383723
"C1Z","De 1500 € à moins de 2000 €",20.86804,48.823276595217
"C1Z","De 2000 € à moins de 3000 €",1.57568,3.6864919017575
"C1Z","3000 € ou plus",7.82093,18.2980015670772
"C1Z40","Moins de 1250 €",2.79801,6.54627919757597
"C1Z40","De 1250 € à moins de 1500 €",9.67933,22.6459507383723
"C1Z40","De 1500 € à moins de 2000 €",20.86804,48.823276595217
"C1Z40","De 2000 € à moins de 3000 €",1.57568,3.6864919017575
"C1Z40","3000 € ou plus",7.82093,18.2980015670772
"G0A","Moins de 1250 €",15.24571,8.29696516645076
"G0A","De 1250 € à moins de 1500 €",29.93424,16.2907038481105
"G0A","De 1500 € à moins de 2000 €",77.08562,41.9512573684177
"G0A","De 2000 € à moins de 3000 €",10.12028,5.50762218582987
"G0A","3000 € ou plus",51.36459,27.9534514311911
"G0A40","Moins de 1250 €",5.14429,5.77558643204407
"G0A40","De 1250 € à moins de 1500 €",11.68917,13.1236403184612
"G0A40","De 1500 € à moins de 2000 €",35.65121,40.0262513897844
"G0A40","De 2000 € à moins de 3000 €",5.66731,6.36279034467103
"G0A40","3000 € ou plus",30.91759,34.7117315150393
"G0A41","Moins de 1250 €",0.92552,2.89267034115895
"G0A41","De 1250 € à moins de 1500 €",3.05746,9.55595109914409
"G0A41","De 1500 € à moins de 2000 €",10.88715,34.027288340337
"G0A41","De 2000 € à moins de 3000 €",2.96264,9.25959553497618
"G0A41","3000 € ou plus",14.16258,44.2644946843838
"J1Z","Moins de 1250 €",53.16017,11.4972192974023
"J1Z","De 1250 € à moins de 1500 €",110.91986,23.9892000882835
"J1Z","De 1500 € à moins de 2000 €",192.74982,41.6869801220505
"J1Z","De 2000 € à moins de 3000 €",16.16916,3.49698615288074
"J1Z","3000 € ou plus",89.37514,19.3296143393829
"D4Z","Moins de 1250 €",9.1704,7.81443128717498
"D4Z","De 1250 € à moins de 1500 €",17.98395,15.3247777138391
"D4Z","De 1500 € à moins de 2000 €",51.46808,43.8578224115442
"D4Z","De 2000 € à moins de 3000 €",8.41814,7.17340318806368
"D4Z","3000 € ou plus",30.31154,25.829565399378
"B4Z44","Moins de 1250 €",6.78011,10.2441451429791
"B4Z44","De 1250 € à moins de 1500 €",12.56488,18.9844197843567
"B4Z44","De 1500 € à moins de 2000 €",37.04351,55.9694596467308
"B4Z44","De 2000 € à moins de 3000 €",2.43743,3.68274064813866
"B4Z44","3000 € ou plus",7.35929,11.1192347777948
"G0B","Moins de 1250 €",9.17608,7.99739999611289
"G0B","De 1250 € à moins de 1500 €",25.74307,22.4363375120895
"G0B","De 1500 € à moins de 2000 €",58.82852,51.2719162887995
"G0B","De 2000 € à moins de 3000 €",4.05834,3.53704068624345
"G0B","3000 € ou plus",16.93228,14.7573055167547
"E1Z","Moins de 1250 €",20.8995,7.48705577097974
"E1Z","De 1250 € à moins de 1500 €",49.19725,17.6244673092099
"E1Z","De 1500 € à moins de 2000 €",119.20123,42.7027563807452
"E1Z","De 2000 € à moins de 3000 €",11.89663,4.26185948451928
"E1Z","3000 € ou plus",77.94716,27.9238610545459
"E1Z44","Moins de 1250 €",0.08071,1.54963894238246
"E1Z44","De 1250 € à moins de 1500 €",0.41296,7.9288675213265
"E1Z44","De 1500 € à moins de 2000 €",2.74271,52.6602679180003
"E1Z44","De 2000 € à moins de 3000 €",0,0
"E1Z44","3000 € ou plus",1.97193,37.8612256182908
"B1Z","Moins de 1250 €",2.84023,3.74486408430852
"B1Z","De 1250 € à moins de 1500 €",9.05321,11.9367237782513
"B1Z","De 1500 € à moins de 2000 €",34.04297,44.8859056048956
"B1Z","De 2000 € à moins de 3000 €",3.27161,4.31364177790693
"B1Z","3000 € ou plus",26.63532,35.1188647546376
"B1Z40","Moins de 1250 €",2.84023,3.74486408430852
"B1Z40","De 1250 € à moins de 1500 €",9.05321,11.9367237782513
"B1Z40","De 1500 € à moins de 2000 €",34.04297,44.8859056048956
"B1Z40","De 2000 € à moins de 3000 €",3.27161,4.31364177790693
"B1Z40","3000 € ou plus",26.63532,35.1188647546376
"B2Z","Moins de 1250 €",17.90588,7.65596972959956
"B2Z","De 1250 € à moins de 1500 €",39.73314,16.9885935291615
"B2Z","De 1500 € à moins de 2000 €",124.26368,53.1310928347921
"B2Z","De 2000 € à moins de 3000 €",6.11754,2.61566038974988
"B2Z","3000 € ou plus",45.86104,19.608683516697
"J1Z40","Moins de 1250 €",50.16039,13.5466970136247
"J1Z40","De 1250 € à moins de 1500 €",103.65647,27.9942558778326
"J1Z40","De 1500 € à moins de 2000 €",160.18458,43.2606678599334
"J1Z40","De 2000 € à moins de 3000 €",6.80529,1.83788845580846
"J1Z40","3000 € ou plus",49.47091,13.3604907928008
"B4Z","Moins de 1250 €",20.63005,7.9287551384973
"B4Z","De 1250 € à moins de 1500 €",42.29484,16.2551923035534
"B4Z","De 1500 € à moins de 2000 €",136.70083,52.5382831500334
"B4Z","De 2000 € à moins de 3000 €",10.16186,3.90551160524042
"B4Z","3000 € ou plus",50.40522,19.3722578026756
"F1Z","Moins de 1250 €",8.70256,18.4259001262756
"F1Z","De 1250 € à moins de 1500 €",16.22068,34.3439895456366
"F1Z","De 1500 € à moins de 2000 €",14.65271,31.0241320989777
"F1Z","De 2000 € à moins de 3000 €",1.13825,2.41001278000188
"F1Z","3000 € ou plus",6.51584,13.7959654491082
"F1Z41","Moins de 1250 €",5.58921,24.0984026407649
"F1Z41","De 1250 € à moins de 1500 €",7.28315,31.4019836780309
"F1Z41","De 1500 € à moins de 2000 €",5.32419,22.9557440775949
"F1Z41","De 2000 € à moins de 3000 €",1.09127,4.70511286027677
"F1Z41","3000 € ou plus",3.90546,16.8387567433326
"F3Z","Moins de 1250 €",3.49,6.37925065556397
"F3Z","De 1250 € à moins de 1500 €",12.99206,23.7477384733887
"F3Z","De 1500 € à moins de 2000 €",28.21136,51.5665721416479
"F3Z","De 2000 € à moins de 3000 €",1.14394,2.09096847992145
"F3Z","3000 € ou plus",8.87126,16.2154702494781
"F3Z41","Moins de 1250 €",3.49,6.37925065556397
"F3Z41","De 1250 € à moins de 1500 €",12.99206,23.7477384733887
"F3Z41","De 1500 € à moins de 2000 €",28.21136,51.5665721416479
"F3Z41","De 2000 € à moins de 3000 €",1.14394,2.09096847992145
"F3Z41","3000 € ou plus",8.87126,16.2154702494781
"F1Z40","Moins de 1250 €",3.11334,12.952411223476
"F1Z40","De 1250 € à moins de 1500 €",8.93753,37.1827567442534
"F1Z40","De 1500 € à moins de 2000 €",9.32853,38.8094318868267
"F1Z40","De 2000 € à moins de 3000 €",0.04698,0.195450634777732
"F1Z40","3000 € ou plus",2.61038,10.8599495106662
"G0A43","Moins de 1250 €",8.3823,14.2067607998957
"G0A43","De 1250 € à moins de 1500 €",14.68814,24.8942285023658
"G0A43","De 1500 € à moins de 2000 €",28.54816,48.3849158819359
"G0A43","De 2000 € à moins de 3000 €",1.49033,2.52588929326183
"G0A43","3000 € ou plus",5.89326,9.98820552254077
"D1Z","Moins de 1250 €",3.48486,3.56155305895021
"D1Z","De 1250 € à moins de 1500 €",12.31144,12.5823840246328
"D1Z","De 1500 € à moins de 2000 €",43.91576,44.8822361197073
"D1Z","De 2000 € à moins de 3000 €",4.54688,4.64694546486216
"D1Z","3000 € ou plus",33.5877,34.3268813318475
"D1Z41","Moins de 1250 €",3.03594,4.00211604863115
"D1Z41","De 1250 € à moins de 1500 €",9.81308,12.9360543866155
"D1Z41","De 1500 € à moins de 2000 €",33.34802,43.9608971297432
"D1Z41","De 2000 € à moins de 3000 €",2.8256,3.72483616507974
"D1Z41","3000 € ou plus",26.83573,35.3760962699304
"D2Z","Moins de 1250 €",7.14295,5.91242383345108
"D2Z","De 1250 € à moins de 1500 €",17.46765,14.4584730642636
"D2Z","De 1500 € à moins de 2000 €",59.75131,49.4578667530815
"D2Z","De 2000 € à moins de 3000 €",5.28389,4.37362674655903
"D2Z","3000 € ou plus",31.16675,25.7976096026448
"S3Z","Moins de 1250 €",0.60953,1.18846417819651
"S3Z","De 1250 € à moins de 1500 €",2.61972,5.10794116270726
"S3Z","De 1500 € à moins de 2000 €",8.49664,16.5667846948166
"S3Z","De 2000 € à moins de 3000 €",16.25713,31.6982209986117
"S3Z","3000 € ou plus",23.30418,45.4385889656678
"N0Z","Moins de 1250 €",5.44573,1.69800254051984
"N0Z","De 1250 € à moins de 1500 €",8.9156,2.77992325184294
"N0Z","De 1500 € à moins de 2000 €",25.53861,7.96305080518963
"N0Z","De 2000 € à moins de 3000 €",175.39995,54.6904750523902
"N0Z","3000 € ou plus",105.414,32.8685483500574
"J6Z91","Moins de 1250 €",0.37607,2.15386007555434
"J6Z91","De 1250 € à moins de 1500 €",0.72121,4.13057522559776
"J6Z91","De 1500 € à moins de 2000 €",2.90908,16.6611302911523
"J6Z91","De 2000 € à moins de 3000 €",11.67591,66.871264378349
"J6Z91","3000 € ou plus",1.77801,10.1831700293466
"V2Z93","Moins de 1250 €",0.7114,2.5081610426955
"V2Z93","De 1250 € à moins de 1500 €",1.28408,4.52724125907287
"V2Z93","De 1500 € à moins de 2000 €",1.5429,5.43975495189048
"V2Z93","De 2000 € à moins de 3000 €",12.24335,43.166001549179
"V2Z93","3000 € ou plus",12.58168,44.3588411971621
"U1Z81","Moins de 1250 €",0.16547,4.17220329752068
"U1Z81","De 1250 € à moins de 1500 €",0.59487,14.999205750868
"U1Z81","De 1500 € à moins de 2000 €",0.48265,12.1696617002983
"U1Z81","De 2000 € à moins de 3000 €",0.72852,18.3690913537787
"U1Z81","3000 € ou plus",1.9945,50.2898378975343
"E1Z40","Moins de 1250 €",1.31057,3.83687436012815
"E1Z40","De 1250 € à moins de 1500 €",5.27994,15.4577522826061
"E1Z40","De 1500 € à moins de 2000 €",17.75246,51.9727741388866
"E1Z40","De 2000 € à moins de 3000 €",0.53912,1.57834812717542
"E1Z40","3000 € ou plus",9.27514,27.1542510912038
"B4Z41","Moins de 1250 €",3.747,5.46838537712595
"B4Z41","De 1250 € à moins de 1500 €",8.33998,12.1713970316314
"B4Z41","De 1500 € à moins de 2000 €",36.72108,53.5908772095736
"B4Z41","De 2000 € à moins de 3000 €",1.74466,2.54616312571566
"B4Z41","3000 € ou plus",17.96842,26.2231772559534
"X","Moins de 1250 €",10.45694,43.622348520244
"X","De 1250 € à moins de 1500 €",3.58458,14.9534948138458
"X","De 1500 € à moins de 2000 €",2.47,10.3038939541589
"X","De 2000 € à moins de 3000 €",3.30991,13.8076767764414
"X","3000 € ou plus",4.15009,17.3125859353099
"W0Z80","Moins de 1250 €",2.03925,0.632025266505924
"W0Z80","De 1250 € à moins de 1500 €",7.71763,2.3919270111777
"W0Z80","De 1500 € à moins de 2000 €",88.45784,27.4157606475608
"W0Z80","De 2000 € à moins de 3000 €",12.97943,4.02271801144783
"W0Z80","3000 € ou plus",211.45909,65.5375690633077
"W0Z90","Moins de 1250 €",4.98899,1.15348836133922
"W0Z90","De 1250 € à moins de 1500 €",10.24698,2.36917134908584
"W0Z90","De 1500 € à moins de 2000 €",87.69349,20.2753302933494
"W0Z90","De 2000 € à moins de 3000 €",77.94469,18.0213415427157
"W0Z90","3000 € ou plus",251.6391,58.1806684535098
"W0Z92","Moins de 1250 €",1.47552,1.37817778691465
"W0Z92","De 1250 € à moins de 1500 €",1.96647,1.83673909715494
"W0Z92","De 1500 € à moins de 2000 €",9.15674,8.55265646589194
"W0Z92","De 2000 € à moins de 3000 €",55.0087,51.3796955832873
"W0Z92","3000 € ou plus",39.45568,36.8527310667512
"V5Z","Moins de 1250 €",51.2601,25.5134598667738
"V5Z","De 1250 € à moins de 1500 €",53.98309,26.8687614772394
"V5Z","De 1500 € à moins de 2000 €",58.19175,28.963518959236
"V5Z","De 2000 € à moins de 3000 €",7.6872,3.82611560819943
"V5Z","3000 € ou plus",29.79181,14.8281440885513
"V4Z85","Moins de 1250 €",3.67736,5.68235163591513
"V4Z85","De 1250 € à moins de 1500 €",10.37318,16.0289056123529
"V4Z85","De 1500 € à moins de 2000 €",25.3828,39.222158043843
"V4Z85","De 2000 € à moins de 3000 €",1.94248,3.00157025848229
"V4Z85","3000 € ou plus",23.33964,36.0650144494067
"V4Z","Moins de 1250 €",11.8198,4.24430016212998
"V4Z","De 1250 € à moins de 1500 €",43.34748,15.5653832037705
"V4Z","De 1500 € à moins de 2000 €",124.43757,44.6835308995128
"V4Z","De 2000 € à moins de 3000 €",14.2298,5.10969241840617
"V4Z","3000 € ou plus",84.65178,30.3970933161806
"V5Z81","Moins de 1250 €",22.52533,23.1075122165396
"V5Z81","De 1250 € à moins de 1500 €",30.41284,31.198880186868
"V5Z81","De 1500 € à moins de 2000 €",31.78801,32.6095923750943
"V5Z81","De 2000 € à moins de 3000 €",3.81686,3.91550929903453
"V5Z81","3000 € ou plus",8.93751,9.16850592246351
"V4Z80","Moins de 1250 €",0.09728,1.84939801410242
"V4Z80","De 1250 € à moins de 1500 €",0.42566,8.09225697659165
"V4Z80","De 1500 € à moins de 2000 €",0.7407,14.0815081110779
"V4Z80","De 2000 € à moins de 3000 €",0.2206,4.19384459201268
"V4Z80","3000 € ou plus",3.77585,71.7829923062153
"U0Z","Moins de 1250 €",7.7092,5.45061464001777
"U0Z","De 1250 € à moins de 1500 €",7.22717,5.10980628442604
"U0Z","De 1500 € à moins de 2000 €",22.61329,15.9882127241436
"U0Z","De 2000 € à moins de 3000 €",57.07312,40.3522522990052
"U0Z","3000 € ou plus",46.81448,33.0991140524074
"X0Z00","Moins de 1250 €",4.10113,33.6218550707053
"X0Z00","De 1250 € à moins de 1500 €",2.46948,20.245273536807
"X0Z00","De 1500 € à moins de 2000 €",1.36064,11.154789261351
"X0Z00","De 2000 € à moins de 3000 €",1.62893,13.3542824490626
"X0Z00","3000 € ou plus",2.63763,21.6237996820741
"X0Z","Moins de 1250 €",10.45694,43.622348520244
"X0Z","De 1250 € à moins de 1500 €",3.58458,14.9534948138458
"X0Z","De 1500 € à moins de 2000 €",2.47,10.3038939541589
"X0Z","De 2000 € à moins de 3000 €",3.30991,13.8076767764414
"X0Z","3000 € ou plus",4.15009,17.3125859353099
"U1Z","Moins de 1250 €",24.60866,13.061917977198
"U1Z","De 1250 € à moins de 1500 €",18.90636,10.0352202666613
"U1Z","De 1500 € à moins de 2000 €",45.34189,24.0668142073211
"U1Z","De 2000 € à moins de 3000 €",35.70007,18.9490767120285
"U1Z","3000 € ou plus",63.84307,33.8869708367912
"U1Z80","Moins de 1250 €",9.39525,11.6608897462735
"U1Z80","De 1250 € à moins de 1500 €",7.59753,9.42965431191349
"U1Z80","De 1500 € à moins de 2000 €",16.32211,20.2581437573825
"U1Z80","De 2000 € à moins de 3000 €",19.67471,24.4192144008839
"U1Z80","3000 € ou plus",27.58101,34.2320977835466
"P3Z90","Moins de 1250 €",1.3438,16.5815460891218
"P3Z90","De 1250 € à moins de 1500 €",0,0
"P3Z90","De 1500 € à moins de 2000 €",0.28703,3.54174815743461
"P3Z90","De 2000 € à moins de 3000 €",5.73223,70.7316832403979
"P3Z90","3000 € ou plus",0.74113,9.14502251304572
"P3Z","Moins de 1250 €",1.3438,8.25399048315757
"P3Z","De 1250 € à moins de 1500 €",0,0
"P3Z","De 1500 € à moins de 2000 €",0.28703,1.7630174790748
"P3Z","De 2000 € à moins de 3000 €",12.99758,79.834723637505
"P3Z","3000 € ou plus",1.6522,10.1482684002626
"B2Z41","Moins de 1250 €",0.49459,6.27994174493474
"B2Z41","De 1250 € à moins de 1500 €",0.81121,10.3001507165703
"B2Z41","De 1500 € à moins de 2000 €",3.79492,48.1851160085884
"B2Z41","De 2000 € à moins de 3000 €",0.51305,6.51433331090149
"B2Z41","3000 € ou plus",2.26194,28.720458219005
"P1Z","Moins de 1250 €",8.00529,2.43039072709434
"P1Z","De 1250 € à moins de 1500 €",26.42216,8.02171722121286
"P1Z","De 1500 € à moins de 2000 €",118.66952,36.0278392159106
"P1Z","De 2000 € à moins de 3000 €",13.94139,4.23257932926925
"P1Z","3000 € ou plus",162.34448,49.287473506513
"R3Z82","Moins de 1250 €",2.61641,2.89128824278772
"R3Z82","De 1250 € à moins de 1500 €",8.36854,9.24773308132087
"R3Z82","De 1500 € à moins de 2000 €",32.70936,36.1457829610462
"R3Z82","De 2000 € à moins de 3000 €",8.26336,9.13150294255195
"R3Z82","3000 € ou plus",38.53521,42.5836927722932
"P1Z82","Moins de 1250 €",0.06995,0.513005552487545
"P1Z82","De 1250 € à moins de 1500 €",0.94436,6.92583164470533
"P1Z82","De 1500 € à moins de 2000 €",5.99154,43.9412907498388
"P1Z82","De 2000 € à moins de 3000 €",0.59329,4.35112314846799
"P1Z82","3000 € ou plus",6.03619,44.2687489045003
"V3Z","Moins de 1250 €",7.86669,4.21395680853499
"V3Z","De 1250 € à moins de 1500 €",27.069,14.5000752349761
"V3Z","De 1500 € à moins de 2000 €",76.04886,40.737160276854
"V3Z","De 2000 € à moins de 3000 €",9.88158,5.29327472165335
"V3Z","3000 € ou plus",65.81566,35.2555329579816
"V3Z90","Moins de 1250 €",0.24519,1.33425407149107
"V3Z90","De 1250 € à moins de 1500 €",0.39117,2.1286356097115
"V3Z90","De 1500 € à moins de 2000 €",3.83095,20.846937620534
"V3Z90","De 2000 € à moins de 3000 €",1.88109,10.2363554441092
"V3Z90","3000 € ou plus",12.02816,65.4538172541542
"A3Z40","Moins de 1250 €",0.70862,8.87338934872713
"A3Z40","De 1250 € à moins de 1500 €",2.42124,30.3189371266858
"A3Z40","De 1500 € à moins de 2000 €",2.43128,30.4446587109781
"A3Z40","De 2000 € à moins de 3000 €",0.654,8.18943387720858
"A3Z40","3000 € ou plus",1.77076,22.1735809364004
"R2Z83","Moins de 1250 €",8.59443,11.6452361592372
"R2Z83","De 1250 € à moins de 1500 €",12.91943,17.5055022139611
"R2Z83","De 1500 € à moins de 2000 €",20.32902,27.5453100189141
"R2Z83","De 2000 € à moins de 3000 €",10.11344,13.7034564458929
"R2Z83","3000 € ou plus",21.84579,29.6004951619947
"J4Z80","Moins de 1250 €",0.97473,1.33638506557847
"J4Z80","De 1250 € à moins de 1500 €",2.18827,3.00018604890934
"J4Z80","De 1500 € à moins de 2000 €",18.05548,24.7546231508733
"J4Z80","De 2000 € à moins de 3000 €",9.12487,12.5104798183548
"J4Z80","3000 € ou plus",42.59446,58.398325916284
"J1Z80","Moins de 1250 €",2.99978,3.25721354696285
"J1Z80","De 1250 € à moins de 1500 €",7.26339,7.88671579411641
"J1Z80","De 1500 € à moins de 2000 €",32.56524,35.3599066891894
"J1Z80","De 2000 € à moins de 3000 €",9.36387,10.1674536852699
"J1Z80","3000 € ou plus",39.90423,43.3287102844614
"D1Z40","Moins de 1250 €",0.44892,2.04163494519348
"D1Z40","De 1250 € à moins de 1500 €",2.49836,11.3622451253533
"D1Z40","De 1500 € à moins de 2000 €",10.56774,48.0608288241089
"D1Z40","De 2000 € à moins de 3000 €",1.72127,7.8281319213071
"D1Z40","3000 € ou plus",6.75197,30.7071591840373
"V1Z81","Moins de 1250 €",0.40506,3.12740311118935
"V1Z81","De 1250 € à moins de 1500 €",0,0
"V1Z81","De 1500 € à moins de 2000 €",1.92511,14.8634646802492
"V1Z81","De 2000 € à moins de 3000 €",1.48524,11.4672991578109
"V1Z81","3000 € ou plus",9.13655,70.5418330507506
"V","Moins de 1250 €",137.24011,7.94499927563594
"V","De 1250 € à moins de 1500 €",291.55843,16.8786771968891
"V","De 1500 € à moins de 2000 €",699.89696,40.517898449803
"V","De 2000 € à moins de 3000 €",145.65639,8.43222810767017
"V","3000 € ou plus",453.02536,26.2261969700018
"L0Z","Moins de 1250 €",36.81798,14.6694127040179
"L0Z","De 1250 € à moins de 1500 €",64.8687,25.8456800691708
"L0Z","De 1500 € à moins de 2000 €",114.85563,45.7620064395163
"L0Z","De 2000 € à moins de 3000 €",3.62594,1.44468572963554
"L0Z","3000 € ou plus",30.81644,12.2782150576595
"L0Z60","Moins de 1250 €",36.81798,14.6694127040179
"L0Z60","De 1250 € à moins de 1500 €",64.8687,25.8456800691708
"L0Z60","De 1500 € à moins de 2000 €",114.85563,45.7620064395163
"L0Z60","De 2000 € à moins de 3000 €",3.62594,1.44468572963554
"L0Z60","3000 € ou plus",30.81644,12.2782150576595
"L3Z","Moins de 1250 €",3.9683,3.40519104783915
"L3Z","De 1250 € à moins de 1500 €",10.52589,9.03224715836494
"L3Z","De 1500 € à moins de 2000 €",48.79877,41.8741362169094
"L3Z","De 2000 € à moins de 3000 €",8.47854,7.27541982883001
"L3Z","3000 € ou plus",44.76528,38.4130057480565
"L3Z80","Moins de 1250 €",3.9683,3.40519104783915
"L3Z80","De 1250 € à moins de 1500 €",10.52589,9.03224715836494
"L3Z80","De 1500 € à moins de 2000 €",48.79877,41.8741362169094
"L3Z80","De 2000 € à moins de 3000 €",8.47854,7.27541982883001
"L3Z80","3000 € ou plus",44.76528,38.4130057480565
"S2Z61","Moins de 1250 €",46.38021,36.1048296413237
"S2Z61","De 1250 € à moins de 1500 €",39.71147,30.9135266777908
"S2Z61","De 1500 € à moins de 2000 €",34.15085,26.584843435517
"S2Z61","De 2000 € à moins de 3000 €",1.49323,1.16240988915992
"S2Z61","3000 € ou plus",6.72409,5.23439035620857
"T","Moins de 1250 €",424.53537,28.5965852149744
"T","De 1250 € à moins de 1500 €",472.73539,31.8433252434754
"T","De 1500 € à moins de 2000 €",458.28235,30.8697724627603
"T","De 2000 € à moins de 3000 €",21.94756,1.47838157701858
"T","3000 € ou plus",107.06599,7.21193550177127
"D2Z42","Moins de 1250 €",3.77846,8.74931314212383
"D2Z42","De 1250 € à moins de 1500 €",5.86578,13.5826622599702
"D2Z42","De 1500 € à moins de 2000 €",19.54674,45.2619715883396
"D2Z42","De 2000 € à moins de 3000 €",2.49149,5.76923566756565
"D2Z42","3000 € ou plus",11.50332,26.6368173420007
"V5Z82","Moins de 1250 €",6.68264,13.9685363872488
"V5Z82","De 1250 € à moins de 1500 €",10.87071,22.7227425374148
"V5Z82","De 1500 € à moins de 2000 €",17.74617,37.0943252037075
"V5Z82","De 2000 € à moins de 3000 €",2.40074,5.01819999974917
"V5Z82","3000 € ou plus",10.1404,21.1961958718797
"V3Z71","Moins de 1250 €",2.34161,7.14776294534439
"V3Z71","De 1250 € à moins de 1500 €",5.24587,16.0130146361238
"V3Z71","De 1500 € à moins de 2000 €",13.11194,40.0241880046544
"V3Z71","De 2000 € à moins de 3000 €",2.11814,6.46562092109778
"V3Z71","3000 € ou plus",9.94248,30.3494134927796
"V5Z84","Moins de 1250 €",22.05213,39.6672624875501
"V5Z84","De 1250 € à moins de 1500 €",12.69954,22.8438698053722
"V5Z84","De 1500 € à moins de 2000 €",8.65758,15.5732121281239
"V5Z84","De 2000 € à moins de 3000 €",1.46961,2.64352720686521
"V5Z84","3000 € ou plus",10.71391,19.2721283720887
"T2Z","Moins de 1250 €",194.2874,43.5945961094763
"T2Z","De 1250 € à moins de 1500 €",97.23613,21.818037683342
"T2Z","De 1500 € à moins de 2000 €",98.50977,22.1038195785594
"T2Z","De 2000 € à moins de 3000 €",9.69777,2.17600506421207
"T2Z","3000 € ou plus",45.93747,10.3075415644102
"T2Z60","Moins de 1250 €",194.2874,43.5945961094763
"T2Z60","De 1250 € à moins de 1500 €",97.23613,21.818037683342
"T2Z60","De 1500 € à moins de 2000 €",98.50977,22.1038195785594
"T2Z60","De 2000 € à moins de 3000 €",9.69777,2.17600506421207
"T2Z60","3000 € ou plus",45.93747,10.3075415644102
"M1Z80","Moins de 1250 €",6.01399,7.84822238250451
"M1Z80","De 1250 € à moins de 1500 €",6.80034,8.87440461268488
"M1Z80","De 1500 € à moins de 2000 €",26.83884,35.0245319344491
"M1Z80","De 2000 € à moins de 3000 €",6.3159,8.24221319717197
"M1Z80","3000 € ou plus",30.65962,40.0106278731895
"M1Z","Moins de 1250 €",10.85516,6.55698372804726
"M1Z","De 1250 € à moins de 1500 €",16.45631,9.94031934063629
"M1Z","De 1500 € à moins de 2000 €",63.60237,38.4185682343919
"M1Z","De 2000 € à moins de 3000 €",14.79158,8.93475078875939
"M1Z","3000 € ou plus",59.8457,36.1493779081652
"Q1Z80","Moins de 1250 €",2.33148,3.5184057282521
"Q1Z80","De 1250 € à moins de 1500 €",1.99473,3.010220743183
"Q1Z80","De 1500 € à moins de 2000 €",21.26422,32.0895540407007
"Q1Z80","De 2000 € à moins de 3000 €",9.48157,14.3085122758176
"Q1Z80","3000 € ou plus",31.19324,47.0733072120466
"Q1Z","Moins de 1250 €",4.60719,3.11200107534217
"Q1Z","De 1250 € à moins de 1500 €",9.75591,6.58978735648877
"Q1Z","De 1500 € à moins de 2000 €",50.88668,34.3722318551206
"Q1Z","De 2000 € à moins de 3000 €",16.88334,11.4041253422081
"Q1Z","3000 € ou plus",65.91278,44.5218543708404
"M1Z81","Moins de 1250 €",4.84117,5.44426253806408
"M1Z81","De 1250 € à moins de 1500 €",9.65597,10.8588700127594
"M1Z81","De 1500 € à moins de 2000 €",36.76352,41.343364249421
"M1Z81","De 2000 € à moins de 3000 €",8.47568,9.53154446313989
"M1Z81","3000 € ou plus",29.18608,32.8219587366156
"Q1Z81","Moins de 1250 €",2.27571,2.78269947931455
"Q1Z81","De 1250 € à moins de 1500 €",7.76119,9.49025111805163
"Q1Z81","De 1500 € à moins de 2000 €",29.62245,36.2218279969861
"Q1Z81","De 2000 € à moins de 3000 €",7.40177,9.05075845560552
"Q1Z81","3000 € ou plus",34.71954,42.4544629500422
"E2Z70","Moins de 1250 €",4.44274,3.36647927042769
"E2Z70","De 1250 € à moins de 1500 €",6.88514,5.21720404164828
"E2Z70","De 1500 € à moins de 2000 €",39.60126,30.0077926848785
"E2Z70","De 2000 € à moins de 3000 €",23.69446,17.9544399208547
"E2Z70","3000 € ou plus",57.34632,43.4540840821908
"L4Z80","Moins de 1250 €",15.24662,6.15624310171266
"L4Z80","De 1250 € à moins de 1500 €",32.59051,13.1593167776725
"L4Z80","De 1500 € à moins de 2000 €",97.2887,39.2829944111936
"L4Z80","De 2000 € à moins de 3000 €",18.57814,7.50143613585516
"L4Z80","3000 € ou plus",83.95714,33.9000095735661
"L4Z","Moins de 1250 €",21.9051,5.71982470703886
"L4Z","De 1250 € à moins de 1500 €",44.77198,11.6907878707264
"L4Z","De 1500 € à moins de 2000 €",139.47037,36.4182801368563
"L4Z","De 2000 € à moins de 3000 €",38.36382,10.017499371945
"L4Z","3000 € ou plus",138.45676,36.1536079134334
"L4Z81","Moins de 1250 €",6.65848,4.92101956056645
"L4Z81","De 1250 € à moins de 1500 €",12.18147,9.00284331355706
"L4Z81","De 1500 € à moins de 2000 €",42.18167,31.1748061370401
"L4Z81","De 2000 € à moins de 3000 €",19.78568,14.6228145611474
"L4Z81","3000 € ou plus",54.49962,40.278516427689
"J5Z80","Moins de 1250 €",1.78951,3.14725500924298
"J5Z80","De 1250 € à moins de 1500 €",8.54852,15.0344912247564
"J5Z80","De 1500 € à moins de 2000 €",20.61445,36.2551374539896
"J5Z80","De 2000 € à moins de 3000 €",5.9992,10.5509397832091
"J5Z80","3000 € ou plus",19.90771,35.012176528802
"D6Z70","Moins de 1250 €",3.58315,2.69538869368261
"D6Z70","De 1250 € à moins de 1500 €",6.83593,5.14225986431095
"D6Z70","De 1500 € à moins de 2000 €",37.89652,28.5072775457117
"D6Z70","De 2000 € à moins de 3000 €",19.56698,14.7190646948952
"D6Z70","3000 € ou plus",65.05372,48.9360092013995
"C2Z70","Moins de 1250 €",2.17142,2.1142290471598
"C2Z70","De 1250 € à moins de 1500 €",8.42281,8.2009696699432
"C2Z70","De 1500 € à moins de 2000 €",41.96725,40.8619147743952
"C2Z70","De 2000 € à moins de 3000 €",9.50486,9.25452059075966
"C2Z70","3000 € ou plus",40.63871,39.5683659177421
"A2Z70","Moins de 1250 €",2.98033,7.08276891341442
"A2Z70","De 1250 € à moins de 1500 €",4.04129,9.60414557518549
"A2Z70","De 1500 € à moins de 2000 €",15.14676,35.9963496884402
"A2Z70","De 2000 € à moins de 3000 €",3.24516,7.71213871183927
"A2Z70","3000 € ou plus",16.66506,39.6045971111206
"C2Z","Moins de 1250 €",2.75574,2.29912886831974
"C2Z","De 1250 € à moins de 1500 €",9.51809,7.94099424846517
"C2Z","De 1500 € à moins de 2000 €",45.64818,38.0845248188347
"C2Z","De 2000 € à moins de 3000 €",12.48675,10.4177634306907
"C2Z","3000 € ou plus",49.45142,41.2575886336897
"G1Z","Moins de 1250 €",13.58231,3.16707257994262
"G1Z","De 1250 € à moins de 1500 €",29.90743,6.97370340461626
"G1Z","De 1500 € à moins de 2000 €",147.60947,34.4190277630877
"G1Z","De 2000 € à moins de 3000 €",48.27161,11.2557946638447
"G1Z","3000 € ou plus",189.48926,44.1844015885088
"G1Z70","Moins de 1250 €",7.38971,2.84223988061355
"G1Z70","De 1250 € à moins de 1500 €",17.21381,6.62079801227711
"G1Z70","De 1500 € à moins de 2000 €",81.71759,31.4303258511669
"G1Z70","De 2000 € à moins de 3000 €",31.04035,11.938779827382
"G1Z70","3000 € ou plus",122.63454,47.1678564285604
"E2Z","Moins de 1250 €",6.71985,3.23539652884276
"E2Z","De 1250 € à moins de 1500 €",11.81547,5.68877737221006
"E2Z","De 1500 € à moins de 2000 €",59.64932,28.7192724355203
"E2Z","De 2000 € à moins de 3000 €",36.89166,17.7621745585463
"E2Z","3000 € ou plus",92.62158,44.5943791048806
"D6Z","Moins de 1250 €",5.88222,2.48474118873903
"D6Z","De 1250 € à moins de 1500 €",9.89019,4.17777003537012
"D6Z","De 1500 € à moins de 2000 €",67.89968,28.6818805821951
"D6Z","De 2000 € à moins de 3000 €",35.60474,15.0399957826032
"D6Z","3000 € ou plus",117.45688,49.6156124110926
"F5Z","Moins de 1250 €",0.58818,2.27951121773134
"F5Z","De 1250 € à moins de 1500 €",2.88358,11.1754105158722
"F5Z","De 1500 € à moins de 2000 €",8.9085,34.5251890291401
"F5Z","De 2000 € à moins de 3000 €",3.95533,15.3290134054699
"F5Z","3000 € ou plus",9.46731,36.6908758317863
"F5Z70","Moins de 1250 €",0.58818,2.27951121773134
"F5Z70","De 1250 € à moins de 1500 €",2.88358,11.1754105158722
"F5Z70","De 1500 € à moins de 2000 €",8.9085,34.5251890291401
"F5Z70","De 2000 € à moins de 3000 €",3.95533,15.3290134054699
"F5Z70","3000 € ou plus",9.46731,36.6908758317863
"B6Z","Moins de 1250 €",8.25238,3.1742008282698
"B6Z","De 1250 € à moins de 1500 €",15.45635,5.94514055000229
"B6Z","De 1500 € à moins de 2000 €",87.73279,33.7455975954113
"B6Z","De 2000 € à moins de 3000 €",28.3887,10.9194480929747
"B6Z","3000 € ou plus",120.1527,46.2156129333419
"A2Z","Moins de 1250 €",2.98033,5.39108731255836
"A2Z","De 1250 € à moins de 1500 €",4.24945,7.6867850138579
"A2Z","De 1500 € à moins de 2000 €",16.85202,30.483440160311
"A2Z","De 2000 € à moins de 3000 €",7.93044,14.3452887656754
"A2Z","3000 € ou plus",23.2703,42.0933987475973
"B6Z71","Moins de 1250 €",5.10296,3.76050987106575
"B6Z71","De 1250 € à moins de 1500 €",10.1164,7.45505002187937
"B6Z71","De 1500 € à moins de 2000 €",53.44469,39.3848441494836
"B6Z71","De 2000 € à moins de 3000 €",11.88809,8.76065651957256
"B6Z71","3000 € ou plus",55.14648,40.6389394379987
"G1Z71","Moins de 1250 €",5.99047,4.07007507918019
"G1Z71","De 1250 € à moins de 1500 €",12.05302,8.18912311235352
"G1Z71","De 1500 € à moins de 2000 €",55.98792,38.0395925406745
"G1Z71","De 2000 € à moins de 3000 €",15.74198,10.6954947600026
"G1Z71","3000 € ou plus",57.40989,39.0057145077892
"V3Z70","Moins de 1250 €",3.83365,3.59864414289255
"V3Z70","De 1250 € à moins de 1500 €",19.37949,18.1915115309808
"V3Z70","De 1500 € à moins de 2000 €",45.12634,42.3600587250212
"V3Z70","De 2000 € à moins de 3000 €",4.39352,4.12419365739733
"V3Z70","3000 € ou plus",33.7974,31.7255919437081
"Ensemble","Moins de 1250 €",1923.90844,10.3678051078558
"Ensemble","De 1250 € à moins de 1500 €",2892.19065,15.5858087477192
"Ensemble","De 1500 € à moins de 2000 €",5784.50312,31.1722739747137
"Ensemble","De 2000 € à moins de 3000 €",2775.62824,14.9576622493433
"Ensemble","3000 € ou plus",5180.33403,27.916449920368
"J","Moins de 1250 €",215.41742,12.2240911917456
"J","De 1250 € à moins de 1500 €",337.42176,19.1473575550172
"J","De 1500 € à moins de 2000 €",660.62912,37.488103825599
"J","De 2000 € à moins de 3000 €",113.36149,6.43281862438127
"J","3000 € ou plus",435.4069,24.7076288032568
"D2Z41","Moins de 1250 €",0,0
"D2Z41","De 1250 € à moins de 1500 €",1.42665,13.0492168549069
"D2Z41","De 1500 € à moins de 2000 €",5.79412,52.9973913457071
"D2Z41","De 2000 € à moins de 3000 €",0.77806,7.11672355947768
"D2Z41","3000 € ou plus",2.93401,26.8366682399084
"R1Z67","Moins de 1250 €",22.01707,40.66972105762
"R1Z67","De 1250 € à moins de 1500 €",16.72591,30.8959409283277
"R1Z67","De 1500 € à moins de 2000 €",12.91233,23.8515324384188
"R1Z67","De 2000 € à moins de 3000 €",0.43691,0.807055971902017
"R1Z67","3000 € ou plus",2.04405,3.77574960373147
"R1Z","Moins de 1250 €",176.5276,29.8912563559152
"R1Z","De 1250 € à moins de 1500 €",211.2188,35.7654853857912
"R1Z","De 1500 € à moins de 2000 €",154.67615,26.1911703993936
"R1Z","De 2000 € à moins de 3000 €",6.18767,1.04775247732256
"R1Z","3000 € ou plus",41.95579,7.10433538157741
"R1Z61","Moins de 1250 €",18.06863,18.6097800727804
"R1Z61","De 1250 € à moins de 1500 €",31.50414,32.4476795851198
"R1Z61","De 1500 € à moins de 2000 €",32.54765,33.5224423980031
"R1Z61","De 2000 € à moins de 3000 €",2.37622,2.44738707940459
"R1Z61","3000 € ou plus",12.59548,12.9727108646922
"R1Z63","Moins de 1250 €",4.3631,10.0218624571675
"R1Z63","De 1250 € à moins de 1500 €",7.82179,17.9663320915972
"R1Z63","De 1500 € à moins de 2000 €",21.46379,49.3014487840128
"R1Z63","De 2000 € à moins de 3000 €",1.01886,2.3402797971877
"R1Z63","3000 € ou plus",8.86828,20.3700768700348
"R1Z62","Moins de 1250 €",58.26215,37.1473175347231
"R1Z62","De 1250 € à moins de 1500 €",50.63663,32.2853683480319
"R1Z62","De 1500 € à moins de 2000 €",38.81111,24.7455445266793
"R1Z62","De 2000 € à moins de 3000 €",0.83113,0.529919510739553
"R1Z62","3000 € ou plus",8.29978,5.29185007982617
"R1Z60","Moins de 1250 €",38.57121,32.9108330411668
"R1Z60","De 1250 € à moins de 1500 €",44.47797,37.9507680645752
"R1Z60","De 1500 € à moins de 2000 €",26.6635,22.7505955035673
"R1Z60","De 2000 € à moins de 3000 €",1.52456,1.30082876895076
"R1Z60","3000 € ou plus",5.96189,5.08697462173994
"R1Z66","Moins de 1250 €",35.24543,28.9461963749407
"R1Z66","De 1250 € à moins de 1500 €",60.05234,49.3194955038059
"R1Z66","De 1500 € à moins de 2000 €",22.27778,18.2961874682115
"R1Z66","De 2000 € à moins de 3000 €",0,0
"R1Z66","3000 € ou plus",4.18632,3.43812065304188
"A1Z42","Moins de 1250 €",23.91779,43.4640288299264
"A1Z42","De 1250 € à moins de 1500 €",14.60405,26.5388587421198
"A1Z42","De 1500 € à moins de 2000 €",13.48681,24.5085812135544
"A1Z42","De 2000 € à moins de 3000 €",0.09478,0.172236676235573
"A1Z42","3000 € ou plus",2.9255,5.31629453816383
"V2Z92","Moins de 1250 €",0,0
"V2Z92","De 1250 € à moins de 1500 €",0,0
"V2Z92","De 1500 € à moins de 2000 €",0.14503,3.36674621377434
"V2Z92","De 2000 € à moins de 3000 €",1.84349,42.7950284605313
"V2Z92","3000 € ou plus",2.3192,53.8382253256943
"U1Z92","Moins de 1250 €",0.1279,13.8082179949474
"U1Z92","De 1250 € à moins de 1500 €",0,0
"U1Z92","De 1500 € à moins de 2000 €",0.43684,47.1617040571762
"U1Z92","De 2000 € à moins de 3000 €",0.14413,15.5604257983719
"U1Z92","3000 € ou plus",0.21739,23.4696521495045
"B4Z43","Moins de 1250 €",6.47807,8.52894867426838
"B4Z43","De 1250 € à moins de 1500 €",11.37904,14.9815065478525
"B4Z43","De 1500 € à moins de 2000 €",40.66106,53.5338602054851
"B4Z43","De 2000 € à moins de 3000 €",3.16113,4.16190555561919
"B4Z43","3000 € ou plus",14.27461,18.7937790167748
"C","Moins de 1250 €",10.01205,5.29567316783291
"C","De 1250 € à moins de 1500 €",26.986,14.2737037976377
"C","De 1500 € à moins de 2000 €",76.41712,40.419303933467
"C","De 2000 € à moins de 3000 €",14.63572,7.74127073835184
"C","3000 € ou plus",61.01006,32.2700483627105
"A0Z41","Moins de 1250 €",11.31011,33.3874139234494
"A0Z41","De 1250 € à moins de 1500 €",9.48287,27.9934064188819
"A0Z41","De 1500 € à moins de 2000 €",9.82739,29.0104285207807
"A0Z41","De 2000 € à moins de 3000 €",0.18316,0.540687821269554
"A0Z41","3000 € ou plus",3.07184,9.0680633156184
"N","Moins de 1250 €",5.44573,1.69800254051984
"N","De 1250 € à moins de 1500 €",8.9156,2.77992325184294
"N","De 1500 € à moins de 2000 €",25.53861,7.96305080518963
"N","De 2000 € à moins de 3000 €",175.39995,54.6904750523902
"N","3000 € ou plus",105.414,32.8685483500574
